ISO-10303-21;
HEADER;
FILE_DESCRIPTION (( 'STEP AP214' ),
    '1' );
FILE_NAME ('3D_SKRPAN.STEP',
    '2024-09-18T09:00:44',
    ( '' ),
    ( '' ),
    'SwSTEP 2.0',
    'SolidWorks 2024',
    '' );
FILE_SCHEMA (( 'AUTOMOTIVE_DESIGN' ));
ENDSEC;

DATA;
#1 = ORIENTED_EDGE ( 'NONE', *, *, #1072, .T. ) ;
#2 = ORIENTED_EDGE ( 'NONE', *, *, #284, .T. ) ;
#3 = ORIENTED_EDGE ( 'NONE', *, *, #689, .F. ) ;
#4 = VECTOR ( 'NONE', #8160, 1000.000000000000000 ) ;
#5 = VECTOR ( 'NONE', #6384, 1000.000000000000000 ) ;
#6 = AXIS2_PLACEMENT_3D ( 'NONE', #436, #1341, #2188 ) ;
#7 = DIRECTION ( 'NONE',  ( -0.000000000000000000, -1.000000000000000000, -0.000000000000000000 ) ) ;
#8 = CARTESIAN_POINT ( 'NONE',  ( 2.020000000000000462, 1.749999999999999778, -1.235200384405516161 ) ) ;
#9 = DIRECTION ( 'NONE',  ( 0.7071067811865489050, -0.000000000000000000, -0.7071067811865460184 ) ) ;
#10 = DIRECTION ( 'NONE',  ( 0.000000000000000000, 0.000000000000000000, 1.000000000000000000 ) ) ;
#11 =( LENGTH_UNIT ( ) NAMED_UNIT ( * ) SI_UNIT ( .MILLI., .METRE. ) );
#12 = VECTOR ( 'NONE', #2710, 1000.000000000000000 ) ;
#13 = AXIS2_PLACEMENT_3D ( 'NONE', #3537, #7429, #5922 ) ;
#14 = CARTESIAN_POINT ( 'NONE',  ( 1.310883117545685650, 1.749999999999999778, 1.376122650963194527 ) ) ;
#15 = ORIENTED_EDGE ( 'NONE', *, *, #4067, .F. ) ;
#16 =( NAMED_UNIT ( * ) PLANE_ANGLE_UNIT ( ) SI_UNIT ( $, .RADIAN. ) );
#17 = FILL_AREA_STYLE ('',( #8813 ) ) ;
#18 = FACE_OUTER_BOUND ( 'NONE', #4058, .T. ) ;
#19 = CIRCLE ( 'NONE', #6043, 1.259999999999999787 ) ;
#20 = CARTESIAN_POINT ( 'NONE',  ( 2.081698729810778747, 1.418301270189221697, 1.568301270189222496 ) ) ;
#21 = CARTESIAN_POINT ( 'NONE',  ( -1.947279220613579165, 1.849999999999999867, 0.7397265478953026774 ) ) ;
#22 = CARTESIAN_POINT ( 'NONE',  ( -1.379999999999999893, 1.550000000000000044, -1.478132752230962410 ) ) ;
#23 = FILL_AREA_STYLE ('',( #3375 ) ) ;
#24 = CARTESIAN_POINT ( 'NONE',  ( -1.978072250575702906, 1.591098133480643995, 0.7533169077592973828 ) ) ;
#25 =( BOUNDED_SURFACE ( )  B_SPLINE_SURFACE ( 3, 3, ( 
 ( #9956, #1737, #3435, #1900 ),
 ( #5179, #285, #1089, #9897 ),
 ( #10005, #10063, #119, #6746 ),
 ( #976, #5820, #9128, #4187 ) ),
 .UNSPECIFIED., .F., .F., .T. ) 
 B_SPLINE_SURFACE_WITH_KNOTS ( ( 4, 4 ),
 ( 4, 4 ),
 ( 0.000000000000000000, 1.000000000000000000 ),
 ( 0.000000000000000000, 1.000000000000000000 ),
 .UNSPECIFIED. ) 
 GEOMETRIC_REPRESENTATION_ITEM ( )  RATIONAL_B_SPLINE_SURFACE ( (
 ( 1.000000000000000000, 0.8854898804333929396, 0.8854898804333929396, 1.000000000000000000),
 ( 0.8025111867385921194, 0.7106155347916162102, 0.7106155347916162102, 0.8025111867385921194),
 ( 0.8025111867385921194, 0.7106155347916162102, 0.7106155347916162102, 0.8025111867385921194),
 ( 1.000000000000000000, 0.8854898804333929396, 0.8854898804333929396, 1.000000000000000000) ) ) 
 REPRESENTATION_ITEM ( '' )  SURFACE ( )  );
#26 = COLOUR_RGB ( '',0.8431372549019607865, 0.8156862745098039102, 0.7529411764705882248 ) ;
#27 = UNCERTAINTY_MEASURE_WITH_UNIT (LENGTH_MEASURE( 1.000000000000000082E-05 ), #8170, 'distance_accuracy_value', 'NONE');
#28 = CARTESIAN_POINT ( 'NONE',  ( 1.920000000000000373, 1.749999999999999778, 1.235200384405516161 ) ) ;
#29 = DIRECTION ( 'NONE',  ( -0.000000000000000000, 0.000000000000000000, 1.000000000000000000 ) ) ;
#30 = VERTEX_POINT ( 'NONE', #8733 ) ;
#31 = CARTESIAN_POINT ( 'NONE',  ( -2.201952593834479277, 0.6115518992456836500, -1.354999999999999982 ) ) ;
#32 = CARTESIAN_POINT ( 'NONE',  ( -1.311825581389000295, 1.949991117421789655, -1.476118209674089687 ) ) ;
#33 = AXIS2_PLACEMENT_3D ( 'NONE', #8388, #9130, #4246 ) ;
#34 = FACE_OUTER_BOUND ( 'NONE', #7209, .T. ) ;
#35 = ADVANCED_FACE ( 'NONE', ( #6947 ), #2977, .F. ) ;
#36 = EDGE_CURVE ( 'NONE', #4561, #9139, #8878, .T. ) ;
#37 = PLANE ( 'NONE',  #6012 ) ;
#38 = EDGE_CURVE ( 'NONE', #9139, #3274, #1386, .T. ) ;
#39 = EDGE_CURVE ( 'NONE', #5584, #925, #3907, .T. ) ;
#40 = DIRECTION ( 'NONE',  ( 0.7071067811865475727, 0.000000000000000000, -0.7071067811865474617 ) ) ;
#41 = ORIENTED_EDGE ( 'NONE', *, *, #4189, .F. ) ;
#42 = LINE ( 'NONE', #3080, #3377 ) ;
#43 =( NAMED_UNIT ( * ) PLANE_ANGLE_UNIT ( ) SI_UNIT ( $, .RADIAN. ) );
#44 = CARTESIAN_POINT ( 'NONE',  ( 1.210883117545686005, 1.749999999999999556, 1.435139986512704802 ) ) ;
#45 = VERTEX_POINT ( 'NONE', #6342 ) ;
#46 = ORIENTED_EDGE ( 'NONE', *, *, #7740, .T. ) ;
#47 = DIRECTION ( 'NONE',  ( -0.7071067811865475727, -0.000000000000000000, -0.7071067811865474617 ) ) ;
#48 = ORIENTED_EDGE ( 'NONE', *, *, #1793, .F. ) ;
#49 = CARTESIAN_POINT ( 'NONE',  ( 1.380000027079772318, 1.550000000000000044, 1.419554108468271902 ) ) ;
#50 = ORIENTED_EDGE ( 'NONE', *, *, #4821, .T. ) ;
#51 = LINE ( 'NONE', #10523, #4801 ) ;
#52 = EDGE_CURVE ( 'NONE', #4170, #5324, #9606, .T. ) ;
#53 = ORIENTED_EDGE ( 'NONE', *, *, #2705, .T. ) ;
#54 = ORIENTED_EDGE ( 'NONE', *, *, #4656, .F. ) ;
#55 = ORIENTED_EDGE ( 'NONE', *, *, #5002, .F. ) ;
#56 = DIRECTION ( 'NONE',  ( 0.000000000000000000, -1.000000000000000000, 0.000000000000000000 ) ) ;
#57 = CARTESIAN_POINT ( 'NONE',  ( -1.310883117545686094, 1.649999999999999911, -1.376122650963194971 ) ) ;
#58 = VERTEX_POINT ( 'NONE', #3237 ) ;
#59 = LINE ( 'NONE', #3303, #9720 ) ;
#60 = EDGE_CURVE ( 'NONE', #2817, #2251, #8153, .T. ) ;
#61 = EDGE_CURVE ( 'NONE', #9931, #1339, #3946, .T. ) ;
#62 = FACE_OUTER_BOUND ( 'NONE', #5641, .T. ) ;
#63 =( NAMED_UNIT ( * ) PLANE_ANGLE_UNIT ( ) SI_UNIT ( $, .RADIAN. ) );
#64 = CYLINDRICAL_SURFACE ( 'NONE', #5962, 0.09999999999999997780 ) ;
#65 = ORIENTED_EDGE ( 'NONE', *, *, #9349, .F. ) ;
#66 = CARTESIAN_POINT ( 'NONE',  ( 2.011380556851979584, 1.466487442737705704, -1.386669579679405073 ) ) ;
#67 = EDGE_CURVE ( 'NONE', #8965, #4435, #4113, .T. ) ;
#68 = PLANE ( 'NONE',  #10303 ) ;
#69 = CARTESIAN_POINT ( 'NONE',  ( 1.907571387754989578, 1.449999999999833200, -1.367837149452320489 ) ) ;
#70 = DIRECTION ( 'NONE',  ( 1.000000000000000000, 0.000000000000000000, -4.928191693115927811E-16 ) ) ;
#71 = VECTOR ( 'NONE', #10472, 1000.000000000000000 ) ;
#72 = LINE ( 'NONE', #672, #5327 ) ;
#73 = CARTESIAN_POINT ( 'NONE',  ( -1.948435503280003145, 1.449999877060273334, -1.473961366924080307 ) ) ;
#74 = EDGE_CURVE ( 'NONE', #3568, #9931, #6500, .T. ) ;
#75 = CARTESIAN_POINT ( 'NONE',  ( -1.988032633253842496, 1.777260257245602659, -1.303233017659358506 ) ) ;
#76 = EDGE_CURVE ( 'NONE', #1553, #1908, #3993, .T. ) ;
#77 = VERTEX_POINT ( 'NONE', #1595 ) ;
#78 = CARTESIAN_POINT ( 'NONE',  ( 1.820000000000000062, 1.539480857753717125, -1.519554108468272435 ) ) ;
#79 = DIRECTION ( 'NONE',  ( 0.7071067811865464625, 0.000000000000000000, -0.7071067811865487940 ) ) ;
#80 = CARTESIAN_POINT ( 'NONE',  ( -2.020000000000000462, 1.749999999999999778, -1.235200384405516161 ) ) ;
#81 = CARTESIAN_POINT ( 'NONE',  ( 1.948435503279212444, 1.449999877063282705, -1.473961366923664862 ) ) ;
#82 =( BOUNDED_SURFACE ( )  B_SPLINE_SURFACE ( 3, 3, ( 
 ( #7552, #2748, #1217, #3661 ),
 ( #10019, #8453, #3496, #10181 ),
 ( #4480, #2639, #6058, #2792 ),
 ( #7767, #6815, #1850, #1054 ) ),
 .UNSPECIFIED., .F., .F., .T. ) 
 B_SPLINE_SURFACE_WITH_KNOTS ( ( 4, 4 ),
 ( 4, 4 ),
 ( 0.000000000000000000, 1.000000000000000000 ),
 ( 0.000000000000000000, 1.000000000000000000 ),
 .UNSPECIFIED. ) 
 GEOMETRIC_REPRESENTATION_ITEM ( )  RATIONAL_B_SPLINE_SURFACE ( (
 ( 1.000000000000000000, 0.3333333333333334259, 0.3333333333333334259, 1.000000000000000000),
 ( 0.8025111867385927855, 0.2675037289128643359, 0.2675037289128643359, 0.8025111867385927855),
 ( 0.8025111867385927855, 0.2675037289128643359, 0.2675037289128643359, 0.8025111867385927855),
 ( 1.000000000000000000, 0.3333333333333334259, 0.3333333333333334259, 1.000000000000000000) ) ) 
 REPRESENTATION_ITEM ( '' )  SURFACE ( )  );
#83 = CARTESIAN_POINT ( 'NONE',  ( -1.379999999999999893, 1.550000027079772469, -1.419554108468271902 ) ) ;
#84 = VECTOR ( 'NONE', #1293, 1000.000000000000000 ) ;
#85 = EDGE_CURVE ( 'NONE', #240, #4463, #1709, .T. ) ;
#86 = FILL_AREA_STYLE ('',( #9976 ) ) ;
#87 = ORIENTED_EDGE ( 'NONE', *, *, #7405, .T. ) ;
#88 = PRESENTATION_STYLE_ASSIGNMENT (( #905 ) ) ;
#89 = LINE ( 'NONE', #9826, #3923 ) ;
#90 = ADVANCED_FACE ( 'NONE', ( #4051 ), #1406, .T. ) ;
#91 = CIRCLE ( 'NONE', #9870, 0.1000000000000001582 ) ;
#92 = ORIENTED_EDGE ( 'NONE', *, *, #7059, .T. ) ;
#93 = VERTEX_POINT ( 'NONE', #2442 ) ;
#94 = CARTESIAN_POINT ( 'NONE',  ( 1.887115471210931483, 1.466487442737907987, -1.510934665320303516 ) ) ;
#95 = ORIENTED_EDGE ( 'NONE', *, *, #10352, .F. ) ;
#96 = CARTESIAN_POINT ( 'NONE',  ( -1.978578643762690437, 1.550000000000000044, -0.8799999999999997824 ) ) ;
#97 = EDGE_CURVE ( 'NONE', #2136, #8898, #42, .T. ) ;
#98 = FACE_OUTER_BOUND ( 'NONE', #6122, .T. ) ;
#99 = AXIS2_PLACEMENT_3D ( 'NONE', #6769, #5139, #5075 ) ;
#100 = AXIS2_PLACEMENT_3D ( 'NONE', #6431, #3874, #3064 ) ;
#101 = ORIENTED_EDGE ( 'NONE', *, *, #3156, .F. ) ;
#102 = PRESENTATION_LAYER_ASSIGNMENT (  '', '', ( #2823 ) ) ;
#103 = CARTESIAN_POINT ( 'NONE',  ( 1.399999999999999911, 0.000000000000000000, -1.449999999999999956 ) ) ;
#104 = EDGE_CURVE ( 'NONE', #3568, #1553, #9571, .T. ) ;
#105 = ORIENTED_EDGE ( 'NONE', *, *, #5340, .T. ) ;
#106 = ORIENTED_EDGE ( 'NONE', *, *, #1947, .F. ) ;
#107 = FILL_AREA_STYLE_COLOUR ( '', #8872 ) ;
#108 = CARTESIAN_POINT ( 'NONE',  ( -0.3999999999999999667, 2.400000000000000355, 1.000000000000000000 ) ) ;
#109 = ORIENTED_EDGE ( 'NONE', *, *, #8595, .T. ) ;
#110 = PRESENTATION_LAYER_ASSIGNMENT (  '', '', ( #464 ) ) ;
#111 = DIRECTION ( 'NONE',  ( -1.000000000000000000, 0.000000000000000000, 0.000000000000000000 ) ) ;
#112 = DIRECTION ( 'NONE',  ( 0.000000000000000000, 0.000000000000000000, -1.000000000000000000 ) ) ;
#113 = CARTESIAN_POINT ( 'NONE',  ( -1.354314575050763025, 1.649999999999999911, 1.419554108468272124 ) ) ;
#114 = MECHANICAL_DESIGN_GEOMETRIC_PRESENTATION_REPRESENTATION (  '', ( #7487 ), #9891 ) ;
#115 = AXIS2_PLACEMENT_3D ( 'NONE', #9696, #7233, #7177 ) ;
#116 = CYLINDRICAL_SURFACE ( 'NONE', #6831, 0.1000000000000002137 ) ;
#117 = ORIENTED_EDGE ( 'NONE', *, *, #9044, .F. ) ;
#118 = DIRECTION ( 'NONE',  ( -0.000000000000000000, -0.000000000000000000, -1.000000000000000000 ) ) ;
#119 = CARTESIAN_POINT ( 'NONE',  ( 1.978072250575702462, 1.850551775759737172, -1.277623097029730426 ) ) ;
#120 = VECTOR ( 'NONE', #6743, 1000.000000000000000 ) ;
#121 = DIRECTION ( 'NONE',  ( -1.000000000000000000, 0.000000000000000000, 0.000000000000000000 ) ) ;
#122 =( LENGTH_UNIT ( ) NAMED_UNIT ( * ) SI_UNIT ( .MILLI., .METRE. ) );
#123 = STYLED_ITEM ( 'NONE', ( #8391 ), #10275 ) ;
#124 = PRESENTATION_STYLE_ASSIGNMENT (( #4960 ) ) ;
#125 = CARTESIAN_POINT ( 'NONE',  ( 1.919057536156686394, 1.649999999999999911, -0.7538731248081388392 ) ) ;
#126 = CARTESIAN_POINT ( 'NONE',  ( 1.600000000000000755, 0.07000000000000032585, -0.5500000000000000444 ) ) ;
#127 = EDGE_LOOP ( 'NONE', ( #4982, #2553, #10374, #208, #435, #403, #4605 ) ) ;
#128 = FACE_OUTER_BOUND ( 'NONE', #3293, .T. ) ;
#129 = DIRECTION ( 'NONE',  ( -0.000000000000000000, 1.000000000000000000, -0.000000000000000000 ) ) ;
#130 = DIRECTION ( 'NONE',  ( -9.866381877431726115E-16, 0.000000000000000000, 1.000000000000000000 ) ) ;
#131 = EDGE_LOOP ( 'NONE', ( #8956, #394, #2143, #1282, #6190, #511 ) ) ;
#132 = CARTESIAN_POINT ( 'NONE',  ( 0.3999999999999998557, 1.550000000000000266, -1.259999999999999787 ) ) ;
#133 = CARTESIAN_POINT ( 'NONE',  ( 2.100000000000000089, 0.07000000000000029809, 1.500000000000000000 ) ) ;
#134 = CARTESIAN_POINT ( 'NONE',  ( -1.735646275937244853, 1.749999999999999556, 1.519554108468272213 ) ) ;
#135 = CARTESIAN_POINT ( 'NONE',  ( -2.020000000000000462, 1.449999999999999956, -1.319554108468271814 ) ) ;
#136 = DIRECTION ( 'NONE',  ( 0.7071067811865456854, -0.000000000000000000, -0.7071067811865493491 ) ) ;
#137 = AXIS2_PLACEMENT_3D ( 'NONE', #6483, #6433, #1686 ) ;
#138 = AXIS2_PLACEMENT_3D ( 'NONE', #789, #8204, #5624 ) ;
#139 = CARTESIAN_POINT ( 'NONE',  ( -2.100000000000000089, 0.1800000000000006317, 1.355000000000000648 ) ) ;
#140 = ORIENTED_EDGE ( 'NONE', *, *, #10242, .T. ) ;
#141 = EDGE_CURVE ( 'NONE', #2350, #7096, #6806, .T. ) ;
#142 = FILL_AREA_STYLE_COLOUR ( '', #1713 ) ;
#143 = ORIENTED_EDGE ( 'NONE', *, *, #1746, .F. ) ;
#144 = VERTEX_POINT ( 'NONE', #8104 ) ;
#145 = COLOUR_RGB ( '',1.000000000000000000, 1.000000000000000000, 1.000000000000000000 ) ;
#146 =( BOUNDED_SURFACE ( )  B_SPLINE_SURFACE ( 3, 3, ( 
 ( #1655, #6564, #3340, #4120 ),
 ( #5083, #4929, #797, #10633 ),
 ( #212, #1761, #8311, #951 ),
 ( #7415, #7454, #3463, #6660 ) ),
 .UNSPECIFIED., .F., .F., .T. ) 
 B_SPLINE_SURFACE_WITH_KNOTS ( ( 4, 4 ),
 ( 4, 4 ),
 ( 0.000000000000000000, 1.000000000000000000 ),
 ( 0.000000000000000000, 1.000000000000000000 ),
 .UNSPECIFIED. ) 
 GEOMETRIC_REPRESENTATION_ITEM ( )  RATIONAL_B_SPLINE_SURFACE ( (
 ( 1.000000000000000000, 0.8025111867385933406, 0.8025111867385933406, 1.000000000000000000),
 ( 0.8002741005225356696, 0.6422289181265004032, 0.6422289181265004032, 0.8002741005225356696),
 ( 0.8002741005225356696, 0.6422289181265004032, 0.6422289181265004032, 0.8002741005225356696),
 ( 1.000000000000000000, 0.8025111867385933406, 0.8025111867385933406, 1.000000000000000000) ) ) 
 REPRESENTATION_ITEM ( '' )  SURFACE ( )  );
#147 = CARTESIAN_POINT ( 'NONE',  ( -1.936315674237726991, 1.477260257245611719, 1.475158129477182722 ) ) ;
#148 = ORIENTED_EDGE ( 'NONE', *, *, #3026, .F. ) ;
#149 = DIRECTION ( 'NONE',  ( -1.000000000000000000, 0.000000000000000000, 0.000000000000000000 ) ) ;
#150 = VECTOR ( 'NONE', #8658, 1000.000000000000000 ) ;
#151 = ORIENTED_EDGE ( 'NONE', *, *, #6356, .T. ) ;
#152 = EDGE_CURVE ( 'NONE', #2638, #9670, #6604, .T. ) ;
#153 = AXIS2_PLACEMENT_3D ( 'NONE', #8882, #684, #7184 ) ;
#154 = STYLED_ITEM ( 'NONE', ( #5909 ), #1558 ) ;
#155 = AXIS2_PLACEMENT_3D ( 'NONE', #10340, #10231, #567 ) ;
#156 = VERTEX_POINT ( 'NONE', #743 ) ;
#157 = FILL_AREA_STYLE ('',( #3629 ) ) ;
#158 = VERTEX_POINT ( 'NONE', #4921 ) ;
#159 = ORIENTED_EDGE ( 'NONE', *, *, #2885, .T. ) ;
#160 = CARTESIAN_POINT ( 'NONE',  ( 2.020000000000000018, 2.049999999999999822, -0.8538686835190342217 ) ) ;
#161 = CARTESIAN_POINT ( 'NONE',  ( -2.020000000000000462, 1.809017335549510719, -0.8538686835190345548 ) ) ;
#162 =( NAMED_UNIT ( * ) PLANE_ANGLE_UNIT ( ) SI_UNIT ( $, .RADIAN. ) );
#163 = EDGE_LOOP ( 'NONE', ( #5005, #2090, #3959, #10356 ) ) ;
#164 = CARTESIAN_POINT ( 'NONE',  ( -1.820000000000000062, 1.539480857753715792, 1.419554108468271236 ) ) ;
#165 = AXIS2_PLACEMENT_3D ( 'NONE', #3008, #6169, #10183 ) ;
#166 = CIRCLE ( 'NONE', #3578, 0.09999999999999985290 ) ;
#167 = DIRECTION ( 'NONE',  ( -0.7071067811865456854, 0.000000000000000000, 0.7071067811865493491 ) ) ;
#168 = CYLINDRICAL_SURFACE ( 'NONE', #10625, 0.2000000000000005107 ) ;
#169 = CARTESIAN_POINT ( 'NONE',  ( 1.311825581389000739, 1.949991117421789655, -1.476118209674089687 ) ) ;
#170 = VECTOR ( 'NONE', #9446, 1000.000000000000000 ) ;
#171 = EDGE_CURVE ( 'NONE', #10540, #10219, #8206, .T. ) ;
#172 = EDGE_CURVE ( 'NONE', #2164, #3241, #9877, .T. ) ;
#173 = ADVANCED_FACE ( 'NONE', ( #6398 ), #2289, .F. ) ;
#174 = VECTOR ( 'NONE', #8133, 1000.000000000000000 ) ;
#175 = VECTOR ( 'NONE', #136, 1000.000000000000000 ) ;
#176 = AXIS2_PLACEMENT_3D ( 'NONE', #6245, #8636, #7052 ) ;
#177 = UNCERTAINTY_MEASURE_WITH_UNIT (LENGTH_MEASURE( 1.000000000000000082E-05 ), #5563, 'distance_accuracy_value', 'NONE');
#178 = PLANE ( 'NONE',  #9542 ) ;
#179 = ORIENTED_EDGE ( 'NONE', *, *, #5110, .T. ) ;
#180 = SURFACE_STYLE_USAGE ( .BOTH. , #2366 ) ;
#181 =( NAMED_UNIT ( * ) SI_UNIT ( $, .STERADIAN. ) SOLID_ANGLE_UNIT ( ) );
#182 = FILL_AREA_STYLE ('',( #9957 ) ) ;
#183 = VECTOR ( 'NONE', #751, 1000.000000000000000 ) ;
#184 = CARTESIAN_POINT ( 'NONE',  ( 0.4000000000000000222, 1.550000000000000266, 0.000000000000000000 ) ) ;
#185 = MECHANICAL_DESIGN_GEOMETRIC_PRESENTATION_REPRESENTATION (  '', ( #6369 ), #7906 ) ;
#186 = CARTESIAN_POINT ( 'NONE',  ( -2.201952593834479277, 0.6115518992456836500, -0.7949999999999997069 ) ) ;
#187 = STYLED_ITEM ( 'NONE', ( #6316 ), #3348 ) ;
#188 = FACE_OUTER_BOUND ( 'NONE', #2354, .T. ) ;
#189 = EDGE_LOOP ( 'NONE', ( #6192, #4825, #7947, #9226 ) ) ;
#190 = DIRECTION ( 'NONE',  ( 0.000000000000000000, -1.000000000000000000, -0.000000000000000000 ) ) ;
#191 = VECTOR ( 'NONE', #5044, 1000.000000000000000 ) ;
#192 = LINE ( 'NONE', #8294, #8048 ) ;
#193 = ORIENTED_EDGE ( 'NONE', *, *, #3518, .F. ) ;
#194 = LINE ( 'NONE', #8507, #1906 ) ;
#195 = DIRECTION ( 'NONE',  ( 0.7071067811865461294, -0.000000000000000000, 0.7071067811865490160 ) ) ;
#196 = LINE ( 'NONE', #7441, #6520 ) ;
#197 = CYLINDRICAL_SURFACE ( 'NONE', #4888, 0.09999999999999983902 ) ;
#198 = DIRECTION ( 'NONE',  ( 0.000000000000000000, 0.3719458362746750346, -0.9282544343432637124 ) ) ;
#199 = EDGE_CURVE ( 'NONE', #9872, #2709, #5412, .T. ) ;
#200 = CARTESIAN_POINT ( 'NONE',  ( -1.907770119437836254, 1.480980449765836982, -1.502213026040685850 ) ) ;
#201 = EDGE_CURVE ( 'NONE', #5633, #10540, #3458, .T. ) ;
#202 = VECTOR ( 'NONE', #10614, 1000.000000000000000 ) ;
#203 = DIRECTION ( 'NONE',  ( -1.000000000000000000, 2.710505032773537171E-15, 0.000000000000000000 ) ) ;
#204 = EDGE_LOOP ( 'NONE', ( #1324, #4948, #3763, #1497 ) ) ;
#205 = CARTESIAN_POINT ( 'NONE',  ( 1.876568542494923664, 1.749999999999999778, 0.8104372260139570683 ) ) ;
#206 = CARTESIAN_POINT ( 'NONE',  ( 1.805194582267281689, 1.608663600091573054, 0.7403961109355766679 ) ) ;
#207 = ORIENTED_EDGE ( 'NONE', *, *, #10371, .T. ) ;
#208 = ORIENTED_EDGE ( 'NONE', *, *, #3957, .T. ) ;
#209 = MECHANICAL_DESIGN_GEOMETRIC_PRESENTATION_REPRESENTATION (  '', ( #8434 ), #899 ) ;
#210 = CARTESIAN_POINT ( 'NONE',  ( -1.240172439427031037, 1.649999999999988365, -1.305411972844539470 ) ) ;
#211 = VERTEX_POINT ( 'NONE', #7616 ) ;
#212 = CARTESIAN_POINT ( 'NONE',  ( 1.846839578305846219, 1.862473597731678199, -0.8114972960866296825 ) ) ;
#213 = ORIENTED_EDGE ( 'NONE', *, *, #8676, .T. ) ;
#214 = CARTESIAN_POINT ( 'NONE',  ( -1.735646275937244853, 1.850551775759736062, 1.477626359043974658 ) ) ;
#215 = AXIS2_PLACEMENT_3D ( 'NONE', #10255, #9381, #8583 ) ;
#216 = ORIENTED_EDGE ( 'NONE', *, *, #9736, .T. ) ;
#217 = FILL_AREA_STYLE_COLOUR ( '', #2728 ) ;
#218 = ORIENTED_EDGE ( 'NONE', *, *, #2196, .F. ) ;
#219 = EDGE_LOOP ( 'NONE', ( #5420, #6475, #4479, #10195 ) ) ;
#220 = ADVANCED_FACE ( 'NONE', ( #1062 ), #7448, .T. ) ;
#221 = CARTESIAN_POINT ( 'NONE',  ( -0.3999999999999999667, 1.449999999999999956, 0.000000000000000000 ) ) ;
#222 = LINE ( 'NONE', #6785, #6704 ) ;
#223 = ORIENTED_EDGE ( 'NONE', *, *, #3217, .F. ) ;
#224 = ADVANCED_FACE ( 'NONE', ( #4380 ), #311, .F. ) ;
#225 = LINE ( 'NONE', #1943, #6819 ) ;
#226 = CARTESIAN_POINT ( 'NONE',  ( 1.379999999999999893, 2.049999999999999822, 1.519554108468272213 ) ) ;
#227 = CARTESIAN_POINT ( 'NONE',  ( 1.805857864376268385, 1.849999999999999867, -0.7397265478953025664 ) ) ;
#228 = EDGE_CURVE ( 'NONE', #1001, #7146, #9269, .T. ) ;
#229 = EDGE_CURVE ( 'NONE', #1138, #4082, #1921, .T. ) ;
#230 = DIRECTION ( 'NONE',  ( 0.000000000000000000, -1.000000000000000000, 0.000000000000000000 ) ) ;
#231 = ORIENTED_EDGE ( 'NONE', *, *, #4983, .T. ) ;
#232 = CARTESIAN_POINT ( 'NONE',  ( 1.848427124746192307, 1.449999999999999956, 0.9092893218813447032 ) ) ;
#233 = ADVANCED_FACE ( 'NONE', ( #3505 ), #1974, .T. ) ;
#234 = DIRECTION ( 'NONE',  ( -0.000000000000000000, -1.000000000000000000, -1.224646799147353207E-16 ) ) ;
#235 = CARTESIAN_POINT ( 'NONE',  ( -1.354314575050763469, 1.549448224240263405, -1.477626359043974213 ) ) ;
#236 = EDGE_CURVE ( 'NONE', #5256, #1005, #271, .T. ) ;
#237 = CARTESIAN_POINT ( 'NONE',  ( 2.020000000000000462, 1.539480857753715792, 1.319554108468272258 ) ) ;
#238 = FACE_OUTER_BOUND ( 'NONE', #189, .T. ) ;
#239 = CARTESIAN_POINT ( 'NONE',  ( 1.978072250575702462, 1.549448224240263405, -0.8538686835190346658 ) ) ;
#240 = VERTEX_POINT ( 'NONE', #8465 ) ;
#241 = CYLINDRICAL_SURFACE ( 'NONE', #10577, 0.09999999999999993616 ) ;
#242 = DIRECTION ( 'NONE',  ( 0.000000000000000000, 0.000000000000000000, -1.000000000000000000 ) ) ;
#243 = CARTESIAN_POINT ( 'NONE',  ( 0.4000000000000001887, 2.500000000000000000, 1.058578643762690508 ) ) ;
#244 = EDGE_CURVE ( 'NONE', #8625, #9653, #9004, .T. ) ;
#245 = ORIENTED_EDGE ( 'NONE', *, *, #4633, .T. ) ;
#246 = CARTESIAN_POINT ( 'NONE',  ( -1.399999999999999689, 0.000000000000000000, 1.550000000000000266 ) ) ;
#247 = DIRECTION ( 'NONE',  ( 0.3719458362746793090, -0.9282544343432621581, -1.193913209536247214E-14 ) ) ;
#248 = VECTOR ( 'NONE', #2295, 1000.000000000000000 ) ;
#249 = FACE_OUTER_BOUND ( 'NONE', #10105, .T. ) ;
#250 = CARTESIAN_POINT ( 'NONE',  ( 1.988032633253842496, 1.777260257245602659, -1.303233017659358284 ) ) ;
#251 = CIRCLE ( 'NONE', #8803, 0.09999999999999993616 ) ;
#252 = FILL_AREA_STYLE ('',( #8512 ) ) ;
#253 = CARTESIAN_POINT ( 'NONE',  ( -1.389289321881345574, 1.550000000000000266, -1.340142853498728082 ) ) ;
#254 = CARTESIAN_POINT ( 'NONE',  ( -1.907571387754989578, 1.449999999999833200, -1.367837149452320489 ) ) ;
#255 = CARTESIAN_POINT ( 'NONE',  ( 2.000000000000000888, 0.000000000000000000, 1.550000000000000266 ) ) ;
#256 = CARTESIAN_POINT ( 'NONE',  ( -1.920000000000000373, 2.049999999999999822, -0.8800000000000000044 ) ) ;
#257 = CARTESIAN_POINT ( 'NONE',  ( 2.109781476007338341, 0.1779208830918229955, -0.7949999999999999289 ) ) ;
#258 = EDGE_LOOP ( 'NONE', ( #7440, #4711, #1479, #5854 ) ) ;
#259 = ORIENTED_EDGE ( 'NONE', *, *, #10288, .F. ) ;
#260 = DIRECTION ( 'NONE',  ( 1.000000000000000000, -0.000000000000000000, 0.000000000000000000 ) ) ;
#261 = ORIENTED_EDGE ( 'NONE', *, *, #8676, .F. ) ;
#262 = DIRECTION ( 'NONE',  ( -0.000000000000000000, -1.000000000000000000, 0.000000000000000000 ) ) ;
#263 = VERTEX_POINT ( 'NONE', #6826 ) ;
#264 = CARTESIAN_POINT ( 'NONE',  ( -1.805857864376268385, 1.749999999999999778, 0.7397265478953025664 ) ) ;
#265 = ORIENTED_EDGE ( 'NONE', *, *, #172, .T. ) ;
#266 = CARTESIAN_POINT ( 'NONE',  ( -1.888032633253841963, 1.566741114999319562, 1.487586741722114470 ) ) ;
#267 = ORIENTED_EDGE ( 'NONE', *, *, #6411, .F. ) ;
#268 = ORIENTED_EDGE ( 'NONE', *, *, #9560, .F. ) ;
#269 = DIRECTION ( 'NONE',  ( -1.000000000000000000, 2.710505032773537171E-15, 0.000000000000000000 ) ) ;
#270 = FILL_AREA_STYLE ('',( #437 ) ) ;
#271 = CIRCLE ( 'NONE', #1636, 0.1000000000000001166 ) ;
#272 = ORIENTED_EDGE ( 'NONE', *, *, #3330, .T. ) ;
#273 = DIRECTION ( 'NONE',  ( 0.000000000000000000, 0.000000000000000000, -1.000000000000000000 ) ) ;
#274 = CARTESIAN_POINT ( 'NONE',  ( 1.947279220613579165, 1.849999999999999867, 0.7397265478953026774 ) ) ;
#275 = CARTESIAN_POINT ( 'NONE',  ( -1.990710678118655208, 1.749999999999999778, -0.7831580054003789426 ) ) ;
#276 = VECTOR ( 'NONE', #1684, 1000.000000000000114 ) ;
#277 = DIRECTION ( 'NONE',  ( -0.000000000000000000, 1.000000000000000000, -0.000000000000000000 ) ) ;
#278 = DIRECTION ( 'NONE',  ( 0.7071067811865475727, 0.000000000000000000, -0.7071067811865474617 ) ) ;
#279 = CIRCLE ( 'NONE', #3861, 0.09999999999999997780 ) ;
#280 = EDGE_CURVE ( 'NONE', #7239, #1339, #10391, .T. ) ;
#281 = AXIS2_PLACEMENT_3D ( 'NONE', #7634, #6674, #7752 ) ;
#282 = ORIENTED_EDGE ( 'NONE', *, *, #7477, .F. ) ;
#283 = LINE ( 'NONE', #5177, #787 ) ;
#284 = EDGE_CURVE ( 'NONE', #5688, #7061, #7480, .T. ) ;
#285 = CARTESIAN_POINT ( 'NONE',  ( 2.020000000000000462, 1.795064199120776971, -1.280722272325592437 ) ) ;
#286 = UNCERTAINTY_MEASURE_WITH_UNIT (LENGTH_MEASURE( 1.000000000000000082E-05 ), #9354, 'distance_accuracy_value', 'NONE');
#287 = DIRECTION ( 'NONE',  ( -0.000000000000000000, 1.000000000000000000, -0.000000000000000000 ) ) ;
#288 = CARTESIAN_POINT ( 'NONE',  ( -1.302305608210474697, 1.597125742069206877, -1.509145170888289478 ) ) ;
#289 = FACE_OUTER_BOUND ( 'NONE', #1606, .T. ) ;
#290 = CIRCLE ( 'NONE', #5774, 0.1000000000000000749 ) ;
#291 = ADVANCED_FACE ( 'NONE', ( #1861 ), #10091, .T. ) ;
#292 = VERTEX_POINT ( 'NONE', #5502 ) ;
#293 = CARTESIAN_POINT ( 'NONE',  ( -0.3999999999999998557, 2.400000000000000355, 1.100000000000000089 ) ) ;
#294 = CARTESIAN_POINT ( 'NONE',  ( -2.207596237518581805, 0.1571297137044201930, -0.5003071667619851670 ) ) ;
#295 = SURFACE_STYLE_FILL_AREA ( #3238 ) ;
#296 =( NAMED_UNIT ( * ) PLANE_ANGLE_UNIT ( ) SI_UNIT ( $, .RADIAN. ) );
#297 = AXIS2_PLACEMENT_3D ( 'NONE', #9632, #8706, #6309 ) ;
#298 = ORIENTED_EDGE ( 'NONE', *, *, #4355, .F. ) ;
#299 = PLANE ( 'NONE',  #5843 ) ;
#300 = FACE_OUTER_BOUND ( 'NONE', #8585, .T. ) ;
#301 = LINE ( 'NONE', #4319, #4092 ) ;
#302 = DIRECTION ( 'NONE',  ( -3.412117296977063918E-16, 0.9282544343432639344, -0.3719458362746745905 ) ) ;
#303 = UNCERTAINTY_MEASURE_WITH_UNIT (LENGTH_MEASURE( 1.000000000000000082E-05 ), #7022, 'distance_accuracy_value', 'NONE');
#304 = DIRECTION ( 'NONE',  ( 0.000000000000000000, -0.000000000000000000, -1.000000000000000000 ) ) ;
#305 = CARTESIAN_POINT ( 'NONE',  ( 1.327268482960745288, 1.549448224240262517, -1.477626359043973991 ) ) ;
#306 =( GEOMETRIC_REPRESENTATION_CONTEXT ( 3 ) GLOBAL_UNCERTAINTY_ASSIGNED_CONTEXT ( ( #397 ) ) GLOBAL_UNIT_ASSIGNED_CONTEXT ( ( #9825, #3177, #5187 ) ) REPRESENTATION_CONTEXT ( 'NONE', 'WORKASPACE' ) );
#307 = CARTESIAN_POINT ( 'NONE',  ( -1.853664787607363085, 1.497472741345223790, -1.519554108468272657 ) ) ;
#308 =( GEOMETRIC_REPRESENTATION_CONTEXT ( 3 ) GLOBAL_UNCERTAINTY_ASSIGNED_CONTEXT ( ( #2947 ) ) GLOBAL_UNIT_ASSIGNED_CONTEXT ( ( #4944, #8230, #10537 ) ) REPRESENTATION_CONTEXT ( 'NONE', 'WORKASPACE' ) );
#309 = EDGE_CURVE ( 'NONE', #645, #45, #7998, .T. ) ;
#310 = ADVANCED_FACE ( 'NONE', ( #2214 ), #3971, .F. ) ;
#311 = CYLINDRICAL_SURFACE ( 'NONE', #10226, 1.259999999999999787 ) ;
#312 = UNCERTAINTY_MEASURE_WITH_UNIT (LENGTH_MEASURE( 1.000000000000000082E-05 ), #748, 'distance_accuracy_value', 'NONE');
#313 = PLANE ( 'NONE',  #8063 ) ;
#314 = EDGE_LOOP ( 'NONE', ( #9248, #6722, #5282 ) ) ;
#315 = ORIENTED_EDGE ( 'NONE', *, *, #1197, .F. ) ;
#316 = CARTESIAN_POINT ( 'NONE',  ( -1.360000000000000098, 1.449999999999999956, 1.600000000000000089 ) ) ;
#317 = VERTEX_POINT ( 'NONE', #7170 ) ;
#318 = CARTESIAN_POINT ( 'NONE',  ( -1.805194582267281689, 1.579572415026767374, 0.7697627741596234641 ) ) ;
#319 = ORIENTED_EDGE ( 'NONE', *, *, #1523, .T. ) ;
#320 = AXIS2_PLACEMENT_3D ( 'NONE', #5888, #3389, #304 ) ;
#321 = CARTESIAN_POINT ( 'NONE',  ( 1.910853531617384915, 1.550000000000000266, -0.9600000000000000755 ) ) ;
#322 = VECTOR ( 'NONE', #4755, 1000.000000000000000 ) ;
#323 = AXIS2_PLACEMENT_3D ( 'NONE', #7144, #10411, #3023 ) ;
#324 = AXIS2_PLACEMENT_3D ( 'NONE', #6633, #7600, #6860 ) ;
#325 = ORIENTED_EDGE ( 'NONE', *, *, #7352, .T. ) ;
#326 = ORIENTED_EDGE ( 'NONE', *, *, #3724, .T. ) ;
#327 = ORIENTED_EDGE ( 'NONE', *, *, #5008, .T. ) ;
#328 = STYLED_ITEM ( 'NONE', ( #8936 ), #2274 ) ;
#329 = CARTESIAN_POINT ( 'NONE',  ( -1.978072250575702906, 1.850551775759737394, -0.7949668169996787492 ) ) ;
#330 = CARTESIAN_POINT ( 'NONE',  ( -2.020000000000000018, 1.749999999999999778, 0.8538686835190341107 ) ) ;
#331 = ORIENTED_EDGE ( 'NONE', *, *, #5065, .T. ) ;
#332 = CARTESIAN_POINT ( 'NONE',  ( -1.978072250575702684, 1.787399814323848535, 1.328538016135585975 ) ) ;
#333 = CARTESIAN_POINT ( 'NONE',  ( 1.932488219311222721, 1.449999999999999734, 1.485161221531503983 ) ) ;
#334 =( LENGTH_UNIT ( ) NAMED_UNIT ( * ) SI_UNIT ( .MILLI., .METRE. ) );
#335 = STYLED_ITEM ( 'NONE', ( #4551 ), #5152 ) ;
#336 = CARTESIAN_POINT ( 'NONE',  ( 1.210883117545685561, 1.749999999999999556, -1.376122650963194749 ) ) ;
#337 = CARTESIAN_POINT ( 'NONE',  ( 2.100000000000000089, 1.449999999999999956, -1.500000000000000000 ) ) ;
#338 = VERTEX_POINT ( 'NONE', #6933 ) ;
#339 = SURFACE_STYLE_FILL_AREA ( #4410 ) ;
#340 = AXIS2_PLACEMENT_3D ( 'NONE', #6201, #488, #6249 ) ;
#341 = DIRECTION ( 'NONE',  ( 0.2079116908177564282, -0.9781476007338062439, -0.000000000000000000 ) ) ;
#342 = VECTOR ( 'NONE', #9661, 1000.000000000000000 ) ;
#343 = CARTESIAN_POINT ( 'NONE',  ( -1.283271467065781435, 1.649999999999999911, -1.489930786479060743 ) ) ;
#344 = LINE ( 'NONE', #9351, #490 ) ;
#345 = FILL_AREA_STYLE_COLOUR ( '', #641 ) ;
#346 = AXIS2_PLACEMENT_3D ( 'NONE', #9668, #9502, #2105 ) ;
#347 = VECTOR ( 'NONE', #4091, 1000.000000000000227 ) ;
#348 = VECTOR ( 'NONE', #8246, 1000.000000000000114 ) ;
#349 = ORIENTED_EDGE ( 'NONE', *, *, #9621, .T. ) ;
#350 = SURFACE_SIDE_STYLE ('',( #510 ) ) ;
#351 = CARTESIAN_POINT ( 'NONE',  ( -1.360000000000000098, 1.550000000000000266, -1.600000000000000089 ) ) ;
#352 = VERTEX_POINT ( 'NONE', #8812 ) ;
#353 = DIRECTION ( 'NONE',  ( 0.000000000000000000, 0.000000000000000000, 1.000000000000000000 ) ) ;
#354 = CIRCLE ( 'NONE', #1218, 0.1000000000000012407 ) ;
#355 = PRESENTATION_STYLE_ASSIGNMENT (( #1914 ) ) ;
#356 = AXIS2_PLACEMENT_3D ( 'NONE', #8416, #260, #10146 ) ;
#357 =( NAMED_UNIT ( * ) SI_UNIT ( $, .STERADIAN. ) SOLID_ANGLE_UNIT ( ) );
#358 = DIRECTION ( 'NONE',  ( -0.7071067811865474617, 0.000000000000000000, 0.7071067811865474617 ) ) ;
#359 = FACE_OUTER_BOUND ( 'NONE', #2365, .T. ) ;
#360 = DIRECTION ( 'NONE',  ( 0.000000000000000000, 0.000000000000000000, -1.000000000000000000 ) ) ;
#361 = CARTESIAN_POINT ( 'NONE',  ( 2.020000000000000018, 1.649999999999999911, -0.9799999999999999822 ) ) ;
#362 = AXIS2_PLACEMENT_3D ( 'NONE', #2520, #3483, #1680 ) ;
#363 = DIRECTION ( 'NONE',  ( -0.7071067811865459074, 0.000000000000000000, 0.7071067811865491270 ) ) ;
#364 = DIRECTION ( 'NONE',  ( 0.3719458362746738689, 0.9282544343432642675, 0.000000000000000000 ) ) ;
#365 = CARTESIAN_POINT ( 'NONE',  ( -1.947279220613579165, 1.849999999999999867, -0.7397265478953026774 ) ) ;
#366 = VERTEX_POINT ( 'NONE', #3153 ) ;
#367 = EDGE_LOOP ( 'NONE', ( #2844, #106, #485, #5733, #9837 ) ) ;
#368 = ORIENTED_EDGE ( 'NONE', *, *, #2563, .T. ) ;
#369 = ADVANCED_FACE ( 'NONE', ( #7966 ), #8858, .T. ) ;
#370 = CARTESIAN_POINT ( 'NONE',  ( -1.906297506684001775, 1.583618131211382174, 0.6979586327827721481 ) ) ;
#371 = EDGE_CURVE ( 'NONE', #10320, #6246, #7729, .T. ) ;
#372 = EDGE_CURVE ( 'NONE', #2952, #5029, #8669, .T. ) ;
#373 = VERTEX_POINT ( 'NONE', #2799 ) ;
#374 = SURFACE_STYLE_FILL_AREA ( #6072 ) ;
#375 = MECHANICAL_DESIGN_GEOMETRIC_PRESENTATION_REPRESENTATION (  '', ( #7070 ), #3084 ) ;
#376 = EDGE_CURVE ( 'NONE', #1118, #8864, #9640, .T. ) ;
#377 = AXIS2_PLACEMENT_3D ( 'NONE', #9141, #195, #9313 ) ;
#378 = VERTEX_POINT ( 'NONE', #6118 ) ;
#379 = DIRECTION ( 'NONE',  ( 0.000000000000000000, -1.000000000000000000, 0.000000000000000000 ) ) ;
#380 = ORIENTED_EDGE ( 'NONE', *, *, #7478, .T. ) ;
#381 = ORIENTED_EDGE ( 'NONE', *, *, #2834, .T. ) ;
#382 = CARTESIAN_POINT ( 'NONE',  ( -1.302305608210474253, 1.839587083421922786, -1.418709745098121644 ) ) ;
#383 = CYLINDRICAL_SURFACE ( 'NONE', #3783, 0.1000000000000000472 ) ;
#384 = ORIENTED_EDGE ( 'NONE', *, *, #3830, .T. ) ;
#385 = LINE ( 'NONE', #7054, #1611 ) ;
#386 = ADVANCED_FACE ( 'NONE', ( #3866, #4493 ), #8863, .F. ) ;
#387 = FACE_OUTER_BOUND ( 'NONE', #8363, .T. ) ;
#388 = LINE ( 'NONE', #5025, #4582 ) ;
#389 = CARTESIAN_POINT ( 'NONE',  ( 1.928548720409129613, -0.6747121957192713237, -0.8435786437626897616 ) ) ;
#390 = CARTESIAN_POINT ( 'NONE',  ( 1.210883117545685783, 1.749999999999999778, -1.376122650963194527 ) ) ;
#391 = CIRCLE ( 'NONE', #1926, 0.09999999999999983902 ) ;
#392 = ORIENTED_EDGE ( 'NONE', *, *, #1786, .F. ) ;
#393 = FACE_OUTER_BOUND ( 'NONE', #258, .T. ) ;
#394 = ORIENTED_EDGE ( 'NONE', *, *, #5018, .T. ) ;
#395 = CARTESIAN_POINT ( 'NONE',  ( -1.283603896932107968, 1.649999999999999911, 1.490264786586926515 ) ) ;
#396 = CARTESIAN_POINT ( 'NONE',  ( 1.539999999999999591, 1.550000000000000266, 0.2144761058952749655 ) ) ;
#397 = UNCERTAINTY_MEASURE_WITH_UNIT (LENGTH_MEASURE( 1.000000000000000082E-05 ), #9825, 'distance_accuracy_value', 'NONE');
#398 = ADVANCED_FACE ( 'NONE', ( #10246 ), #3058, .T. ) ;
#399 = CARTESIAN_POINT ( 'NONE',  ( 1.500000000000000222, 0.07000000000000000666, 0.6500000000000007994 ) ) ;
#400 = CARTESIAN_POINT ( 'NONE',  ( -1.210883117545685783, 1.531965328900987799, -1.317105315413703126 ) ) ;
#401 = CARTESIAN_POINT ( 'NONE',  ( -1.876568542494923664, 1.749999999999999778, 0.7104372260139569795 ) ) ;
#402 = PLANE ( 'NONE',  #8857 ) ;
#403 = ORIENTED_EDGE ( 'NONE', *, *, #10156, .T. ) ;
#404 =( NAMED_UNIT ( * ) SI_UNIT ( $, .STERADIAN. ) SOLID_ANGLE_UNIT ( ) );
#405 = LINE ( 'NONE', #4476, #7531 ) ;
#406 = ORIENTED_EDGE ( 'NONE', *, *, #7876, .F. ) ;
#407 = EDGE_CURVE ( 'NONE', #10363, #7359, #6177, .T. ) ;
#408 = DIRECTION ( 'NONE',  ( -0.7071067811865456854, 0.000000000000000000, -0.7071067811865493491 ) ) ;
#409 = EDGE_LOOP ( 'NONE', ( #7467, #697, #9895, #2280 ) ) ;
#410 = FACE_OUTER_BOUND ( 'NONE', #2480, .T. ) ;
#411 = CARTESIAN_POINT ( 'NONE',  ( -1.910853531617384915, 1.550000000000000266, 0.9600000000000000755 ) ) ;
#412 =( NAMED_UNIT ( * ) PLANE_ANGLE_UNIT ( ) SI_UNIT ( $, .RADIAN. ) );
#413 = DIRECTION ( 'NONE',  ( 0.000000000000000000, -1.000000000000000000, 0.000000000000000000 ) ) ;
#414 = DIRECTION ( 'NONE',  ( 0.000000000000000000, -1.000000000000000000, 0.000000000000000000 ) ) ;
#415 = PLANE ( 'NONE',  #4911 ) ;
#416 = CARTESIAN_POINT ( 'NONE',  ( -1.354314575050763025, 1.649999999999999911, 1.419554108468271902 ) ) ;
#417 = EDGE_CURVE ( 'NONE', #5798, #1712, #9434, .T. ) ;
#418 = DIRECTION ( 'NONE',  ( 0.000000000000000000, 0.000000000000000000, -1.000000000000000000 ) ) ;
#419 = DIRECTION ( 'NONE',  ( 0.7071067811865487940, 0.000000000000000000, 0.7071067811865463515 ) ) ;
#420 = AXIS2_PLACEMENT_3D ( 'NONE', #546, #2983, #2190 ) ;
#421 =( NAMED_UNIT ( * ) SI_UNIT ( $, .STERADIAN. ) SOLID_ANGLE_UNIT ( ) );
#422 = ORIENTED_EDGE ( 'NONE', *, *, #8887, .F. ) ;
#423 = VERTEX_POINT ( 'NONE', #5599 ) ;
#424 = CYLINDRICAL_SURFACE ( 'NONE', #153, 0.1100000014699854534 ) ;
#425 = VERTEX_POINT ( 'NONE', #4787 ) ;
#426 = CARTESIAN_POINT ( 'NONE',  ( 0.000000000000000000, 0.07000000000000000666, 1.550000000000000266 ) ) ;
#427 = EDGE_CURVE ( 'NONE', #4757, #5676, #279, .T. ) ;
#428 = ORIENTED_EDGE ( 'NONE', *, *, #2951, .F. ) ;
#429 = CARTESIAN_POINT ( 'NONE',  ( -1.820000000000000062, 1.849999999999999867, -1.319554108468271814 ) ) ;
#430 = ADVANCED_FACE ( 'NONE', ( #9800 ), #7475, .F. ) ;
#431 = DIRECTION ( 'NONE',  ( -1.000000000000000000, 0.000000000000000000, 4.928191693115927811E-16 ) ) ;
#432 = ORIENTED_EDGE ( 'NONE', *, *, #3202, .F. ) ;
#433 = SURFACE_SIDE_STYLE ('',( #7788 ) ) ;
#434 = EDGE_LOOP ( 'NONE', ( #9160, #5381, #3342, #8372 ) ) ;
#435 = ORIENTED_EDGE ( 'NONE', *, *, #5251, .T. ) ;
#436 = CARTESIAN_POINT ( 'NONE',  ( 0.3999999999999998557, 1.550000000000000266, 1.259999999999999787 ) ) ;
#437 = FILL_AREA_STYLE_COLOUR ( '', #9633 ) ;
#438 = ORIENTED_EDGE ( 'NONE', *, *, #7390, .F. ) ;
#439 = DIRECTION ( 'NONE',  ( 0.000000000000000000, -1.000000000000000000, 0.000000000000000000 ) ) ;
#440 = CARTESIAN_POINT ( 'NONE',  ( 1.460000000000000187, 1.550000000000000266, 1.419554108468271902 ) ) ;
#441 = CARTESIAN_POINT ( 'NONE',  ( -1.995142775509981092, 1.449999999999851408, -1.416120190436323867 ) ) ;
#442 = CARTESIAN_POINT ( 'NONE',  ( -1.804007243629379253, 1.749312144838375049, -1.492535646897326540 ) ) ;
#443 =( BOUNDED_CURVE ( )  B_SPLINE_CURVE ( 3, ( #5899, #96, #9110, #9984 ),
 .UNSPECIFIED., .F., .F. ) 
 B_SPLINE_CURVE_WITH_KNOTS ( ( 4, 4 ),
 ( 3.141592653589794004, 4.712388980384689674 ),
 .UNSPECIFIED. ) 
 CURVE ( )  GEOMETRIC_REPRESENTATION_ITEM ( )  RATIONAL_B_SPLINE_CURVE ( ( 1.000000000000000000, 0.8047378541243652705, 0.8047378541243652705, 1.000000000000000000 ) ) 
 REPRESENTATION_ITEM ( '' )  );
#444 = EDGE_CURVE ( 'NONE', #338, #4452, #4023, .T. ) ;
#445 = VERTEX_POINT ( 'NONE', #5006 ) ;
#446 = CARTESIAN_POINT ( 'NONE',  ( -1.988436006080599228, 1.464166666666575800, -1.428284318757803595 ) ) ;
#447 = ORIENTED_EDGE ( 'NONE', *, *, #8917, .F. ) ;
#448 = CARTESIAN_POINT ( 'NONE',  ( -1.310883117545685872, 1.749999999999999778, 1.376122650963194305 ) ) ;
#449 =( BOUNDED_SURFACE ( )  B_SPLINE_SURFACE ( 3, 3, ( 
 ( #10052, #1941, #2668, #5972 ),
 ( #9228, #1887, #6845, #5167 ),
 ( #7633, #10110, #4401, #10421 ),
 ( #7899, #8740, #5881, #828 ) ),
 .UNSPECIFIED., .F., .F., .T. ) 
 B_SPLINE_SURFACE_WITH_KNOTS ( ( 4, 4 ),
 ( 4, 4 ),
 ( 0.000000000000000000, 1.000000000000000000 ),
 ( 0.000000000000000000, 1.000000000000000000 ),
 .UNSPECIFIED. ) 
 GEOMETRIC_REPRESENTATION_ITEM ( )  RATIONAL_B_SPLINE_SURFACE ( (
 ( 1.000000000000000000, 0.8025111867385925635, 0.8025111867385925635, 1.000000000000000000),
 ( 0.9486501948152646913, 0.7613023936409950565, 0.7613023936409950565, 0.9486501948152646913),
 ( 0.9486501948152646913, 0.7613023936409950565, 0.7613023936409950565, 0.9486501948152646913),
 ( 1.000000000000000000, 0.8025111867385925635, 0.8025111867385925635, 1.000000000000000000) ) ) 
 REPRESENTATION_ITEM ( '' )  SURFACE ( )  );
#450 = CARTESIAN_POINT ( 'NONE',  ( -2.299767353907860468, 0.5907607301639083985, 1.355000000000000870 ) ) ;
#451 = DIRECTION ( 'NONE',  ( 0.000000000000000000, 1.000000000000000000, 0.000000000000000000 ) ) ;
#452 = FILL_AREA_STYLE_COLOUR ( '', #9217 ) ;
#453 = CARTESIAN_POINT ( 'NONE',  ( 0.4000000000000000222, 1.550000000000000266, 0.000000000000000000 ) ) ;
#454 = VECTOR ( 'NONE', #9083, 1000.000000000000000 ) ;
#455 = VERTEX_POINT ( 'NONE', #2467 ) ;
#456 = CARTESIAN_POINT ( 'NONE',  ( 1.910853531617384915, 1.550000000000000266, 0.9600000000000000755 ) ) ;
#457 = ORIENTED_EDGE ( 'NONE', *, *, #10538, .T. ) ;
#458 = FILL_AREA_STYLE_COLOUR ( '', #2742 ) ;
#459 = AXIS2_PLACEMENT_3D ( 'NONE', #8600, #4524, #7640 ) ;
#460 = ORIENTED_EDGE ( 'NONE', *, *, #9689, .F. ) ;
#461 = DIRECTION ( 'NONE',  ( 1.000000000000000000, 0.000000000000000000, 0.000000000000000000 ) ) ;
#462 = CARTESIAN_POINT ( 'NONE',  ( 1.947942502722566083, 1.820427584973231872, 0.7697627741596239082 ) ) ;
#463 = FACE_OUTER_BOUND ( 'NONE', #2120, .T. ) ;
#464 = STYLED_ITEM ( 'NONE', ( #10534 ), #9302 ) ;
#465 = DIRECTION ( 'NONE',  ( 1.000000000000000000, 0.000000000000000000, -0.000000000000000000 ) ) ;
#466 = PRESENTATION_STYLE_ASSIGNMENT (( #7975 ) ) ;
#467 = MECHANICAL_DESIGN_GEOMETRIC_PRESENTATION_REPRESENTATION (  '', ( #2833 ), #6992 ) ;
#468 = CARTESIAN_POINT ( 'NONE',  ( -1.919999999999999929, 1.849999999999999867, 1.235200384405516161 ) ) ;
#469 = AXIS2_PLACEMENT_3D ( 'NONE', #10449, #3161, #1317 ) ;
#470 = CARTESIAN_POINT ( 'NONE',  ( -1.853664787607363085, 1.497472741345223790, 1.519554108468272657 ) ) ;
#471 = DIRECTION ( 'NONE',  ( 1.000000000000000000, -0.000000000000000000, 0.000000000000000000 ) ) ;
#472 = VERTEX_POINT ( 'NONE', #4083 ) ;
#473 = FACE_OUTER_BOUND ( 'NONE', #7783, .T. ) ;
#474 = PRESENTATION_LAYER_ASSIGNMENT (  '', '', ( #9026 ) ) ;
#475 = ORIENTED_EDGE ( 'NONE', *, *, #3851, .F. ) ;
#476 = ORIENTED_EDGE ( 'NONE', *, *, #10593, .F. ) ;
#477 = CARTESIAN_POINT ( 'NONE',  ( -1.916566081967760127, 1.449999999999999956, 1.494696883978414048 ) ) ;
#478 = AXIS2_PLACEMENT_3D ( 'NONE', #221, #4936, #2662 ) ;
#479 = CARTESIAN_POINT ( 'NONE',  ( 1.820000000000000062, 2.049999999999999822, -1.519554108468272435 ) ) ;
#480 = DIRECTION ( 'NONE',  ( -9.866381877431726115E-16, 0.000000000000000000, 1.000000000000000000 ) ) ;
#481 = VERTEX_POINT ( 'NONE', #5758 ) ;
#482 = ORIENTED_EDGE ( 'NONE', *, *, #9553, .T. ) ;
#483 = VECTOR ( 'NONE', #9972, 1000.000000000000000 ) ;
#484 = PLANE ( 'NONE',  #176 ) ;
#485 = ORIENTED_EDGE ( 'NONE', *, *, #4683, .T. ) ;
#486 = LINE ( 'NONE', #4453, #3478 ) ;
#487 = CYLINDRICAL_SURFACE ( 'NONE', #346, 0.1000000000000001443 ) ;
#488 = DIRECTION ( 'NONE',  ( 0.000000000000000000, -1.000000000000000000, 0.000000000000000000 ) ) ;
#489 = CARTESIAN_POINT ( 'NONE',  ( -1.310883117545685650, 1.849999999999999867, 1.376122650963194527 ) ) ;
#490 = VECTOR ( 'NONE', #2010, 1000.000000000000000 ) ;
#492 = ORIENTED_EDGE ( 'NONE', *, *, #2425, .T. ) ;
#491 = VECTOR ( 'NONE', #918, 999.9999999999998863 ) ;
#493 = CARTESIAN_POINT ( 'NONE',  ( -1.961421356237309732, 1.449999999999999289, -1.460975464705581928 ) ) ;
#494 = EDGE_LOOP ( 'NONE', ( #2049, #6515, #7951, #4662, #10468, #1260 ) ) ;
#495 = DIRECTION ( 'NONE',  ( -0.000000000000000000, 1.000000000000000000, -0.000000000000000000 ) ) ;
#496 = DIRECTION ( 'NONE',  ( 1.517883041479705577E-14, 0.000000000000000000, -1.000000000000000000 ) ) ;
#497 =( NAMED_UNIT ( * ) PLANE_ANGLE_UNIT ( ) SI_UNIT ( $, .RADIAN. ) );
#498 = SURFACE_SIDE_STYLE ('',( #9512 ) ) ;
#499 =( BOUNDED_SURFACE ( )  B_SPLINE_SURFACE ( 3, 3, ( 
 ( #6732, #2461, #9994, #9168 ),
 ( #9886, #5097, #8377, #5748 ),
 ( #1670, #1727, #2510, #9014 ),
 ( #1023, #7466, #920, #4289 ) ),
 .UNSPECIFIED., .F., .F., .F. ) 
 B_SPLINE_SURFACE_WITH_KNOTS ( ( 4, 4 ),
 ( 4, 4 ),
 ( 0.000000000000000000, 1.000000000000000000 ),
 ( 0.000000000000000000, 1.000000000000000000 ),
 .UNSPECIFIED. ) 
 GEOMETRIC_REPRESENTATION_ITEM ( )  RATIONAL_B_SPLINE_SURFACE ( (
 ( 1.000000000000000000, 0.8025111867385925635, 0.8025111867385925635, 1.000000000000000000),
 ( 0.9486501948152645802, 0.7613023936409950565, 0.7613023936409950565, 0.9486501948152645802),
 ( 0.9486501948152645802, 0.7613023936409950565, 0.7613023936409950565, 0.9486501948152645802),
 ( 1.000000000000000000, 0.8025111867385925635, 0.8025111867385925635, 1.000000000000000000) ) ) 
 REPRESENTATION_ITEM ( '' )  SURFACE ( )  );
#500 = CARTESIAN_POINT ( 'NONE',  ( -1.930724102706342427, -1.145451261138598076, 0.7950000000000007061 ) ) ;
#501 = EDGE_CURVE ( 'NONE', #7755, #4439, #7379, .T. ) ;
#502 = ADVANCED_FACE ( 'NONE', ( #8283 ), #3368, .F. ) ;
#503 = EDGE_CURVE ( 'NONE', #10219, #4332, #5763, .T. ) ;
#504 = CARTESIAN_POINT ( 'NONE',  ( 1.919137802864846698, 1.550000000000000266, -0.9799999999999999822 ) ) ;
#505 = CYLINDRICAL_SURFACE ( 'NONE', #297, 0.1000000000000000472 ) ;
#506 = VECTOR ( 'NONE', #6117, 1000.000000000000000 ) ;
#507 = EDGE_CURVE ( 'NONE', #10364, #4561, #3434, .T. ) ;
#508 = ORIENTED_EDGE ( 'NONE', *, *, #9781, .F. ) ;
#509 = CARTESIAN_POINT ( 'NONE',  ( 1.354314575050763469, 1.749999999999999778, -1.519554108468271991 ) ) ;
#510 = SURFACE_STYLE_FILL_AREA ( #3605 ) ;
#511 = ORIENTED_EDGE ( 'NONE', *, *, #10205, .F. ) ;
#512 = VERTEX_POINT ( 'NONE', #9399 ) ;
#513 = CARTESIAN_POINT ( 'NONE',  ( 2.207596236799650224, 0.1571297138572338992, -1.355000000000000204 ) ) ;
#514 = SURFACE_STYLE_FILL_AREA ( #9478 ) ;
#515 = DIRECTION ( 'NONE',  ( -0.000000000000000000, 1.000000000000000000, -0.000000000000000000 ) ) ;
#516 = CIRCLE ( 'NONE', #8394, 0.1000000000000001166 ) ;
#517 = CARTESIAN_POINT ( 'NONE',  ( 2.020000000000000906, 1.784571554749779798, -0.7948513479695228368 ) ) ;
#518 = AXIS2_PLACEMENT_3D ( 'NONE', #8432, #1085, #6848 ) ;
#519 = DIRECTION ( 'NONE',  ( 1.000000000000000000, 0.000000000000000000, -0.000000000000000000 ) ) ;
#520 = DIRECTION ( 'NONE',  ( -9.866381877431726115E-16, 0.000000000000000000, 1.000000000000000000 ) ) ;
#521 = COLOUR_RGB ( '',0.8431372549019607865, 0.8156862745098039102, 0.7529411764705882248 ) ;
#522 = SURFACE_STYLE_FILL_AREA ( #6229 ) ;
#523 = LINE ( 'NONE', #3784, #8215 ) ;
#524 = CIRCLE ( 'NONE', #6199, 0.1000000000000000749 ) ;
#525 = ORIENTED_EDGE ( 'NONE', *, *, #3438, .F. ) ;
#526 = DIRECTION ( 'NONE',  ( -1.602269220421927623E-16, 0.000000000000000000, -1.000000000000000000 ) ) ;
#527 = ORIENTED_EDGE ( 'NONE', *, *, #7350, .F. ) ;
#528 = CARTESIAN_POINT ( 'NONE',  ( -1.876568542494923664, 1.749999999999999778, 0.8104372260139570683 ) ) ;
#529 = EDGE_CURVE ( 'NONE', #2870, #8115, #1663, .T. ) ;
#530 = EDGE_CURVE ( 'NONE', #4168, #9814, #283, .T. ) ;
#531 = ORIENTED_EDGE ( 'NONE', *, *, #4813, .T. ) ;
#532 = CARTESIAN_POINT ( 'NONE',  ( 1.761347234272320650, 1.749999999999999778, -1.519554108468271991 ) ) ;
#533 = CIRCLE ( 'NONE', #9620, 0.1000000000000000472 ) ;
#534 = CIRCLE ( 'NONE', #5331, 0.09999999999999997780 ) ;
#535 = VECTOR ( 'NONE', #10120, 1000.000000000000000 ) ;
#536 = CARTESIAN_POINT ( 'NONE',  ( -1.210883117545685561, 1.531965328900978474, 1.317105315413683142 ) ) ;
#537 = ORIENTED_EDGE ( 'NONE', *, *, #710, .T. ) ;
#538 = DIRECTION ( 'NONE',  ( 0.7071067811865474617, 0.000000000000000000, 0.7071067811865475727 ) ) ;
#539 = ORIENTED_EDGE ( 'NONE', *, *, #1946, .T. ) ;
#540 = ORIENTED_EDGE ( 'NONE', *, *, #2705, .F. ) ;
#541 = CIRCLE ( 'NONE', #10151, 0.09999999999999997780 ) ;
#542 = ADVANCED_FACE ( 'NONE', ( #4467, #4302 ), #1833, .F. ) ;
#543 = FACE_OUTER_BOUND ( 'NONE', #1065, .T. ) ;
#544 = PRESENTATION_LAYER_ASSIGNMENT (  '', '', ( #5172 ) ) ;
#545 = ORIENTED_EDGE ( 'NONE', *, *, #2961, .F. ) ;
#546 = CARTESIAN_POINT ( 'NONE',  ( -1.910853531617384915, 1.550000000000000266, -0.9600000000000000755 ) ) ;
#547 = ORIENTED_EDGE ( 'NONE', *, *, #8505, .F. ) ;
#548 = CARTESIAN_POINT ( 'NONE',  ( 1.961450846593843167, 1.449999999999999956, -1.460945955241861327 ) ) ;
#549 = CARTESIAN_POINT ( 'NONE',  ( -1.761347234272319984, 1.749057536156685799, -1.519549667179166619 ) ) ;
#550 = VECTOR ( 'NONE', #5508, 1000.000000000000000 ) ;
#551 = EDGE_CURVE ( 'NONE', #5710, #5256, #6046, .T. ) ;
#552 = ORIENTED_EDGE ( 'NONE', *, *, #5251, .F. ) ;
#553 = EDGE_CURVE ( 'NONE', #93, #58, #10234, .T. ) ;
#554 = VERTEX_POINT ( 'NONE', #3536 ) ;
#555 = FILL_AREA_STYLE ('',( #5539 ) ) ;
#556 = CARTESIAN_POINT ( 'NONE',  ( -2.020000000000000462, 1.539480857753715792, -1.319554108468272258 ) ) ;
#557 = CARTESIAN_POINT ( 'NONE',  ( -1.855265411975102419, 1.495475424902659611, 1.519554108468272435 ) ) ;
#558 = VECTOR ( 'NONE', #341, 1000.000000000000114 ) ;
#559 = CARTESIAN_POINT ( 'NONE',  ( -2.020000000000000462, 1.539480857672253178, 1.319554108264968217 ) ) ;
#560 = ADVANCED_FACE ( 'NONE', ( #5335 ), #7802, .T. ) ;
#561 = CARTESIAN_POINT ( 'NONE',  ( 1.380000000000000115, 2.049999999999999822, -1.419137802864844922 ) ) ;
#562 = CARTESIAN_POINT ( 'NONE',  ( 1.919137802864846698, 1.449999999999999956, 0.8799999999999998934 ) ) ;
#563 = VECTOR ( 'NONE', #7, 1000.000000000000000 ) ;
#564 = VERTEX_POINT ( 'NONE', #10004 ) ;
#565 = EDGE_CURVE ( 'NONE', #5256, #564, #2782, .T. ) ;
#566 = CARTESIAN_POINT ( 'NONE',  ( 1.820000000000000062, 1.539480857753717125, -1.519554108468272435 ) ) ;
#567 = DIRECTION ( 'NONE',  ( 0.000000000000000000, 0.000000000000000000, -1.000000000000000000 ) ) ;
#568 = ORIENTED_EDGE ( 'NONE', *, *, #9019, .F. ) ;
#569 = DIRECTION ( 'NONE',  ( 0.000000000000000000, -1.000000000000000000, 0.000000000000000000 ) ) ;
#570 = ORIENTED_EDGE ( 'NONE', *, *, #10403, .T. ) ;
#571 = CARTESIAN_POINT ( 'NONE',  ( 1.820000000000000062, 1.539480857753715792, 1.419554108468271236 ) ) ;
#572 = ADVANCED_FACE ( 'NONE', ( #6964 ), #2003, .T. ) ;
#573 = CARTESIAN_POINT ( 'NONE',  ( 1.327268482960745510, 1.649999999999999911, 1.519554108468272435 ) ) ;
#574 = DIRECTION ( 'NONE',  ( -0.7071067811865474617, 0.000000000000000000, 0.7071067811865475727 ) ) ;
#575 = DIRECTION ( 'NONE',  ( -9.866381877431726115E-16, 0.000000000000000000, 1.000000000000000000 ) ) ;
#576 = CARTESIAN_POINT ( 'NONE',  ( 1.379999999999999893, 2.049999999999999822, 1.419554108468271902 ) ) ;
#577 = LINE ( 'NONE', #3826, #9902 ) ;
#578 = CARTESIAN_POINT ( 'NONE',  ( 1.639999999999999680, 1.449999999999999956, -0.2144761058952750765 ) ) ;
#579 = ADVANCED_FACE ( 'NONE', ( #5274 ), #6853, .T. ) ;
#580 = FACE_OUTER_BOUND ( 'NONE', #9136, .T. ) ;
#581 = FILL_AREA_STYLE ('',( #3670 ) ) ;
#582 = ORIENTED_EDGE ( 'NONE', *, *, #5611, .F. ) ;
#583 = DIRECTION ( 'NONE',  ( 0.000000000000000000, -1.000000000000000000, 0.000000000000000000 ) ) ;
#584 = CARTESIAN_POINT ( 'NONE',  ( -1.906297506684001553, 1.816381868788617515, 0.6979586327827717041 ) ) ;
#585 = CARTESIAN_POINT ( 'NONE',  ( -1.820000000000000062, 1.449999999999999956, -1.319554108468271814 ) ) ;
#586 = UNCERTAINTY_MEASURE_WITH_UNIT (LENGTH_MEASURE( 1.000000000000000082E-05 ), #5394, 'distance_accuracy_value', 'NONE');
#587 = CARTESIAN_POINT ( 'NONE',  ( -1.876568542494923664, 1.849999999999999867, 0.7104372260139569795 ) ) ;
#588 = ORIENTED_EDGE ( 'NONE', *, *, #10156, .F. ) ;
#589 = ORIENTED_EDGE ( 'NONE', *, *, #6735, .F. ) ;
#590 = VERTEX_POINT ( 'NONE', #2625 ) ;
#591 = CARTESIAN_POINT ( 'NONE',  ( 2.207596236799650224, 0.1571297138572338992, -0.7949999999999999289 ) ) ;
#592 = CARTESIAN_POINT ( 'NONE',  ( -1.327268482960745732, 1.590982664450488748, 1.519554108468272435 ) ) ;
#593 = COLOUR_RGB ( '',0.8431372549019607865, 0.8156862745098039102, 0.7529411764705882248 ) ;
#594 = ORIENTED_EDGE ( 'NONE', *, *, #7456, .T. ) ;
#595 = DIRECTION ( 'NONE',  ( 0.3574189366692322456, -0.6869888215621224870, -0.6326911274539271934 ) ) ;
#596 = EDGE_LOOP ( 'NONE', ( #8467, #3820, #2074, #10526, #3461 ) ) ;
#597 = DIRECTION ( 'NONE',  ( 1.000000000000000000, -0.000000000000000000, 0.000000000000000000 ) ) ;
#598 = CARTESIAN_POINT ( 'NONE',  ( 1.920000000000000373, 1.449999999999999956, 0.8800000000000000044 ) ) ;
#599 = DIRECTION ( 'NONE',  ( -0.7071067811865486830, 4.336808689942018525E-15, -0.7071067811865464625 ) ) ;
#600 = CARTESIAN_POINT ( 'NONE',  ( 1.928730210289307800, 1.464166666666673722, 1.487990114549054388 ) ) ;
#601 = CARTESIAN_POINT ( 'NONE',  ( -2.000000000000000888, 0.06999999999999996503, -1.500000000000000000 ) ) ;
#602 =( NAMED_UNIT ( * ) PLANE_ANGLE_UNIT ( ) SI_UNIT ( $, .RADIAN. ) );
#603 = CYLINDRICAL_SURFACE ( 'NONE', #1331, 0.09999999999999982514 ) ;
#604 = VERTEX_POINT ( 'NONE', #7594 ) ;
#605 = SURFACE_STYLE_FILL_AREA ( #9683 ) ;
#606 = LINE ( 'NONE', #7273, #6010 ) ;
#607 = EDGE_LOOP ( 'NONE', ( #10127, #7551, #9610, #7801 ) ) ;
#608 = CARTESIAN_POINT ( 'NONE',  ( -1.479999999999999982, 2.049999999999999822, 1.419554108468271902 ) ) ;
#609 =( LENGTH_UNIT ( ) NAMED_UNIT ( * ) SI_UNIT ( .MILLI., .METRE. ) );
#610 = VERTEX_POINT ( 'NONE', #10220 ) ;
#611 = CARTESIAN_POINT ( 'NONE',  ( 2.020000000000000462, 1.539480857753715792, 1.319554108468272258 ) ) ;
#612 = CARTESIAN_POINT ( 'NONE',  ( 1.846839578305846441, 1.862473597731678199, 0.8114972960866296825 ) ) ;
#613 = DIRECTION ( 'NONE',  ( 1.000000000000000000, 0.000000000000000000, -0.000000000000000000 ) ) ;
#614 = CIRCLE ( 'NONE', #956, 0.1000000000000000472 ) ;
#615 = CARTESIAN_POINT ( 'NONE',  ( 1.354314575050763469, 2.049999999999999822, -1.519554108468272213 ) ) ;
#616 = PLANE ( 'NONE',  #4048 ) ;
#617 = EDGE_CURVE ( 'NONE', #7419, #2291, #5221, .T. ) ;
#618 = VECTOR ( 'NONE', #2958, 1000.000000000000000 ) ;
#619 = DIRECTION ( 'NONE',  ( 0.000000000000000000, 1.000000000000000000, -0.000000000000000000 ) ) ;
#620 = AXIS2_PLACEMENT_3D ( 'NONE', #5550, #6476, #419 ) ;
#621 =( NAMED_UNIT ( * ) PLANE_ANGLE_UNIT ( ) SI_UNIT ( $, .RADIAN. ) );
#622 = CARTESIAN_POINT ( 'NONE',  ( -1.354314575050762581, 1.649999999999999911, 1.419554108468271680 ) ) ;
#623 = VECTOR ( 'NONE', #7988, 1000.000000000000000 ) ;
#624 = ORIENTED_EDGE ( 'NONE', *, *, #1157, .T. ) ;
#625 = CARTESIAN_POINT ( 'NONE',  ( -2.020000000000000018, 2.049999999999999822, 0.8538686835190342217 ) ) ;
#626 = CYLINDRICAL_SURFACE ( 'NONE', #1700, 0.1100000014699854534 ) ;
#627 = DIRECTION ( 'NONE',  ( -0.000000000000000000, 1.000000000000000000, -0.000000000000000000 ) ) ;
#628 = CARTESIAN_POINT ( 'NONE',  ( -1.961421356237310176, 1.449999999999999956, 1.460975464705581262 ) ) ;
#629 = CARTESIAN_POINT ( 'NONE',  ( -2.100000000000000089, 0.07000000000000061728, 0.000000000000000000 ) ) ;
#630 = CIRCLE ( 'NONE', #6131, 0.1000000000000000472 ) ;
#631 = EDGE_CURVE ( 'NONE', #3633, #9700, #3482, .T. ) ;
#632 = EDGE_CURVE ( 'NONE', #709, #5696, #8491, .T. ) ;
#633 = VECTOR ( 'NONE', #7292, 1000.000000000000114 ) ;
#634 = DIRECTION ( 'NONE',  ( -0.7071067811865474617, 0.000000000000000000, -0.7071067811865474617 ) ) ;
#635 = CARTESIAN_POINT ( 'NONE',  ( -2.020000000000000462, 1.749999999999999778, 0.8538686835190337776 ) ) ;
#636 = CIRCLE ( 'NONE', #3531, 0.1000000000000002554 ) ;
#637 = VERTEX_POINT ( 'NONE', #395 ) ;
#638 = VERTEX_POINT ( 'NONE', #8441 ) ;
#639 = CARTESIAN_POINT ( 'NONE',  ( -2.020000000000000462, 1.649999999999999911, -0.8538686835190336666 ) ) ;
#640 = ORIENTED_EDGE ( 'NONE', *, *, #2068, .T. ) ;
#641 = COLOUR_RGB ( '',0.8431372549019607865, 0.8156862745098039102, 0.7529411764705882248 ) ;
#642 = CARTESIAN_POINT ( 'NONE',  ( -1.888032633253842185, 1.566741114999319784, -1.487586741722114470 ) ) ;
#643 = CARTESIAN_POINT ( 'NONE',  ( 1.968185286595250050, 1.449999999999991962, -1.454202824671499750 ) ) ;
#644 = AXIS2_PLACEMENT_3D ( 'NONE', #712, #10428, #6363 ) ;
#645 = VERTEX_POINT ( 'NONE', #1088 ) ;
#646 = SURFACE_STYLE_FILL_AREA ( #2938 ) ;
#647 = VERTEX_POINT ( 'NONE', #10117 ) ;
#648 = PLANE ( 'NONE',  #10243 ) ;
#649 = CARTESIAN_POINT ( 'NONE',  ( -1.820000000000000062, 1.749999999999999778, 1.419554108468272124 ) ) ;
#650 = CARTESIAN_POINT ( 'NONE',  ( 1.479999999999999982, 1.449999999999999956, 1.519554108468272435 ) ) ;
#651 = CARTESIAN_POINT ( 'NONE',  ( 1.952926365165766676, 1.458843412017418961, 1.465926955033529877 ) ) ;
#652 = DIRECTION ( 'NONE',  ( 1.000000000000000000, 0.000000000000000000, 0.000000000000000000 ) ) ;
#653 = ADVANCED_FACE ( 'NONE', ( #9299 ), #1952, .T. ) ;
#654 = EDGE_CURVE ( 'NONE', #7041, #8788, #2991, .T. ) ;
#655 = CARTESIAN_POINT ( 'NONE',  ( 1.978072250575702684, 1.591098133480644439, 0.7533169077592968277 ) ) ;
#656 = VECTOR ( 'NONE', #2335, 1000.000000000000000 ) ;
#657 = LINE ( 'NONE', #7118, #9029 ) ;
#658 = VECTOR ( 'NONE', #692, 1000.000000000000000 ) ;
#659 = CARTESIAN_POINT ( 'NONE',  ( 1.639999999999999458, 1.550000000000000266, -0.2144761058952750488 ) ) ;
#660 = PLANE ( 'NONE',  #1876 ) ;
#661 = VERTEX_POINT ( 'NONE', #6361 ) ;
#662 = DIRECTION ( 'NONE',  ( 1.000000000000000000, 0.000000000000000000, 0.000000000000000000 ) ) ;
#663 = AXIS2_PLACEMENT_3D ( 'NONE', #5341, #2158, #5437 ) ;
#664 = DIRECTION ( 'NONE',  ( -1.000000000000000000, 0.000000000000000000, 0.000000000000000000 ) ) ;
#665 = ORIENTED_EDGE ( 'NONE', *, *, #10538, .F. ) ;
#666 = FILL_AREA_STYLE ('',( #8026 ) ) ;
#667 = VECTOR ( 'NONE', #2582, 1000.000000000000114 ) ;
#668 = LINE ( 'NONE', #7230, #174 ) ;
#669 = FACE_OUTER_BOUND ( 'NONE', #7411, .T. ) ;
#670 = CARTESIAN_POINT ( 'NONE',  ( -1.327268482960745510, 1.849995558710895160, 1.418611644624957480 ) ) ;
#671 = CYLINDRICAL_SURFACE ( 'NONE', #115, 0.09999999999999997780 ) ;
#672 = CARTESIAN_POINT ( 'NONE',  ( -1.920000000000000373, 1.550000000000000266, -1.319554108468271814 ) ) ;
#673 = CARTESIAN_POINT ( 'NONE',  ( -1.974407258455723957, 1.449999877060272890, 1.447989611748359051 ) ) ;
#674 =( GEOMETRIC_REPRESENTATION_CONTEXT ( 3 ) GLOBAL_UNCERTAINTY_ASSIGNED_CONTEXT ( ( #6965 ) ) GLOBAL_UNIT_ASSIGNED_CONTEXT ( ( #5159, #4341, #1271 ) ) REPRESENTATION_CONTEXT ( 'NONE', 'WORKASPACE' ) );
#675 = VECTOR ( 'NONE', #9472, 1000.000000000000114 ) ;
#676 = DIRECTION ( 'NONE',  ( -9.866381877431726115E-16, 0.000000000000000000, -1.000000000000000000 ) ) ;
#677 = EDGE_CURVE ( 'NONE', #866, #6741, #8646, .T. ) ;
#678 = CARTESIAN_POINT ( 'NONE',  ( -1.354314575050763025, 1.649999999999999911, -1.419554108468272124 ) ) ;
#679 = ADVANCED_FACE ( 'NONE', ( #5587 ), #9461, .F. ) ;
#680 = ORIENTED_EDGE ( 'NONE', *, *, #4844, .F. ) ;
#681 = AXIS2_PLACEMENT_3D ( 'NONE', #8455, #2587, #8509 ) ;
#682 = AXIS2_PLACEMENT_3D ( 'NONE', #6624, #2617, #9890 ) ;
#683 = FACE_OUTER_BOUND ( 'NONE', #8307, .T. ) ;
#684 = DIRECTION ( 'NONE',  ( 0.000000000000000000, 0.000000000000000000, -1.000000000000000000 ) ) ;
#685 = FACE_OUTER_BOUND ( 'NONE', #3182, .T. ) ;
#686 = CARTESIAN_POINT ( 'NONE',  ( -1.252810866969983339, 1.749999999999999556, -1.476674426722931477 ) ) ;
#687 = AXIS2_PLACEMENT_3D ( 'NONE', #1113, #4328, #9153 ) ;
#688 = CARTESIAN_POINT ( 'NONE',  ( -2.013186970164016376, 1.512602837497160291, -1.384125279259981189 ) ) ;
#689 = EDGE_CURVE ( 'NONE', #10168, #1231, #5489, .T. ) ;
#690 = VECTOR ( 'NONE', #3933, 1000.000000000000000 ) ;
#691 = AXIS2_PLACEMENT_3D ( 'NONE', #5211, #3471, #1822 ) ;
#692 = DIRECTION ( 'NONE',  ( 1.000000000000000000, 0.000000000000000000, 0.000000000000000000 ) ) ;
#693 = CARTESIAN_POINT ( 'NONE',  ( 2.050000000000000266, 0.000000000000000000, -1.500000000000000000 ) ) ;
#694 = CARTESIAN_POINT ( 'NONE',  ( 1.311825581389000295, 1.749999999999999778, 1.476118209674089465 ) ) ;
#695 = EDGE_CURVE ( 'NONE', #10439, #2313, #630, .T. ) ;
#696 = ADVANCED_FACE ( 'NONE', ( #4677 ), #648, .F. ) ;
#697 = ORIENTED_EDGE ( 'NONE', *, *, #9404, .T. ) ;
#698 = ORIENTED_EDGE ( 'NONE', *, *, #5782, .T. ) ;
#699 = CARTESIAN_POINT ( 'NONE',  ( 1.921608451931494654, 1.493727452132818101, -1.483267048186025727 ) ) ;
#700 = ORIENTED_EDGE ( 'NONE', *, *, #9691, .T. ) ;
#701 = CARTESIAN_POINT ( 'NONE',  ( -1.379999999999999893, 1.649999999999999911, -1.519554108468272213 ) ) ;
#702 = COLOUR_RGB ( '',0.8431372549019607865, 0.8156862745098039102, 0.7529411764705882248 ) ;
#703 = ORIENTED_EDGE ( 'NONE', *, *, #2416, .F. ) ;
#704 = EDGE_CURVE ( 'NONE', #1001, #445, #2940, .T. ) ;
#705 = CARTESIAN_POINT ( 'NONE',  ( -1.354314575050763469, 1.649999999999999467, 1.519554108468272435 ) ) ;
#706 = COLOUR_RGB ( '',0.8431372549019607865, 0.8156862745098039102, 0.7529411764705882248 ) ;
#707 = VECTOR ( 'NONE', #6376, 1000.000000000000000 ) ;
#708 = EDGE_LOOP ( 'NONE', ( #9924, #9190, #8339 ) ) ;
#709 = VERTEX_POINT ( 'NONE', #6254 ) ;
#710 = EDGE_CURVE ( 'NONE', #9663, #1148, #1484, .T. ) ;
#711 = ORIENTED_EDGE ( 'NONE', *, *, #8034, .F. ) ;
#712 = CARTESIAN_POINT ( 'NONE',  ( 1.460000000000000187, 1.550000000000000266, 1.410853531617383361 ) ) ;
#713 = FILL_AREA_STYLE_COLOUR ( '', #9449 ) ;
#714 = EDGE_CURVE ( 'NONE', #1064, #2921, #2673, .T. ) ;
#715 = CARTESIAN_POINT ( 'NONE',  ( 1.916566081967760127, 1.449999999999999956, 1.494696883978414048 ) ) ;
#716 =( NAMED_UNIT ( * ) SI_UNIT ( $, .STERADIAN. ) SOLID_ANGLE_UNIT ( ) );
#717 = PRESENTATION_STYLE_ASSIGNMENT (( #2463 ) ) ;
#718 = LINE ( 'NONE', #971, #7637 ) ;
#719 = VECTOR ( 'NONE', #10532, 1000.000000000000000 ) ;
#720 = UNCERTAINTY_MEASURE_WITH_UNIT (LENGTH_MEASURE( 1.000000000000000082E-05 ), #2150, 'distance_accuracy_value', 'NONE');
#721 = CARTESIAN_POINT ( 'NONE',  ( -1.500000000000000222, 0.07000000000000000666, 0.6500000000000007994 ) ) ;
#722 = EDGE_CURVE ( 'NONE', #8477, #3252, #5428, .T. ) ;
#723 = ORIENTED_EDGE ( 'NONE', *, *, #3364, .T. ) ;
#724 =( NAMED_UNIT ( * ) SI_UNIT ( $, .STERADIAN. ) SOLID_ANGLE_UNIT ( ) );
#725 = ORIENTED_EDGE ( 'NONE', *, *, #1236, .T. ) ;
#726 = CARTESIAN_POINT ( 'NONE',  ( -2.020000000000000018, 1.555704050069235622, 1.360041858934615933 ) ) ;
#727 = PRESENTATION_STYLE_ASSIGNMENT (( #2424 ) ) ;
#728 = DIRECTION ( 'NONE',  ( -0.7071067811865502373, 0.000000000000000000, 0.7071067811865449082 ) ) ;
#729 = LINE ( 'NONE', #4089, #3189 ) ;
#730 = DIRECTION ( 'NONE',  ( 0.7071067811865449082, 0.000000000000000000, -0.7071067811865502373 ) ) ;
#731 = CARTESIAN_POINT ( 'NONE',  ( -1.310883117545685872, 1.849999999999999867, 1.376122650963194305 ) ) ;
#732 = SURFACE_STYLE_FILL_AREA ( #6388 ) ;
#733 = DIRECTION ( 'NONE',  ( 0.7071067811865486830, 0.000000000000000000, -0.7071067811865464625 ) ) ;
#734 = ORIENTED_EDGE ( 'NONE', *, *, #1151, .F. ) ;
#735 = SURFACE_STYLE_FILL_AREA ( #5723 ) ;
#736 = CARTESIAN_POINT ( 'NONE',  ( -2.050000000000000711, 0.000000000000000000, -0.5500000000000000444 ) ) ;
#737 = CARTESIAN_POINT ( 'NONE',  ( -1.947942502722566083, 1.749999999999999556, 0.7403961109355766679 ) ) ;
#738 = FACE_OUTER_BOUND ( 'NONE', #3996, .T. ) ;
#739 = FACE_OUTER_BOUND ( 'NONE', #3904, .T. ) ;
#740 = EDGE_CURVE ( 'NONE', #7061, #10029, #5326, .T. ) ;
#741 = EDGE_CURVE ( 'NONE', #1647, #3962, #4515, .T. ) ;
#742 = DIRECTION ( 'NONE',  ( 0.000000000000000000, -1.000000000000000000, 0.000000000000000000 ) ) ;
#743 = CARTESIAN_POINT ( 'NONE',  ( 2.299767353907860468, 0.5907607301639083985, 1.355000000000000426 ) ) ;
#744 =( NAMED_UNIT ( * ) PLANE_ANGLE_UNIT ( ) SI_UNIT ( $, .RADIAN. ) );
#745 = EDGE_CURVE ( 'NONE', #1936, #4556, #6197, .T. ) ;
#746 = VERTEX_POINT ( 'NONE', #5378 ) ;
#747 = VERTEX_POINT ( 'NONE', #6789 ) ;
#748 =( LENGTH_UNIT ( ) NAMED_UNIT ( * ) SI_UNIT ( .MILLI., .METRE. ) );
#749 = ORIENTED_EDGE ( 'NONE', *, *, #407, .T. ) ;
#750 = FACE_OUTER_BOUND ( 'NONE', #4436, .T. ) ;
#751 = DIRECTION ( 'NONE',  ( 1.000000000000000000, 0.000000000000000000, 0.000000000000000000 ) ) ;
#752 = ADVANCED_FACE ( 'NONE', ( #4346 ), #449, .T. ) ;
#753 = ORIENTED_EDGE ( 'NONE', *, *, #4740, .F. ) ;
#754 = ORIENTED_EDGE ( 'NONE', *, *, #1879, .F. ) ;
#755 = ORIENTED_EDGE ( 'NONE', *, *, #3364, .F. ) ;
#756 = ORIENTED_EDGE ( 'NONE', *, *, #5283, .T. ) ;
#757 = AXIS2_PLACEMENT_3D ( 'NONE', #8689, #1129, #9336 ) ;
#758 = CARTESIAN_POINT ( 'NONE',  ( -1.910853531617384693, 1.550000000000000266, -0.8600000000000000977 ) ) ;
#759 = CARTESIAN_POINT ( 'NONE',  ( 1.846839578305846441, 1.649999999999999911, -0.6979586327827718151 ) ) ;
#760 = CARTESIAN_POINT ( 'NONE',  ( -1.846839578305846219, 1.583618131211381952, -0.6979586327827720371 ) ) ;
#761 = CARTESIAN_POINT ( 'NONE',  ( -1.930724102706342649, -1.145451261138598076, -0.09999999999999968636 ) ) ;
#762 = EDGE_CURVE ( 'NONE', #7567, #3444, #5955, .T. ) ;
#763 = EDGE_CURVE ( 'NONE', #8657, #1005, #891, .T. ) ;
#764 = ORIENTED_EDGE ( 'NONE', *, *, #1557, .F. ) ;
#765 = CARTESIAN_POINT ( 'NONE',  ( 1.023599564173221177, 1.449999999999999956, -0.8600000000000000977 ) ) ;
#766 = EDGE_LOOP ( 'NONE', ( #2716, #8157, #1652, #6840 ) ) ;
#768 = CARTESIAN_POINT ( 'NONE',  ( -2.201952593834479277, 0.6115518992456836500, 0.7950000000000002620 ) ) ;
#767 = CARTESIAN_POINT ( 'NONE',  ( 1.920000000000000373, 1.849999999999999867, 1.235200384405517049 ) ) ;
#769 = CARTESIAN_POINT ( 'NONE',  ( -2.109781477445200615, 0.1779208827861958053, 1.649692833238015632 ) ) ;
#770 = LINE ( 'NONE', #4025, #876 ) ;
#771 = DIRECTION ( 'NONE',  ( -1.000000000000000000, 0.000000000000000000, -4.928191693115927811E-16 ) ) ;
#772 = SURFACE_STYLE_USAGE ( .BOTH. , #928 ) ;
#773 = LINE ( 'NONE', #4032, #4407 ) ;
#774 = FACE_OUTER_BOUND ( 'NONE', #5320, .T. ) ;
#775 =( BOUNDED_CURVE ( )  B_SPLINE_CURVE ( 3, ( #8120, #7312, #9564, #2202 ),
 .UNSPECIFIED., .F., .T. ) 
 B_SPLINE_CURVE_WITH_KNOTS ( ( 4, 4 ),
 ( 4.712388980384689674, 6.283185307179586232 ),
 .UNSPECIFIED. ) 
 CURVE ( )  GEOMETRIC_REPRESENTATION_ITEM ( )  RATIONAL_B_SPLINE_CURVE ( ( 1.000000000000000000, 0.8047378541243649375, 0.8047378541243649375, 1.000000000000000000 ) ) 
 REPRESENTATION_ITEM ( '' )  );
#776 = DIRECTION ( 'NONE',  ( -0.7071067811865475727, 0.000000000000000000, -0.7071067811865474617 ) ) ;
#777 = SURFACE_STYLE_USAGE ( .BOTH. , #5671 ) ;
#778 = CARTESIAN_POINT ( 'NONE',  ( 1.639999999999999458, 1.449999999999999956, -0.2144761058952750210 ) ) ;
#779 = MECHANICAL_DESIGN_GEOMETRIC_PRESENTATION_REPRESENTATION (  '', ( #1467 ), #8832 ) ;
#780 = ORIENTED_EDGE ( 'NONE', *, *, #565, .F. ) ;
#781 = CARTESIAN_POINT ( 'NONE',  ( -2.020000000000000462, 1.809017335549510497, -1.260099750398274487 ) ) ;
#782 =( BOUNDED_SURFACE ( )  B_SPLINE_SURFACE ( 3, 3, ( 
 ( #906, #5687, #7250, #694 ),
 ( #8994, #10515, #7296, #3130 ),
 ( #4054, #7449, #7349, #44 ),
 ( #10567, #6449, #3178, #10627 ) ),
 .UNSPECIFIED., .F., .F., .F. ) 
 B_SPLINE_SURFACE_WITH_KNOTS ( ( 4, 4 ),
 ( 4, 4 ),
 ( 0.000000000000000000, 1.000000000000000000 ),
 ( 0.000000000000000000, 1.000000000000000000 ),
 .UNSPECIFIED. ) 
 GEOMETRIC_REPRESENTATION_ITEM ( )  RATIONAL_B_SPLINE_SURFACE ( (
 ( 1.000000000000000000, 0.3333333333333334259, 0.3333333333333334259, 1.000000000000000000),
 ( 0.8025111867385938957, 0.2675037289128647244, 0.2675037289128647244, 0.8025111867385938957),
 ( 0.8025111867385938957, 0.2675037289128647244, 0.2675037289128647244, 0.8025111867385938957),
 ( 1.000000000000000000, 0.3333333333333334259, 0.3333333333333334259, 1.000000000000000000) ) ) 
 REPRESENTATION_ITEM ( '' )  SURFACE ( )  );
#783 = DIRECTION ( 'NONE',  ( 0.6803263325383779314, 0.2726025724559825725, 0.6803263325384819593 ) ) ;
#784 = FACE_OUTER_BOUND ( 'NONE', #6179, .T. ) ;
#785 = DIRECTION ( 'NONE',  ( -0.3719458362746718705, -0.9282544343432650447, -2.868381840042504953E-15 ) ) ;
#786 =( LENGTH_UNIT ( ) NAMED_UNIT ( * ) SI_UNIT ( .MILLI., .METRE. ) );
#787 = VECTOR ( 'NONE', #10169, 1000.000000000000000 ) ;
#788 = CIRCLE ( 'NONE', #8846, 0.1000000000000000472 ) ;
#789 = CARTESIAN_POINT ( 'NONE',  ( -1.919137802864846698, 1.449999999999999956, 0.9799999999999999822 ) ) ;
#790 = DIRECTION ( 'NONE',  ( 0.000000000000000000, -1.000000000000000000, 0.000000000000000000 ) ) ;
#791 = CARTESIAN_POINT ( 'NONE',  ( -1.240172439427031037, 1.649999999999999911, 1.305411972844539470 ) ) ;
#792 = ORIENTED_EDGE ( 'NONE', *, *, #9766, .T. ) ;
#793 = VERTEX_POINT ( 'NONE', #9035 ) ;
#794 = CARTESIAN_POINT ( 'NONE',  ( -2.627600192202758311, 1.749999999999999778, -0.5276001922027558910 ) ) ;
#795 = AXIS2_PLACEMENT_3D ( 'NONE', #1633, #5016, #985 ) ;
#796 = VERTEX_POINT ( 'NONE', #8193 ) ;
#797 = CARTESIAN_POINT ( 'NONE',  ( 1.906297506684001553, 1.816381868788617515, -0.6979586327827717041 ) ) ;
#798 = ORIENTED_EDGE ( 'NONE', *, *, #444, .F. ) ;
#799 = CARTESIAN_POINT ( 'NONE',  ( 2.020000000000000018, 1.449999999999999956, 0.8800000000000000044 ) ) ;
#800 = AXIS2_PLACEMENT_3D ( 'NONE', #3328, #1752, #9916 ) ;
#801 = EDGE_LOOP ( 'NONE', ( #2317, #1882, #8272, #9092 ) ) ;
#802 = ORIENTED_EDGE ( 'NONE', *, *, #8461, .T. ) ;
#803 = MECHANICAL_DESIGN_GEOMETRIC_PRESENTATION_REPRESENTATION (  '', ( #123 ), #4918 ) ;
#804 = ORIENTED_EDGE ( 'NONE', *, *, #4664, .F. ) ;
#805 = ORIENTED_EDGE ( 'NONE', *, *, #229, .F. ) ;
#806 = DIRECTION ( 'NONE',  ( 0.7071067811865464625, 0.000000000000000000, 0.7071067811865487940 ) ) ;
#807 = CARTESIAN_POINT ( 'NONE',  ( 2.020000000000000018, 1.555704050069235622, 1.360041858934615933 ) ) ;
#808 = LINE ( 'NONE', #2992, #719 ) ;
#809 = DIRECTION ( 'NONE',  ( 0.000000000000000000, -1.000000000000000000, 0.000000000000000000 ) ) ;
#810 = CARTESIAN_POINT ( 'NONE',  ( 2.020000000000000462, 1.615428445250220557, 0.7948513479695228368 ) ) ;
#811 = STYLED_ITEM ( 'NONE', ( #7270 ), #10387 ) ;
#812 = MECHANICAL_DESIGN_GEOMETRIC_PRESENTATION_REPRESENTATION (  '', ( #1499 ), #5789 ) ;
#813 = DIRECTION ( 'NONE',  ( 0.7071067811865486830, 0.000000000000000000, 0.7071067811865464625 ) ) ;
#814 = VERTEX_POINT ( 'NONE', #1844 ) ;
#815 = LINE ( 'NONE', #4084, #707 ) ;
#816 = ADVANCED_FACE ( 'NONE', ( #5933 ), #7548, .T. ) ;
#817 = EDGE_CURVE ( 'NONE', #8065, #3624, #4965, .T. ) ;
#818 = EDGE_CURVE ( 'NONE', #6252, #796, #8142, .T. ) ;
#819 = AXIS2_PLACEMENT_3D ( 'NONE', #9195, #9096, #4424 ) ;
#820 = CARTESIAN_POINT ( 'NONE',  ( 0.000000000000000000, 0.07000000000000000666, 1.550000000000000266 ) ) ;
#821 = LINE ( 'NONE', #2522, #7991 ) ;
#822 = ADVANCED_FACE ( 'NONE', ( #10013 ), #2635, .T. ) ;
#823 = CARTESIAN_POINT ( 'NONE',  ( -0.3999999999999998557, 2.500000000000000000, -1.000000000000000000 ) ) ;
#824 = DIRECTION ( 'NONE',  ( -3.412117296977063918E-16, -0.9282544343432639344, 0.3719458362746745905 ) ) ;
#825 = CIRCLE ( 'NONE', #7347, 0.1000000000000000472 ) ;
#826 = LINE ( 'NONE', #731, #690 ) ;
#827 = CIRCLE ( 'NONE', #7186, 1.259999999999999787 ) ;
#828 = CARTESIAN_POINT ( 'NONE',  ( 1.283271467065781435, 1.750000000000000000, 1.489930786479060520 ) ) ;
#829 = SURFACE_STYLE_FILL_AREA ( #8194 ) ;
#830 = AXIS2_PLACEMENT_3D ( 'NONE', #8039, #5773, #7286 ) ;
#831 = VECTOR ( 'NONE', #190, 1000.000000000000000 ) ;
#832 = LINE ( 'NONE', #4099, #1693 ) ;
#833 = ORIENTED_EDGE ( 'NONE', *, *, #4629, .F. ) ;
#834 = CARTESIAN_POINT ( 'NONE',  ( 1.979383066350385967, 1.459345992359700972, -1.439268873000304039 ) ) ;
#835 = CARTESIAN_POINT ( 'NONE',  ( -2.000000000000000888, 0.06999999999999996503, 1.500000000000000000 ) ) ;
#836 = CARTESIAN_POINT ( 'NONE',  ( -1.379999999999999893, 1.649999999999999911, -1.419554108468271902 ) ) ;
#837 = STYLED_ITEM ( 'NONE', ( #5407 ), #5123 ) ;
#838 = CARTESIAN_POINT ( 'NONE',  ( 1.988436006080599228, 1.464166666666575800, 1.428284318757803595 ) ) ;
#839 =( BOUNDED_SURFACE ( )  B_SPLINE_SURFACE ( 3, 3, ( 
 ( #2924, #8830, #10460, #6284 ),
 ( #2095, #6239, #8629, #4503 ),
 ( #532, #4606, #7832, #3075 ),
 ( #9657, #5411, #6988, #1330 ) ),
 .UNSPECIFIED., .F., .F., .F. ) 
 B_SPLINE_SURFACE_WITH_KNOTS ( ( 4, 4 ),
 ( 4, 4 ),
 ( 0.000000000000000000, 1.000000000000000000 ),
 ( 0.000000000000000000, 1.000000000000000000 ),
 .UNSPECIFIED. ) 
 GEOMETRIC_REPRESENTATION_ITEM ( )  RATIONAL_B_SPLINE_SURFACE ( (
 ( 1.000000000000000000, 0.8025111867385946729, 0.8025111867385946729, 1.000000000000000000),
 ( 0.9533418993926734419, 0.7650675390492402972, 0.7650675390492402972, 0.9533418993926734419),
 ( 0.9533418993926734419, 0.7650675390492402972, 0.7650675390492402972, 0.9533418993926734419),
 ( 1.000000000000000000, 0.8025111867385946729, 0.8025111867385946729, 1.000000000000000000) ) ) 
 REPRESENTATION_ITEM ( '' )  SURFACE ( )  );
#840 = CARTESIAN_POINT ( 'NONE',  ( -1.979721439802715865, 1.449999999999999956, -1.439896895774223751 ) ) ;
#841 = LINE ( 'NONE', #3281, #9432 ) ;
#842 = PRESENTATION_LAYER_ASSIGNMENT (  '', '', ( #1869 ) ) ;
#843 = CARTESIAN_POINT ( 'NONE',  ( 1.936315582161188820, 1.477260098308399439, 1.475158285238883371 ) ) ;
#844 = AXIS2_PLACEMENT_3D ( 'NONE', #10499, #2272, #8771 ) ;
#845 = CIRCLE ( 'NONE', #6875, 0.1000000000000000472 ) ;
#846 = ORIENTED_EDGE ( 'NONE', *, *, #3876, .T. ) ;
#847 = CARTESIAN_POINT ( 'NONE',  ( -2.020000000000000462, 1.750000000000000222, 0.7948513479695228368 ) ) ;
#848 = CARTESIAN_POINT ( 'NONE',  ( 1.961362347008591911, 1.449999999583023502, -1.461034455157655509 ) ) ;
#849 = CARTESIAN_POINT ( 'NONE',  ( 1.947942502722566083, 1.649999999999999467, 0.7403961109355768899 ) ) ;
#850 = EDGE_CURVE ( 'NONE', #6565, #4339, #9811, .T. ) ;
#851 = ORIENTED_EDGE ( 'NONE', *, *, #10200, .T. ) ;
#852 = ADVANCED_FACE ( 'NONE', ( #128 ), #9855, .F. ) ;
#853 = ORIENTED_EDGE ( 'NONE', *, *, #1476, .T. ) ;
#854 = AXIS2_PLACEMENT_3D ( 'NONE', #2699, #5894, #3459 ) ;
#855 = CARTESIAN_POINT ( 'NONE',  ( -1.978072250575702684, 1.591098133480644661, -0.7533169077592966056 ) ) ;
#856 = ORIENTED_EDGE ( 'NONE', *, *, #6890, .F. ) ;
#857 = CYLINDRICAL_SURFACE ( 'NONE', #3652, 0.1000000000000001166 ) ;
#858 = ORIENTED_EDGE ( 'NONE', *, *, #1666, .T. ) ;
#859 = CARTESIAN_POINT ( 'NONE',  ( 1.600000000000000977, 0.07000000000000000666, -0.5500000000000000444 ) ) ;
#860 =( GEOMETRIC_REPRESENTATION_CONTEXT ( 3 ) GLOBAL_UNCERTAINTY_ASSIGNED_CONTEXT ( ( #4373 ) ) GLOBAL_UNIT_ASSIGNED_CONTEXT ( ( #786, #9098, #3848 ) ) REPRESENTATION_CONTEXT ( 'NONE', 'WORKASPACE' ) );
#861 = CIRCLE ( 'NONE', #1894, 0.09999999999999982514 ) ;
#862 = ORIENTED_EDGE ( 'NONE', *, *, #2445, .T. ) ;
#863 = VERTEX_POINT ( 'NONE', #6810 ) ;
#864 = EDGE_CURVE ( 'NONE', #9874, #9968, #9308, .T. ) ;
#865 = ORIENTED_EDGE ( 'NONE', *, *, #3091, .T. ) ;
#866 = VERTEX_POINT ( 'NONE', #10176 ) ;
#867 = VECTOR ( 'NONE', #7458, 1000.000000000000114 ) ;
#868 = DIRECTION ( 'NONE',  ( -0.000000000000000000, 1.000000000000000000, -0.000000000000000000 ) ) ;
#869 = AXIS2_PLACEMENT_3D ( 'NONE', #7656, #1964, #7713 ) ;
#870 = AXIS2_PLACEMENT_3D ( 'NONE', #6562, #1714, #6658 ) ;
#871 = CARTESIAN_POINT ( 'NONE',  ( 1.988032633253842940, 1.566741114999318452, 1.387586741722114159 ) ) ;
#872 = DIRECTION ( 'NONE',  ( 0.7071067811865456854, 0.000000000000000000, 0.7071067811865493491 ) ) ;
#873 = CARTESIAN_POINT ( 'NONE',  ( 1.360000000000000098, 1.449999999999999956, -1.224999999999999867 ) ) ;
#875 = EDGE_CURVE ( 'NONE', #10217, #10073, #6055, .T. ) ;
#874 = CIRCLE ( 'NONE', #2740, 0.2000000000000005107 ) ;
#876 = VECTOR ( 'NONE', #4791, 1000.000000000000000 ) ;
#877 = VECTOR ( 'NONE', #4688, 1000.000000000000000 ) ;
#878 = ADVANCED_FACE ( 'NONE', ( #5231 ), #241, .F. ) ;
#879 = CARTESIAN_POINT ( 'NONE',  ( 2.049999999999999822, 1.449999999999999956, -1.500000000000000000 ) ) ;
#880 = ORIENTED_EDGE ( 'NONE', *, *, #9833, .F. ) ;
#881 =( NAMED_UNIT ( * ) SI_UNIT ( $, .STERADIAN. ) SOLID_ANGLE_UNIT ( ) );
#882 = CARTESIAN_POINT ( 'NONE',  ( -1.947942502722566305, 1.820038004349966876, -0.8110973381990249642 ) ) ;
#883 = EDGE_CURVE ( 'NONE', #793, #3633, #6478, .T. ) ;
#884 = CARTESIAN_POINT ( 'NONE',  ( 1.210883117545685783, 1.649999999999990141, 1.317105315413683586 ) ) ;
#885 = PRESENTATION_STYLE_ASSIGNMENT (( #3639 ) ) ;
#886 = CARTESIAN_POINT ( 'NONE',  ( 1.283603896932107968, 1.749999999999999778, 1.490264786586926515 ) ) ;
#887 = FACE_OUTER_BOUND ( 'NONE', #2142, .T. ) ;
#888 = CARTESIAN_POINT ( 'NONE',  ( -1.961332827989557659, 1.449999999583023502, 1.461063935965043470 ) ) ;
#889 = EDGE_CURVE ( 'NONE', #7339, #7362, #4392, .T. ) ;
#890 = UNCERTAINTY_MEASURE_WITH_UNIT (LENGTH_MEASURE( 1.000000000000000082E-05 ), #8700, 'distance_accuracy_value', 'NONE');
#891 = LINE ( 'NONE', #6537, #7155 ) ;
#892 = CARTESIAN_POINT ( 'NONE',  ( -1.944587271439820242, 1.467998644350812176, -1.470597603535250819 ) ) ;
#893 = ADVANCED_FACE ( 'NONE', ( #10075 ), #1539, .T. ) ;
#894 = ORIENTED_EDGE ( 'NONE', *, *, #7059, .F. ) ;
#895 = CARTESIAN_POINT ( 'NONE',  ( 1.399999999999999911, 0.07000000000000000666, -1.550000000000000266 ) ) ;
#896 =( NAMED_UNIT ( * ) SI_UNIT ( $, .STERADIAN. ) SOLID_ANGLE_UNIT ( ) );
#897 = LINE ( 'NONE', #6706, #10552 ) ;
#898 = CARTESIAN_POINT ( 'NONE',  ( -1.210883117545686005, 1.749999999999999556, -1.435139986512704802 ) ) ;
#899 =( GEOMETRIC_REPRESENTATION_CONTEXT ( 3 ) GLOBAL_UNCERTAINTY_ASSIGNED_CONTEXT ( ( #6591 ) ) GLOBAL_UNIT_ASSIGNED_CONTEXT ( ( #5713, #9692, #4085 ) ) REPRESENTATION_CONTEXT ( 'NONE', 'WORKASPACE' ) );
#900 = DIRECTION ( 'NONE',  ( -3.412117296977063918E-16, -0.9282544343432639344, -0.3719458362746745905 ) ) ;
#901 = DIRECTION ( 'NONE',  ( 0.7071067811865449082, -0.000000000000000000, -0.7071067811865502373 ) ) ;
#902 = EDGE_CURVE ( 'NONE', #9052, #10425, #3991, .T. ) ;
#903 = FACE_OUTER_BOUND ( 'NONE', #1128, .T. ) ;
#904 = ORIENTED_EDGE ( 'NONE', *, *, #6213, .F. ) ;
#905 = SURFACE_STYLE_USAGE ( .BOTH. , #6653 ) ;
#906 = CARTESIAN_POINT ( 'NONE',  ( 1.311825581389000295, 1.749999999999999556, 1.276127092252300033 ) ) ;
#907 = VERTEX_POINT ( 'NONE', #566 ) ;
#908 = ORIENTED_EDGE ( 'NONE', *, *, #10040, .T. ) ;
#909 = CARTESIAN_POINT ( 'NONE',  ( 1.936315674237733653, 1.477260257245605279, -1.475158129477178726 ) ) ;
#910 = ORIENTED_EDGE ( 'NONE', *, *, #1863, .T. ) ;
#911 = FILL_AREA_STYLE ('',( #10037 ) ) ;
#912 = ORIENTED_EDGE ( 'NONE', *, *, #371, .F. ) ;
#913 = LINE ( 'NONE', #4171, #867 ) ;
#914 = ORIENTED_EDGE ( 'NONE', *, *, #3532, .T. ) ;
#915 = EDGE_LOOP ( 'NONE', ( #3688, #8765, #10519, #2606 ) ) ;
#916 = ORIENTED_EDGE ( 'NONE', *, *, #1540, .F. ) ;
#917 = DIRECTION ( 'NONE',  ( 0.000000000000000000, 1.000000000000000000, 0.000000000000000000 ) ) ;
#918 = DIRECTION ( 'NONE',  ( 0.7071067811865441310, 0.000000000000000000, 0.7071067811865510144 ) ) ;
#919 = DIRECTION ( 'NONE',  ( 1.000000000000000000, 0.000000000000000000, -5.732077271949496718E-16 ) ) ;
#920 = CARTESIAN_POINT ( 'NONE',  ( 1.283271467065781213, 1.820764999460560141, -1.460423429269553042 ) ) ;
#921 = ORIENTED_EDGE ( 'NONE', *, *, #9114, .T. ) ;
#922 = SURFACE_STYLE_USAGE ( .BOTH. , #6575 ) ;
#923 = CARTESIAN_POINT ( 'NONE',  ( 1.479999999999999982, 2.049999999999999822, 1.519554108468272213 ) ) ;
#924 = DIRECTION ( 'NONE',  ( 0.000000000000000000, 1.000000000000000000, -0.000000000000000000 ) ) ;
#925 = VERTEX_POINT ( 'NONE', #3764 ) ;
#926 =( LENGTH_UNIT ( ) NAMED_UNIT ( * ) SI_UNIT ( .MILLI., .METRE. ) );
#927 = CARTESIAN_POINT ( 'NONE',  ( 2.000000000000000888, 0.07000000000000029809, 1.600000000000000311 ) ) ;
#928 = SURFACE_SIDE_STYLE ('',( #8134 ) ) ;
#929 = FILL_AREA_STYLE ('',( #3313 ) ) ;
#930 = CARTESIAN_POINT ( 'NONE',  ( 1.988032633253842940, 1.566741114999318008, -1.387586741722113937 ) ) ;
#931 = CARTESIAN_POINT ( 'NONE',  ( 2.020000000000000462, 1.650000000000000133, -0.8538686835190337776 ) ) ;
#932 = DIRECTION ( 'NONE',  ( 0.000000000000000000, -1.000000000000000000, 0.000000000000000000 ) ) ;
#933 = FACE_OUTER_BOUND ( 'NONE', #7156, .T. ) ;
#934 = VERTEX_POINT ( 'NONE', #659 ) ;
#935 = PLANE ( 'NONE',  #5830 ) ;
#936 = EDGE_CURVE ( 'NONE', #1064, #8749, #8763, .T. ) ;
#937 = DIRECTION ( 'NONE',  ( -0.9781476007338062439, 0.2079116908177564282, 0.000000000000000000 ) ) ;
#938 =( NAMED_UNIT ( * ) SI_UNIT ( $, .STERADIAN. ) SOLID_ANGLE_UNIT ( ) );
#939 = CARTESIAN_POINT ( 'NONE',  ( 1.920000000000000373, 1.749999999999999778, -1.319554108468271814 ) ) ;
#940 = VECTOR ( 'NONE', #2194, 1000.000000000000000 ) ;
#941 = PRESENTATION_STYLE_ASSIGNMENT (( #1395 ) ) ;
#942 = DIRECTION ( 'NONE',  ( 0.000000000000000000, -0.000000000000000000, 1.000000000000000000 ) ) ;
#943 = ORIENTED_EDGE ( 'NONE', *, *, #9473, .T. ) ;
#944 =( NAMED_UNIT ( * ) SI_UNIT ( $, .STERADIAN. ) SOLID_ANGLE_UNIT ( ) );
#945 = CYLINDRICAL_SURFACE ( 'NONE', #687, 0.1000000000000000472 ) ;
#946 = ORIENTED_EDGE ( 'NONE', *, *, #3851, .T. ) ;
#947 = VERTEX_POINT ( 'NONE', #4684 ) ;
#948 = FACE_OUTER_BOUND ( 'NONE', #10338, .T. ) ;
#949 = ORIENTED_EDGE ( 'NONE', *, *, #4006, .T. ) ;
#950 = EDGE_CURVE ( 'NONE', #2356, #2213, #4584, .T. ) ;
#951 = CARTESIAN_POINT ( 'NONE',  ( 1.846839578305846219, 1.750000000000000000, -0.6979586327827715930 ) ) ;
#952 = ADVANCED_FACE ( 'NONE', ( #4585 ), #7866, .T. ) ;
#953 = EDGE_CURVE ( 'NONE', #7096, #7524, #3864, .T. ) ;
#954 = ORIENTED_EDGE ( 'NONE', *, *, #9210, .T. ) ;
#955 = CARTESIAN_POINT ( 'NONE',  ( -1.820000000000000062, 1.550000000000000266, 0.8800000000000000044 ) ) ;
#956 = AXIS2_PLACEMENT_3D ( 'NONE', #528, #3124, #9656 ) ;
#957 = APPLICATION_CONTEXT ( 'automotive_design' ) ;
#958 = CIRCLE ( 'NONE', #10395, 0.1000000000000001443 ) ;
#959 = ORIENTED_EDGE ( 'NONE', *, *, #3393, .F. ) ;
#960 = DIRECTION ( 'NONE',  ( -1.000000000000000000, -0.000000000000000000, 0.000000000000000000 ) ) ;
#961 = ORIENTED_EDGE ( 'NONE', *, *, #9394, .T. ) ;
#962 = ORIENTED_EDGE ( 'NONE', *, *, #2389, .T. ) ;
#963 = CARTESIAN_POINT ( 'NONE',  ( -1.500000000000000000, 0.07000000000000000666, 1.449999999999999289 ) ) ;
#964 = CARTESIAN_POINT ( 'NONE',  ( -2.020000000000000018, 1.750000000000000000, -0.8538686835190338886 ) ) ;
#965 = CARTESIAN_POINT ( 'NONE',  ( 1.354314575050762803, 1.749999999999999778, 1.419554108468271680 ) ) ;
#966 = ORIENTED_EDGE ( 'NONE', *, *, #4501, .T. ) ;
#967 = VECTOR ( 'NONE', #7315, 1000.000000000000000 ) ;
#968 = LINE ( 'NONE', #5660, #3773 ) ;
#969 = CYLINDRICAL_SURFACE ( 'NONE', #2160, 0.09999999999999997780 ) ;
#970 = DIRECTION ( 'NONE',  ( 0.7071067811865474617, 0.000000000000000000, 0.7071067811865474617 ) ) ;
#971 = CARTESIAN_POINT ( 'NONE',  ( -1.805857864376268385, 1.649999999999999911, -0.7397265478953024553 ) ) ;
#972 = PRESENTATION_LAYER_ASSIGNMENT (  '', '', ( #2833 ) ) ;
#973 = AXIS2_PLACEMENT_3D ( 'NONE', #3230, #2642, #4975 ) ;
#974 = CARTESIAN_POINT ( 'NONE',  ( -1.988032633253842496, 1.777260257245602659, 1.303233017659358284 ) ) ;
#975 = VERTEX_POINT ( 'NONE', #509 ) ;
#976 = CARTESIAN_POINT ( 'NONE',  ( 1.919057536156685506, 1.787192931708466936, -1.328021705193541013 ) ) ;
#977 = VECTOR ( 'NONE', #7318, 1000.000000000000000 ) ;
#978 = EDGE_CURVE ( 'NONE', #10147, #2213, #3969, .T. ) ;
#979 = EDGE_CURVE ( 'NONE', #5321, #1574, #1362, .T. ) ;
#980 = CARTESIAN_POINT ( 'NONE',  ( 1.983712939717728885, 1.493727452132623812, -1.421162560399869212 ) ) ;
#981 = DIRECTION ( 'NONE',  ( -0.7071067811865464625, 0.000000000000000000, -0.7071067811865487940 ) ) ;
#982 = CARTESIAN_POINT ( 'NONE',  ( 2.100000000000000089, 0.1800000000000006317, 1.355000000000000204 ) ) ;
#983 = AXIS2_PLACEMENT_3D ( 'NONE', #3698, #1504, #8007 ) ;
#984 = VERTEX_POINT ( 'NONE', #3054 ) ;
#985 = DIRECTION ( 'NONE',  ( 0.000000000000000000, -0.000000000000000000, 1.000000000000000000 ) ) ;
#986 =( LENGTH_UNIT ( ) NAMED_UNIT ( * ) SI_UNIT ( .MILLI., .METRE. ) );
#987 = AXIS2_PLACEMENT_3D ( 'NONE', #4154, #6646, #7444 ) ;
#988 = DIRECTION ( 'NONE',  ( 0.000000000000000000, 0.000000000000000000, -1.000000000000000000 ) ) ;
#989 = VERTEX_POINT ( 'NONE', #7121 ) ;
#990 = FACE_OUTER_BOUND ( 'NONE', #1711, .T. ) ;
#991 = CARTESIAN_POINT ( 'NONE',  ( -1.978072250575702906, 1.850551775759736728, -1.277623097029725985 ) ) ;
#992 = FILL_AREA_STYLE ('',( #1105 ) ) ;
#993 = CARTESIAN_POINT ( 'NONE',  ( 2.109781476726269478, 0.1779208829390094837, -0.7949999999999999289 ) ) ;
#994 = CARTESIAN_POINT ( 'NONE',  ( -1.919137802864846698, 1.449999999999999956, 0.8800000000000000044 ) ) ;
#995 = LINE ( 'NONE', #8149, #5430 ) ;
#996 = CARTESIAN_POINT ( 'NONE',  ( -1.916566081967782331, 1.450000000000002620, -1.494696883978401392 ) ) ;
#997 = AXIS2_PLACEMENT_3D ( 'NONE', #504, #3601, #3762 ) ;
#998 = AXIS2_PLACEMENT_3D ( 'NONE', #1487, #2339, #8891 ) ;
#999 = ADVANCED_FACE ( 'NONE', ( #6313 ), #10437, .T. ) ;
#1000 = DIRECTION ( 'NONE',  ( 1.602269220421927623E-16, -0.000000000000000000, 1.000000000000000000 ) ) ;
#1001 = VERTEX_POINT ( 'NONE', #7533 ) ;
#1002 = FILL_AREA_STYLE_COLOUR ( '', #6116 ) ;
#1003 = SURFACE_SIDE_STYLE ('',( #4271 ) ) ;
#1004 = EDGE_LOOP ( 'NONE', ( #1560, #9457, #8953, #680 ) ) ;
#1005 = VERTEX_POINT ( 'NONE', #5817 ) ;
#1006 = DIRECTION ( 'NONE',  ( -0.000000000000000000, 1.000000000000000000, 0.000000000000000000 ) ) ;
#1007 = ORIENTED_EDGE ( 'NONE', *, *, #6618, .F. ) ;
#1008 = PLANE ( 'NONE',  #5560 ) ;
#1009 = ADVANCED_FACE ( 'NONE', ( #7426 ), #178, .F. ) ;
#1010 = STYLED_ITEM ( 'NONE', ( #8672 ), #3081 ) ;
#1011 = ORIENTED_EDGE ( 'NONE', *, *, #36, .F. ) ;
#1012 = FACE_OUTER_BOUND ( 'NONE', #10496, .T. ) ;
#1013 = VECTOR ( 'NONE', #3829, 1000.000000000000114 ) ;
#1014 = AXIS2_PLACEMENT_3D ( 'NONE', #835, #2333, #5618 ) ;
#1015 = EDGE_CURVE ( 'NONE', #8997, #10116, #6146, .T. ) ;
#1016 = VECTOR ( 'NONE', #5500, 1000.000000000000000 ) ;
#1017 = VERTEX_POINT ( 'NONE', #5869 ) ;
#1018 = ORIENTED_EDGE ( 'NONE', *, *, #3292, .T. ) ;
#1019 = ORIENTED_EDGE ( 'NONE', *, *, #7393, .T. ) ;
#1020 = ADVANCED_FACE ( 'NONE', ( #4139 ), #1735, .F. ) ;
#1021 = LINE ( 'NONE', #2509, #3188 ) ;
#1022 = CARTESIAN_POINT ( 'NONE',  ( -1.310883117545685872, 1.850000000000000089, -1.376122650963194083 ) ) ;
#1023 = CARTESIAN_POINT ( 'NONE',  ( 1.283271467065781435, 1.749999999999999778, -1.489930786479060743 ) ) ;
#1024 = ORIENTED_EDGE ( 'NONE', *, *, #9295, .T. ) ;
#1025 = DIRECTION ( 'NONE',  ( 0.000000000000000000, 1.301042606982587808E-14, 1.000000000000000000 ) ) ;
#1026 = AXIS2_PLACEMENT_3D ( 'NONE', #6442, #4914, #9859 ) ;
#1027 = DIRECTION ( 'NONE',  ( 0.000000000000000000, 0.000000000000000000, -1.000000000000000000 ) ) ;
#1028 = CARTESIAN_POINT ( 'NONE',  ( 1.920000000000000373, 1.649999999999999911, 1.319554108468272036 ) ) ;
#1029 = CARTESIAN_POINT ( 'NONE',  ( 1.210883117545685783, 1.868034671099022326, -1.317105315413683808 ) ) ;
#1030 = VECTOR ( 'NONE', #3839, 1000.000000000000000 ) ;
#1031 = ADVANCED_FACE ( 'NONE', ( #4241 ), #116, .T. ) ;
#1032 = VECTOR ( 'NONE', #3036, 1000.000000000000000 ) ;
#1033 = AXIS2_PLACEMENT_3D ( 'NONE', #1969, #5241, #8514 ) ;
#1034 = ORIENTED_EDGE ( 'NONE', *, *, #9608, .F. ) ;
#1035 = CIRCLE ( 'NONE', #2393, 0.1000000000000000472 ) ;
#1036 = CARTESIAN_POINT ( 'NONE',  ( -1.979383066366663391, 1.459345992368362044, -1.439268872980567160 ) ) ;
#1037 = ORIENTED_EDGE ( 'NONE', *, *, #1803, .F. ) ;
#1038 = DIRECTION ( 'NONE',  ( 0.3719458362746718705, -0.9282544343432650447, 2.868381840042504953E-15 ) ) ;
#1039 = FACE_OUTER_BOUND ( 'NONE', #5702, .T. ) ;
#1040 = UNCERTAINTY_MEASURE_WITH_UNIT (LENGTH_MEASURE( 1.000000000000000082E-05 ), #5596, 'distance_accuracy_value', 'NONE');
#1041 = CARTESIAN_POINT ( 'NONE',  ( 1.988032633037315922, 1.524734676614701190, -1.404418463151953622 ) ) ;
#1042 = CARTESIAN_POINT ( 'NONE',  ( -1.876568542494923664, 1.649999999999999911, 0.8104372260139570683 ) ) ;
#1043 = MECHANICAL_DESIGN_GEOMETRIC_PRESENTATION_REPRESENTATION (  '', ( #7900 ), #3233 ) ;
#1044 = VECTOR ( 'NONE', #7227, 1000.000000000000000 ) ;
#1045 = MECHANICAL_DESIGN_GEOMETRIC_PRESENTATION_REPRESENTATION (  '', ( #1733 ), #2910 ) ;
#1046 = DIRECTION ( 'NONE',  ( -0.7071067811865475727, 0.000000000000000000, -0.7071067811865474617 ) ) ;
#1047 = EDGE_CURVE ( 'NONE', #30, #7255, #6683, .T. ) ;
#1048 = ORIENTED_EDGE ( 'NONE', *, *, #1093, .T. ) ;
#1049 = DIRECTION ( 'NONE',  ( -0.7071067811865489050, -0.000000000000000000, 0.7071067811865460184 ) ) ;
#1050 = CARTESIAN_POINT ( 'NONE',  ( -1.876568542494923664, 1.649999999999999911, 0.8104372260139570683 ) ) ;
#1051 = CARTESIAN_POINT ( 'NONE',  ( 1.961391846821392448, 1.449999999999999734, -1.461004955125402516 ) ) ;
#1052 = DIRECTION ( 'NONE',  ( -0.7071067811865449082, 0.000000000000000000, -0.7071067811865502373 ) ) ;
#1053 = ORIENTED_EDGE ( 'NONE', *, *, #8459, .T. ) ;
#1054 = CARTESIAN_POINT ( 'NONE',  ( 1.210883117545685783, 1.649999999999999911, -1.376122650963194305 ) ) ;
#1055 =( LENGTH_UNIT ( ) NAMED_UNIT ( * ) SI_UNIT ( .MILLI., .METRE. ) );
#1056 = DIRECTION ( 'NONE',  ( 0.000000000000000000, -1.000000000000000000, 0.000000000000000000 ) ) ;
#1057 = DIRECTION ( 'NONE',  ( -0.7071067811865496822, 0.000000000000000000, -0.7071067811865453523 ) ) ;
#1058 = UNCERTAINTY_MEASURE_WITH_UNIT (LENGTH_MEASURE( 1.000000000000000082E-05 ), #5679, 'distance_accuracy_value', 'NONE');
#1059 = CARTESIAN_POINT ( 'NONE',  ( -1.479999999999999982, 1.550000000000000266, -1.419137802864844700 ) ) ;
#1060 = LINE ( 'NONE', #9316, #1720 ) ;
#1061 = CIRCLE ( 'NONE', #2580, 0.1000000000000000472 ) ;
#1062 = FACE_OUTER_BOUND ( 'NONE', #127, .T. ) ;
#1063 = FACE_OUTER_BOUND ( 'NONE', #2454, .T. ) ;
#1064 = VERTEX_POINT ( 'NONE', #974 ) ;
#1065 = EDGE_LOOP ( 'NONE', ( #5907, #804, #2381, #3716 ) ) ;
#1066 = VECTOR ( 'NONE', #9628, 1000.000000000000000 ) ;
#1067 = CARTESIAN_POINT ( 'NONE',  ( 1.600000000000000311, 0.000000000000000000, 0.6500000000000001332 ) ) ;
#1068 = ORIENTED_EDGE ( 'NONE', *, *, #1472, .F. ) ;
#1069 = CARTESIAN_POINT ( 'NONE',  ( -1.947942502722565861, 1.579572415026768262, 0.7697627741596240192 ) ) ;
#1070 = ORIENTED_EDGE ( 'NONE', *, *, #10288, .T. ) ;
#1071 = CARTESIAN_POINT ( 'NONE',  ( -1.785249455757842219, 1.749999999999999778, 1.510108312186414059 ) ) ;
#1072 = EDGE_CURVE ( 'NONE', #8481, #9722, #4081, .T. ) ;
#1073 = ADVANCED_FACE ( 'NONE', ( #2569 ), #4947, .T. ) ;
#1074 = VERTEX_POINT ( 'NONE', #1677 ) ;
#1075 = LINE ( 'NONE', #8425, #6346 ) ;
#1076 = ORIENTED_EDGE ( 'NONE', *, *, #5754, .F. ) ;
#1077 = EDGE_LOOP ( 'NONE', ( #6318, #9828, #1076, #8334 ) ) ;
#1078 = CARTESIAN_POINT ( 'NONE',  ( -1.840142853498729858, 1.449999999999999956, 0.8892893218813454626 ) ) ;
#1079 = LINE ( 'NONE', #1772, #191 ) ;
#1080 = ORIENTED_EDGE ( 'NONE', *, *, #4518, .T. ) ;
#1081 = CARTESIAN_POINT ( 'NONE',  ( 1.360000000000000098, 1.550000000000000266, 1.600000000000000089 ) ) ;
#1082 = DIRECTION ( 'NONE',  ( -3.412117296977063918E-16, -0.9282544343432639344, -0.3719458362746745905 ) ) ;
#1083 = LINE ( 'NONE', #2775, #5426 ) ;
#1084 = ADVANCED_FACE ( 'NONE', ( #9845 ), #64, .T. ) ;
#1085 = DIRECTION ( 'NONE',  ( -1.602269220421927623E-16, 0.000000000000000000, -1.000000000000000000 ) ) ;
#1086 = FACE_OUTER_BOUND ( 'NONE', #5201, .T. ) ;
#1087 = VERTEX_POINT ( 'NONE', #3260 ) ;
#1088 = CARTESIAN_POINT ( 'NONE',  ( -0.3999999999999998557, 2.400000000000000355, -1.100000000000000089 ) ) ;
#1089 = CARTESIAN_POINT ( 'NONE',  ( 2.020000000000000462, 1.809017335549510719, -1.260099750398276930 ) ) ;
#1090 = CARTESIAN_POINT ( 'NONE',  ( 1.409289321881345591, 1.449999999999999956, -1.348427124746190087 ) ) ;
#1091 = FACE_OUTER_BOUND ( 'NONE', #3645, .T. ) ;
#1092 = EDGE_CURVE ( 'NONE', #6246, #2136, #1780, .T. ) ;
#1093 = EDGE_CURVE ( 'NONE', #10116, #8270, #2363, .T. ) ;
#1094 = CARTESIAN_POINT ( 'NONE',  ( -1.354314575050763025, 1.849999999999999867, -1.419554108468272124 ) ) ;
#1095 = CARTESIAN_POINT ( 'NONE',  ( 2.020000000000000018, 1.591421356237309626, -0.9214213562373095856 ) ) ;
#1096 = ORIENTED_EDGE ( 'NONE', *, *, #9091, .T. ) ;
#1097 = DIRECTION ( 'NONE',  ( -0.000000000000000000, 1.000000000000000000, -0.000000000000000000 ) ) ;
#1098 = FACE_OUTER_BOUND ( 'NONE', #1552, .T. ) ;
#1099 = CARTESIAN_POINT ( 'NONE',  ( 0.3999999999999998557, 2.400000000000000355, -1.100000000000000089 ) ) ;
#1100 = FACE_OUTER_BOUND ( 'NONE', #1984, .T. ) ;
#1101 = EDGE_LOOP ( 'NONE', ( #10415, #5318, #9307, #10632 ) ) ;
#1102 = CARTESIAN_POINT ( 'NONE',  ( 0.3999999999999999112, 1.449999999999999956, -1.100000000000000089 ) ) ;
#1103 = DIRECTION ( 'NONE',  ( 0.000000000000000000, 1.000000000000000000, 0.000000000000000000 ) ) ;
#1104 = AXIS2_PLACEMENT_3D ( 'NONE', #7950, #5693, #1439 ) ;
#1105 = FILL_AREA_STYLE_COLOUR ( '', #4962 ) ;
#1106 = FACE_OUTER_BOUND ( 'NONE', #4162, .T. ) ;
#1107 = SURFACE_SIDE_STYLE ('',( #6005 ) ) ;
#1108 = DIRECTION ( 'NONE',  ( -0.4828304098388602750, -1.713039432526787267E-13, -0.8757138775506747574 ) ) ;
#1109 = DIRECTION ( 'NONE',  ( 9.866381877431726115E-16, 0.000000000000000000, 1.000000000000000000 ) ) ;
#1110 = LINE ( 'NONE', #6981, #3208 ) ;
#1111 = CARTESIAN_POINT ( 'NONE',  ( -1.283603896932107968, 1.749999999999999778, -1.490264786586926515 ) ) ;
#1112 = CARTESIAN_POINT ( 'NONE',  ( -1.820000000000000062, 1.449999999999999956, 1.319554108468271814 ) ) ;
#1113 = CARTESIAN_POINT ( 'NONE',  ( 1.920000000000000373, 1.649999999999999911, -1.319554108468272036 ) ) ;
#1114 = ORIENTED_EDGE ( 'NONE', *, *, #7012, .F. ) ;
#1115 = ORIENTED_EDGE ( 'NONE', *, *, #4199, .F. ) ;
#1116 = VERTEX_POINT ( 'NONE', #3203 ) ;
#1117 = DIRECTION ( 'NONE',  ( 0.000000000000000000, 0.000000000000000000, -1.000000000000000000 ) ) ;
#1118 = VERTEX_POINT ( 'NONE', #5709 ) ;
#1119 = PRESENTATION_STYLE_ASSIGNMENT (( #4279 ) ) ;
#1120 =( BOUNDED_SURFACE ( )  B_SPLINE_SURFACE ( 3, 3, ( 
 ( #5096, #964, #3635, #7629 ),
 ( #7584, #6952, #10208, #161 ),
 ( #2815, #7686, #329, #8533 ),
 ( #1937, #8428, #6731, #5911 ) ),
 .UNSPECIFIED., .F., .F., .F. ) 
 B_SPLINE_SURFACE_WITH_KNOTS ( ( 4, 4 ),
 ( 4, 4 ),
 ( 0.000000000000000000, 1.000000000000000000 ),
 ( 0.000000000000000000, 1.000000000000000000 ),
 .UNSPECIFIED. ) 
 GEOMETRIC_REPRESENTATION_ITEM ( )  RATIONAL_B_SPLINE_SURFACE ( (
 ( 1.000000000000000000, 0.8047378541243626060, 0.8047378541243626060, 1.000000000000000000),
 ( 0.8025111867385934517, 0.6458111303268113668, 0.6458111303268113668, 0.8025111867385934517),
 ( 0.8025111867385934517, 0.6458111303268113668, 0.6458111303268113668, 0.8025111867385934517),
 ( 1.000000000000000000, 0.8047378541243626060, 0.8047378541243626060, 1.000000000000000000) ) ) 
 REPRESENTATION_ITEM ( '' )  SURFACE ( )  );
#1121 =( GEOMETRIC_REPRESENTATION_CONTEXT ( 3 ) GLOBAL_UNCERTAINTY_ASSIGNED_CONTEXT ( ( #9314 ) ) GLOBAL_UNIT_ASSIGNED_CONTEXT ( ( #8407, #9194, #8560 ) ) REPRESENTATION_CONTEXT ( 'NONE', 'WORKASPACE' ) );
#1122 = ORIENTED_EDGE ( 'NONE', *, *, #883, .F. ) ;
#1123 = DIRECTION ( 'NONE',  ( 0.000000000000000000, 1.000000000000000000, 0.000000000000000000 ) ) ;
#1124 = ORIENTED_EDGE ( 'NONE', *, *, #2908, .T. ) ;
#1125 = ORIENTED_EDGE ( 'NONE', *, *, #6931, .T. ) ;
#1126 = LINE ( 'NONE', #1078, #10477 ) ;
#1127 = CYLINDRICAL_SURFACE ( 'NONE', #7244, 0.1000000000000000472 ) ;
#1128 = EDGE_LOOP ( 'NONE', ( #6936, #9866, #6614, #2597 ) ) ;
#1129 = DIRECTION ( 'NONE',  ( 1.000000000000000000, 0.000000000000000000, 2.710505431213766015E-16 ) ) ;
#1130 = DIRECTION ( 'NONE',  ( 1.000000000000000000, 0.000000000000000000, 0.000000000000000000 ) ) ;
#1131 = DIRECTION ( 'NONE',  ( 0.000000000000000000, -1.000000000000000000, 0.000000000000000000 ) ) ;
#1132 = AXIS2_PLACEMENT_3D ( 'NONE', #1466, #8772, #6270 ) ;
#1133 = CARTESIAN_POINT ( 'NONE',  ( -1.735646275937245075, 1.808512823836344818, -1.520110036656114660 ) ) ;
#1134 = LINE ( 'NONE', #3804, #84 ) ;
#1135 = VECTOR ( 'NONE', #6151, 1000.000000000000000 ) ;
#1136 = AXIS2_PLACEMENT_3D ( 'NONE', #9889, #1671, #7424 ) ;
#1137 = LINE ( 'NONE', #4300, #120 ) ;
#1138 = VERTEX_POINT ( 'NONE', #5051 ) ;
#1139 = FILL_AREA_STYLE_COLOUR ( '', #8166 ) ;
#1140 = CARTESIAN_POINT ( 'NONE',  ( -1.846839578305846441, 1.862473597731678199, -0.8114972960866296825 ) ) ;
#1141 = UNCERTAINTY_MEASURE_WITH_UNIT (LENGTH_MEASURE( 1.000000000000000082E-05 ), #1490, 'distance_accuracy_value', 'NONE');
#1142 = CARTESIAN_POINT ( 'NONE',  ( 2.020000000000000462, 1.497472741345100777, -1.353218896075736533 ) ) ;
#1143 = CARTESIAN_POINT ( 'NONE',  ( 1.283603896932107968, 1.649999999999999911, -1.490264786586926515 ) ) ;
#1144 = AXIS2_PLACEMENT_3D ( 'NONE', #7957, #8699, #4623 ) ;
#1145 = SURFACE_SIDE_STYLE ('',( #5926 ) ) ;
#1146 = SURFACE_STYLE_FILL_AREA ( #3486 ) ;
#1147 = AXIS2_PLACEMENT_3D ( 'NONE', #6434, #7974, #2224 ) ;
#1148 = VERTEX_POINT ( 'NONE', #2517 ) ;
#1149 = VECTOR ( 'NONE', #9953, 1000.000000000000000 ) ;
#1150 = EDGE_CURVE ( 'NONE', #2905, #5745, #6307, .T. ) ;
#1151 = EDGE_CURVE ( 'NONE', #263, #10038, #8281, .T. ) ;
#1152 = EDGE_CURVE ( 'NONE', #9722, #144, #8125, .T. ) ;
#1153 = CARTESIAN_POINT ( 'NONE',  ( -2.640990257669733055, 2.049999999999999822, 0.5409902576697308563 ) ) ;
#1154 = COLOUR_RGB ( '',0.8431372549019607865, 0.8156862745098039102, 0.7529411764705882248 ) ;
#1155 = ORIENTED_EDGE ( 'NONE', *, *, #3894, .T. ) ;
#1156 = DIRECTION ( 'NONE',  ( -1.000000000000000000, 0.000000000000000000, 0.000000000000000000 ) ) ;
#1157 = EDGE_CURVE ( 'NONE', #4450, #8657, #7377, .T. ) ;
#1158 = CARTESIAN_POINT ( 'NONE',  ( 1.310883117545685872, 1.749999999999999778, -1.376122650963194305 ) ) ;
#1159 = SURFACE_SIDE_STYLE ('',( #2692 ) ) ;
#1160 = CARTESIAN_POINT ( 'NONE',  ( 1.283271467065781213, 1.579626447620944285, -1.418890833723894129 ) ) ;
#1161 = CARTESIAN_POINT ( 'NONE',  ( -1.848427124746192307, 1.449999999999999956, 0.9092893218813449252 ) ) ;
#1162 =( GEOMETRIC_REPRESENTATION_CONTEXT ( 3 ) GLOBAL_UNCERTAINTY_ASSIGNED_CONTEXT ( ( #4682 ) ) GLOBAL_UNIT_ASSIGNED_CONTEXT ( ( #11, #63, #5000 ) ) REPRESENTATION_CONTEXT ( 'NONE', 'WORKASPACE' ) );
#1163 = EDGE_CURVE ( 'NONE', #9548, #481, #8183, .T. ) ;
#1164 = DIRECTION ( 'NONE',  ( -0.7071067811865475727, 0.000000000000000000, -0.7071067811865474617 ) ) ;
#1165 = CARTESIAN_POINT ( 'NONE',  ( 2.020000000000000018, 1.750000000000000000, 0.8538686835190338886 ) ) ;
#1166 = UNCERTAINTY_MEASURE_WITH_UNIT (LENGTH_MEASURE( 1.000000000000000082E-05 ), #6762, 'distance_accuracy_value', 'NONE');
#1167 = CARTESIAN_POINT ( 'NONE',  ( -1.919999999999999929, 1.550000000000000266, -0.8538686835190336666 ) ) ;
#1168 = EDGE_LOOP ( 'NONE', ( #5885, #10310, #9497, #1115 ) ) ;
#1169 = ORIENTED_EDGE ( 'NONE', *, *, #9545, .T. ) ;
#1170 = ORIENTED_EDGE ( 'NONE', *, *, #7977, .F. ) ;
#1171 = CYLINDRICAL_SURFACE ( 'NONE', #5389, 0.09999999999999997780 ) ;
#1172 = ORIENTED_EDGE ( 'NONE', *, *, #632, .T. ) ;
#1173 = CARTESIAN_POINT ( 'NONE',  ( 1.638275862068964805, 1.449999999999999956, -0.2329654253690055521 ) ) ;
#1174 = PRESENTATION_LAYER_ASSIGNMENT (  '', '', ( #3037 ) ) ;
#1175 = B_SPLINE_CURVE_WITH_KNOTS ( 'NONE', 3,
 ( #6114, #4325, #3559, #8353 ),
 .UNSPECIFIED., .F., .F.,
 ( 4, 4 ),
 ( 0.000000000000000000, 1.000000000000000000 ),
 .UNSPECIFIED. ) ;
#1176 = EDGE_CURVE ( 'NONE', #907, #6220, #5107, .T. ) ;
#1177 = VECTOR ( 'NONE', #8651, 1000.000000000000000 ) ;
#1178 = ORIENTED_EDGE ( 'NONE', *, *, #2261, .F. ) ;
#1179 = CARTESIAN_POINT ( 'NONE',  ( 1.832909342632961680, -1.124660092056822380, -0.09999999999999999167 ) ) ;
#1180 = ORIENTED_EDGE ( 'NONE', *, *, #9412, .F. ) ;
#1181 = CIRCLE ( 'NONE', #9405, 0.1000000000000000472 ) ;
#1182 = ORIENTED_EDGE ( 'NONE', *, *, #6102, .F. ) ;
#1183 = MECHANICAL_DESIGN_GEOMETRIC_PRESENTATION_REPRESENTATION (  '', ( #5640 ), #7191 ) ;
#1184 = CARTESIAN_POINT ( 'NONE',  ( -2.100000000000000089, 0.1800000000000006317, -0.7949999999999999289 ) ) ;
#1185 = DIRECTION ( 'NONE',  ( -1.000000000000000000, 0.000000000000000000, 0.000000000000000000 ) ) ;
#1186 = ORIENTED_EDGE ( 'NONE', *, *, #1643, .F. ) ;
#1187 = DIRECTION ( 'NONE',  ( 0.000000000000000000, 0.000000000000000000, -1.000000000000000000 ) ) ;
#1188 = DIRECTION ( 'NONE',  ( -0.000000000000000000, -1.000000000000000000, 0.000000000000000000 ) ) ;
#1189 = FILL_AREA_STYLE_COLOUR ( '', #7553 ) ;
#1190 = LINE ( 'NONE', #10053, #7154 ) ;
#1191 = CARTESIAN_POINT ( 'NONE',  ( 1.409289321881345591, 2.049999999999999822, 1.348427124746190087 ) ) ;
#1192 =( GEOMETRIC_REPRESENTATION_CONTEXT ( 3 ) GLOBAL_UNCERTAINTY_ASSIGNED_CONTEXT ( ( #2758 ) ) GLOBAL_UNIT_ASSIGNED_CONTEXT ( ( #7883, #9535, #2803 ) ) REPRESENTATION_CONTEXT ( 'NONE', 'WORKASPACE' ) );
#1193 = CARTESIAN_POINT ( 'NONE',  ( 1.920000000000000373, 1.749999999999999778, 1.235200384405516161 ) ) ;
#1194 =( BOUNDED_SURFACE ( )  B_SPLINE_SURFACE ( 3, 2, ( 
 ( #8955, #8897, #909 ),
 ( #94, #6505, #699 ),
 ( #3288, #2495, #6611 ),
 ( #2400, #9054, #3950 ) ),
 .UNSPECIFIED., .F., .F., .F. ) 
 B_SPLINE_SURFACE_WITH_KNOTS ( ( 4, 4 ),
 ( 3, 3 ),
 ( 0.2815142030153202080, 0.7853981633974501664 ),
 ( 0.000000000000000000, 1.000000000000000000 ),
 .UNSPECIFIED. ) 
 GEOMETRIC_REPRESENTATION_ITEM ( )  RATIONAL_B_SPLINE_SURFACE ( (
 ( 1.000000000000000000, 0.9808805871844852309, 1.000000000000000000),
 ( 1.000000000000000000, 0.9694504683580126292, 1.000000000000000000),
 ( 1.000000000000000000, 0.9477825877804855192, 1.000000000000000000),
 ( 1.000000000000000000, 0.9166041491664823626, 1.000000000000000000) ) ) 
 REPRESENTATION_ITEM ( '' )  SURFACE ( )  );
#1195 = MECHANICAL_DESIGN_GEOMETRIC_PRESENTATION_REPRESENTATION (  '', ( #6184 ), #5317 ) ;
#1196 = AXIS2_PLACEMENT_3D ( 'NONE', #1934, #379, #7516 ) ;
#1197 = EDGE_CURVE ( 'NONE', #9814, #2407, #1137, .T. ) ;
#1198 = VERTEX_POINT ( 'NONE', #6149 ) ;
#1199 = FILL_AREA_STYLE ('',( #4522 ) ) ;
#1200 = ORIENTED_EDGE ( 'NONE', *, *, #5442, .F. ) ;
#1201 = CARTESIAN_POINT ( 'NONE',  ( 2.695632825456600212, 1.777260257245602659, 0.5956328254565979030 ) ) ;
#1202 = STYLED_ITEM ( 'NONE', ( #6958 ), #7014 ) ;
#1203 = CARTESIAN_POINT ( 'NONE',  ( -1.805194582267281467, 1.791336399908426857, -0.7403961109355765569 ) ) ;
#1204 = CARTESIAN_POINT ( 'NONE',  ( 1.805857864376268607, 1.749999999999999778, 0.7397265478953022333 ) ) ;
#1205 = VECTOR ( 'NONE', #4701, 1000.000000000000000 ) ;
#1206 = CARTESIAN_POINT ( 'NONE',  ( -1.283271467065781435, 1.579626447620944507, -1.418890833723894573 ) ) ;
#1207 = EDGE_CURVE ( 'NONE', #10318, #661, #636, .T. ) ;
#1208 = LINE ( 'NONE', #561, #7700 ) ;
#1209 =( NAMED_UNIT ( * ) PLANE_ANGLE_UNIT ( ) SI_UNIT ( $, .RADIAN. ) );
#1210 = ADVANCED_FACE ( 'NONE', ( #8489 ), #5106, .T. ) ;
#1211 = VECTOR ( 'NONE', #5070, 1000.000000000000000 ) ;
#1212 = ORIENTED_EDGE ( 'NONE', *, *, #7926, .F. ) ;
#1213 = CARTESIAN_POINT ( 'NONE',  ( -2.201952593834479277, 0.6115518992456836500, 0.7950000000000002620 ) ) ;
#1214 = ADVANCED_FACE ( 'NONE', ( #1950 ), #4465, .F. ) ;
#1215 = ORIENTED_EDGE ( 'NONE', *, *, #4014, .F. ) ;
#1216 = VERTEX_POINT ( 'NONE', #7756 ) ;
#1217 = CARTESIAN_POINT ( 'NONE',  ( 1.311825581389000295, 1.450008882578210256, -1.476118209674089687 ) ) ;
#1218 = AXIS2_PLACEMENT_3D ( 'NONE', #571, #10444, #3821 ) ;
#1219 = CARTESIAN_POINT ( 'NONE',  ( 1.354314575050763469, 1.550004441289104973, 1.418611644624957258 ) ) ;
#1220 = CARTESIAN_POINT ( 'NONE',  ( 1.735646275937244853, 1.849995558710894716, 1.418611644624957924 ) ) ;
#1221 = DIRECTION ( 'NONE',  ( 0.000000000000000000, 1.000000000000000000, 0.000000000000000000 ) ) ;
#1222 = SURFACE_STYLE_FILL_AREA ( #9480 ) ;
#1223 = DIRECTION ( 'NONE',  ( -0.000000000000000000, 1.000000000000000000, -0.000000000000000000 ) ) ;
#1224 = EDGE_CURVE ( 'NONE', #7919, #5954, #1249, .T. ) ;
#1225 = CARTESIAN_POINT ( 'NONE',  ( -1.888032633253842407, 1.566741114999319784, -1.487586741722114470 ) ) ;
#1226 = EDGE_CURVE ( 'NONE', #10418, #7050, #2001, .T. ) ;
#1227 = AXIS2_PLACEMENT_3D ( 'NONE', #5659, #1621, #4024 ) ;
#1228 = CARTESIAN_POINT ( 'NONE',  ( -1.805857864376268607, 1.749999999999999778, 0.7397265478953023443 ) ) ;
#1229 = CARTESIAN_POINT ( 'NONE',  ( -1.310883117545685650, 1.649999999999999911, -1.376122650963194749 ) ) ;
#1230 = ORIENTED_EDGE ( 'NONE', *, *, #6147, .F. ) ;
#1231 = VERTEX_POINT ( 'NONE', #6044 ) ;
#1232 = ORIENTED_EDGE ( 'NONE', *, *, #8552, .T. ) ;
#1233 = DIRECTION ( 'NONE',  ( -1.000000000000000000, 0.000000000000000000, -0.000000000000000000 ) ) ;
#1234 = EDGE_LOOP ( 'NONE', ( #7518, #6330, #6795, #4689 ) ) ;
#1235 = AXIS2_PLACEMENT_3D ( 'NONE', #108, #9069, #7369 ) ;
#1236 = EDGE_CURVE ( 'NONE', #4008, #8219, #9297, .T. ) ;
#1237 = CARTESIAN_POINT ( 'NONE',  ( -1.311825581389000295, 1.649999999999999911, 1.476118209674089465 ) ) ;
#1238 = ORIENTED_EDGE ( 'NONE', *, *, #2584, .F. ) ;
#1239 = LINE ( 'NONE', #2928, #6189 ) ;
#1240 = ORIENTED_EDGE ( 'NONE', *, *, #2926, .T. ) ;
#1241 = EDGE_LOOP ( 'NONE', ( #9990, #7457, #3643, #792 ) ) ;
#1242 = CARTESIAN_POINT ( 'NONE',  ( 1.920000000000000373, 1.649999999999999911, 0.8538686835190337776 ) ) ;
#1243 =( NAMED_UNIT ( * ) PLANE_ANGLE_UNIT ( ) SI_UNIT ( $, .RADIAN. ) );
#1244 = ORIENTED_EDGE ( 'NONE', *, *, #10215, .T. ) ;
#1245 = CYLINDRICAL_SURFACE ( 'NONE', #8641, 0.1000000000000000472 ) ;
#1246 = LINE ( 'NONE', #3989, #633 ) ;
#1247 = CARTESIAN_POINT ( 'NONE',  ( -1.479999999999999982, 2.049999999999999822, 1.419137802864844700 ) ) ;
#1248 = EDGE_LOOP ( 'NONE', ( #7891, #245, #9445, #1564 ) ) ;
#1249 = LINE ( 'NONE', #9235, #8693 ) ;
#1250 = ORIENTED_EDGE ( 'NONE', *, *, #6115, .T. ) ;
#1251 = DIRECTION ( 'NONE',  ( 0.000000000000000000, 0.000000000000000000, -1.000000000000000000 ) ) ;
#1252 = CARTESIAN_POINT ( 'NONE',  ( -1.805194582267281467, 1.820038004349967320, -0.8110973381990249642 ) ) ;
#1253 = UNCERTAINTY_MEASURE_WITH_UNIT (LENGTH_MEASURE( 1.000000000000000082E-05 ), #6920, 'distance_accuracy_value', 'NONE');
#1254 = DIRECTION ( 'NONE',  ( -0.7071067811865496822, 0.000000000000000000, 0.7071067811865453523 ) ) ;
#1255 =( BOUNDED_SURFACE ( )  B_SPLINE_SURFACE ( 3, 3, ( 
 ( #6522, #1616, #4889, #9631 ),
 ( #8174, #2262, #810, #7372 ),
 ( #5544, #3257, #655, #6578 ),
 ( #3914, #10488, #3102, #9681 ) ),
 .UNSPECIFIED., .F., .F., .F. ) 
 B_SPLINE_SURFACE_WITH_KNOTS ( ( 4, 4 ),
 ( 4, 4 ),
 ( 0.000000000000000000, 1.000000000000000000 ),
 ( 0.000000000000000000, 1.000000000000000000 ),
 .UNSPECIFIED. ) 
 GEOMETRIC_REPRESENTATION_ITEM ( )  RATIONAL_B_SPLINE_SURFACE ( (
 ( 1.000000000000000000, 0.8047378541243652705, 0.8047378541243652705, 1.000000000000000000),
 ( 0.8025111867385922304, 0.6458111303268124770, 0.6458111303268124770, 0.8025111867385922304),
 ( 0.8025111867385922304, 0.6458111303268124770, 0.6458111303268124770, 0.8025111867385922304),
 ( 1.000000000000000000, 0.8047378541243652705, 0.8047378541243652705, 1.000000000000000000) ) ) 
 REPRESENTATION_ITEM ( '' )  SURFACE ( )  );
#1256 = CYLINDRICAL_SURFACE ( 'NONE', #2656, 0.1000000000000000472 ) ;
#1257 = CARTESIAN_POINT ( 'NONE',  ( 2.050000000000000266, 0.07000000000000000666, 0.5500000000000000444 ) ) ;
#1258 = CARTESIAN_POINT ( 'NONE',  ( 2.020000000000000018, 1.749999999999999778, -0.8538686835190341107 ) ) ;
#1259 = B_SPLINE_CURVE_WITH_KNOTS ( 'NONE', 3,
 ( #8731, #1385, #4658, #7943 ),
 .UNSPECIFIED., .F., .F.,
 ( 4, 4 ),
 ( 0.000000000000000000, 1.000000000000000000 ),
 .UNSPECIFIED. ) ;
#1260 = ORIENTED_EDGE ( 'NONE', *, *, #76, .T. ) ;
#1261 =( NAMED_UNIT ( * ) PLANE_ANGLE_UNIT ( ) SI_UNIT ( $, .RADIAN. ) );
#1262 = VERTEX_POINT ( 'NONE', #8541 ) ;
#1263 = SURFACE_STYLE_USAGE ( .BOTH. , #7020 ) ;
#1264 = ORIENTED_EDGE ( 'NONE', *, *, #1879, .T. ) ;
#1265 =( NAMED_UNIT ( * ) SI_UNIT ( $, .STERADIAN. ) SOLID_ANGLE_UNIT ( ) );
#1266 = FACE_OUTER_BOUND ( 'NONE', #6656, .T. ) ;
#1267 = FILL_AREA_STYLE_COLOUR ( '', #4015 ) ;
#1268 = FACE_OUTER_BOUND ( 'NONE', #163, .T. ) ;
#1269 = CARTESIAN_POINT ( 'NONE',  ( 1.354314575050763247, 1.590982664450488970, -1.519554108468272435 ) ) ;
#1270 = CARTESIAN_POINT ( 'NONE',  ( -2.020000000000000462, 1.650000000000000133, 0.8538686835190337776 ) ) ;
#1271 =( NAMED_UNIT ( * ) SI_UNIT ( $, .STERADIAN. ) SOLID_ANGLE_UNIT ( ) );
#1272 = CARTESIAN_POINT ( 'NONE',  ( -1.887115471210931483, 1.466487442737907987, 1.510934665320303516 ) ) ;
#1273 = LINE ( 'NONE', #8778, #4788 ) ;
#1274 = ADVANCED_FACE ( 'NONE', ( #393 ), #3644, .F. ) ;
#1275 = STYLED_ITEM ( 'NONE', ( #5957 ), #8242 ) ;
#1276 = ORIENTED_EDGE ( 'NONE', *, *, #2645, .F. ) ;
#1277 = SURFACE_STYLE_USAGE ( .BOTH. , #5365 ) ;
#1278 = ORIENTED_EDGE ( 'NONE', *, *, #2018, .T. ) ;
#1279 = CARTESIAN_POINT ( 'NONE',  ( -1.906297506684001553, 1.649999999999999911, 0.6979586327827718151 ) ) ;
#1280 = FACE_OUTER_BOUND ( 'NONE', #3699, .T. ) ;
#1281 = DIRECTION ( 'NONE',  ( 0.000000000000000000, 1.000000000000000000, 0.000000000000000000 ) ) ;
#1282 = ORIENTED_EDGE ( 'NONE', *, *, #3427, .T. ) ;
#1283 = EDGE_CURVE ( 'NONE', #10326, #6941, #8066, .T. ) ;
#1284 = EDGE_CURVE ( 'NONE', #661, #5061, #1397, .T. ) ;
#1285 = EDGE_CURVE ( 'NONE', #7567, #4299, #10373, .T. ) ;
#1286 = ORIENTED_EDGE ( 'NONE', *, *, #6680, .F. ) ;
#1287 = VERTEX_POINT ( 'NONE', #10327 ) ;
#1288 = CARTESIAN_POINT ( 'NONE',  ( -1.805857864376268385, 1.849999999999999867, -0.7397265478953025664 ) ) ;
#1289 = ORIENTED_EDGE ( 'NONE', *, *, #8917, .T. ) ;
#1290 =( NAMED_UNIT ( * ) SI_UNIT ( $, .STERADIAN. ) SOLID_ANGLE_UNIT ( ) );
#1291 = CARTESIAN_POINT ( 'NONE',  ( 1.990670277937394372, 1.449999999999999956, -1.424231999700594331 ) ) ;
#1292 = SURFACE_STYLE_USAGE ( .BOTH. , #4404 ) ;
#1293 = DIRECTION ( 'NONE',  ( 0.000000000000000000, 1.000000000000000000, -0.000000000000000000 ) ) ;
#1294 = AXIS2_PLACEMENT_3D ( 'NONE', #9817, #2436, #4915 ) ;
#1295 = EDGE_LOOP ( 'NONE', ( #3134, #4272, #6610, #9164 ) ) ;
#1296 = AXIS2_PLACEMENT_3D ( 'NONE', #4163, #6880, #8412 ) ;
#1297 = SURFACE_SIDE_STYLE ('',( #646 ) ) ;
#1298 = EDGE_LOOP ( 'NONE', ( #2883, #5932, #8419 ) ) ;
#1299 = FILL_AREA_STYLE ('',( #3647 ) ) ;
#1300 = VECTOR ( 'NONE', #7025, 1000.000000000000000 ) ;
#1301 = PLANE ( 'NONE',  #8605 ) ;
#1302 = DIRECTION ( 'NONE',  ( 0.000000000000000000, 0.000000000000000000, -1.000000000000000000 ) ) ;
#1303 = CARTESIAN_POINT ( 'NONE',  ( 2.627600192202758311, 1.849999999999999867, 0.5276001922027560020 ) ) ;
#1304 = DIRECTION ( 'NONE',  ( -1.000000000000000000, -0.000000000000000000, -0.000000000000000000 ) ) ;
#1305 = ORIENTED_EDGE ( 'NONE', *, *, #953, .F. ) ;
#1306 = EDGE_CURVE ( 'NONE', #1809, #989, #9380, .T. ) ;
#1307 = ADVANCED_FACE ( 'NONE', ( #9672 ), #7006, .T. ) ;
#1308 = ORIENTED_EDGE ( 'NONE', *, *, #9560, .T. ) ;
#1309 = FILL_AREA_STYLE ('',( #8555 ) ) ;
#1310 = VERTEX_POINT ( 'NONE', #3807 ) ;
#1311 = CARTESIAN_POINT ( 'NONE',  ( 2.020000000000000462, 1.749999999999999778, 1.235200384405516161 ) ) ;
#1312 = DIRECTION ( 'NONE',  ( 0.000000000000000000, 0.000000000000000000, -1.000000000000000000 ) ) ;
#1313 = CARTESIAN_POINT ( 'NONE',  ( 1.761347234272319984, 1.850555928187842536, 1.478066932304617387 ) ) ;
#1314 = CARTESIAN_POINT ( 'NONE',  ( -1.500000000000000222, 0.07000000000000032585, -0.6500000000000003553 ) ) ;
#1315 = CIRCLE ( 'NONE', #10576, 0.1000000000000000472 ) ;
#1316 = DIRECTION ( 'NONE',  ( 0.7071067811865463515, 0.000000000000000000, -0.7071067811865487940 ) ) ;
#1317 = DIRECTION ( 'NONE',  ( 0.000000000000000000, 0.000000000000000000, -1.000000000000000000 ) ) ;
#1318 = CARTESIAN_POINT ( 'NONE',  ( 1.537157287525380500, 1.749999999999999778, -1.602396820942890043 ) ) ;
#1319 = AXIS2_PLACEMENT_3D ( 'NONE', #1960, #1097, #3712 ) ;
#1320 = DIRECTION ( 'NONE',  ( 1.000000000000000000, 0.000000000000000000, 0.000000000000000000 ) ) ;
#1321 = EDGE_CURVE ( 'NONE', #7096, #1977, #5382, .T. ) ;
#1322 = VECTOR ( 'NONE', #6820, 1000.000000000000000 ) ;
#1323 = CARTESIAN_POINT ( 'NONE',  ( -1.907770119437836254, 1.480980449765836982, 1.502213026040685850 ) ) ;
#1324 = ORIENTED_EDGE ( 'NONE', *, *, #3144, .T. ) ;
#1325 = FACE_OUTER_BOUND ( 'NONE', #3223, .T. ) ;
#1326 = STYLED_ITEM ( 'NONE', ( #7638 ), #1214 ) ;
#1327 = VERTEX_POINT ( 'NONE', #3043 ) ;
#1328 = CARTESIAN_POINT ( 'NONE',  ( -1.906297506684001553, 1.750000000000000000, 0.6979586327827715930 ) ) ;
#1329 = ORIENTED_EDGE ( 'NONE', *, *, #6747, .T. ) ;
#1330 = CARTESIAN_POINT ( 'NONE',  ( 1.735646275937244853, 1.849995558710894716, -1.418611644624958146 ) ) ;
#1331 = AXIS2_PLACEMENT_3D ( 'NONE', #2308, #10336, #3706 ) ;
#1332 = EDGE_CURVE ( 'NONE', #6828, #8962, #4574, .T. ) ;
#1333 = EDGE_CURVE ( 'NONE', #4463, #4734, #2512, .T. ) ;
#1334 = CYLINDRICAL_SURFACE ( 'NONE', #4322, 0.1000000000000000472 ) ;
#1335 = ORIENTED_EDGE ( 'NONE', *, *, #9589, .F. ) ;
#1336 = DIRECTION ( 'NONE',  ( 1.000000000000000000, 0.000000000000000000, 1.084202172485503842E-15 ) ) ;
#1337 = EDGE_CURVE ( 'NONE', #3738, #8057, #6359, .T. ) ;
#1338 = ORIENTED_EDGE ( 'NONE', *, *, #5008, .F. ) ;
#1339 = VERTEX_POINT ( 'NONE', #2252 ) ;
#1340 = PRESENTATION_LAYER_ASSIGNMENT (  '', '', ( #5287 ) ) ;
#1341 = DIRECTION ( 'NONE',  ( 0.000000000000000000, 0.000000000000000000, -1.000000000000000000 ) ) ;
#1342 = ORIENTED_EDGE ( 'NONE', *, *, #7040, .F. ) ;
#1343 = CARTESIAN_POINT ( 'NONE',  ( -1.302305608210474475, 1.597125742069205989, 1.509145170888289922 ) ) ;
#1344 = DIRECTION ( 'NONE',  ( -0.2079116908177564282, -0.9781476007338062439, 0.000000000000000000 ) ) ;
#1345 = CARTESIAN_POINT ( 'NONE',  ( 1.359999999999999654, 1.550000000000000266, -1.600000000000000089 ) ) ;
#1346 = ADVANCED_FACE ( 'NONE', ( #3095 ), #7660, .T. ) ;
#1347 = VECTOR ( 'NONE', #5387, 1000.000000000000000 ) ;
#1348 = VECTOR ( 'NONE', #3984, 1000.000000000000000 ) ;
#1349 = ADVANCED_FACE ( 'NONE', ( #1596 ), #3994, .F. ) ;
#1351 = EDGE_LOOP ( 'NONE', ( #3594, #8053, #8900, #4512 ) ) ;
#1350 = CIRCLE ( 'NONE', #10435, 0.1000000000000000472 ) ;
#1352 = VERTEX_POINT ( 'NONE', #5788 ) ;
#1353 = SURFACE_STYLE_USAGE ( .BOTH. , #498 ) ;
#1354 = DIRECTION ( 'NONE',  ( 0.7071067811865486830, 0.000000000000000000, 0.7071067811865464625 ) ) ;
#1355 = FILL_AREA_STYLE_COLOUR ( '', #145 ) ;
#1356 = CARTESIAN_POINT ( 'NONE',  ( -2.020000000000000018, 1.749999999999999778, -0.8538686835190342217 ) ) ;
#1357 = EDGE_CURVE ( 'NONE', #423, #7339, #10188, .T. ) ;
#1358 = UNCERTAINTY_MEASURE_WITH_UNIT (LENGTH_MEASURE( 1.000000000000000082E-05 ), #3859, 'distance_accuracy_value', 'NONE');
#1359 = CIRCLE ( 'NONE', #844, 0.1100000014699854534 ) ;
#1360 = VECTOR ( 'NONE', #1731, 1000.000000000000000 ) ;
#1361 = VERTEX_POINT ( 'NONE', #6866 ) ;
#1362 = LINE ( 'NONE', #7920, #5441 ) ;
#1363 = CARTESIAN_POINT ( 'NONE',  ( 2.000000000000000888, 1.550000000000000266, 1.600000000000000089 ) ) ;
#1364 = VERTEX_POINT ( 'NONE', #5686 ) ;
#1365 = DIRECTION ( 'NONE',  ( 0.000000000000000000, 1.000000000000000000, 0.000000000000000000 ) ) ;
#1366 = ORIENTED_EDGE ( 'NONE', *, *, #3291, .T. ) ;
#1367 = DIRECTION ( 'NONE',  ( 0.7071067811865456854, -0.000000000000000000, 0.7071067811865493491 ) ) ;
#1368 = CARTESIAN_POINT ( 'NONE',  ( 1.354314575050763469, 1.649999999999999911, 1.519554108468272213 ) ) ;
#1369 = CARTESIAN_POINT ( 'NONE',  ( -1.805857864376268385, 1.849999999999999867, 0.7397265478953025664 ) ) ;
#1370 = DIRECTION ( 'NONE',  ( 0.7071067811865492381, 0.000000000000000000, -0.7071067811865457964 ) ) ;
#1371 = AXIS2_PLACEMENT_3D ( 'NONE', #9900, #5761, #2050 ) ;
#1372 = CARTESIAN_POINT ( 'NONE',  ( 2.020000000000000906, 1.809017335549510719, -0.8192971287692544236 ) ) ;
#1373 = VECTOR ( 'NONE', #2753, 1000.000000000000114 ) ;
#1374 = DIRECTION ( 'NONE',  ( 0.000000000000000000, 1.000000000000000000, 0.000000000000000000 ) ) ;
#1375 = FACE_OUTER_BOUND ( 'NONE', #7112, .T. ) ;
#1376 = AXIS2_PLACEMENT_3D ( 'NONE', #10257, #538, #3024 ) ;
#1377 = CARTESIAN_POINT ( 'NONE',  ( 1.921608451931494654, 1.493727452132818101, 1.483267048186025727 ) ) ;
#1378 = DIRECTION ( 'NONE',  ( 1.000000000000000000, 0.000000000000000000, -0.000000000000000000 ) ) ;
#1379 = CIRCLE ( 'NONE', #2899, 0.09999999999999982514 ) ;
#1380 = VECTOR ( 'NONE', #7843, 1000.000000000000000 ) ;
#1381 = VERTEX_POINT ( 'NONE', #791 ) ;
#1382 = CARTESIAN_POINT ( 'NONE',  ( -2.000000000000000888, 0.07000000000000029809, 1.600000000000000311 ) ) ;
#1383 = CARTESIAN_POINT ( 'NONE',  ( -1.948435503279212444, 1.449999877063282705, 1.473961366923664862 ) ) ;
#1384 = VECTOR ( 'NONE', #1690, 1000.000000000000000 ) ;
#1385 = CARTESIAN_POINT ( 'NONE',  ( -1.888614069061014034, 1.465648472318087148, -1.510108403874999228 ) ) ;
#1386 = LINE ( 'NONE', #4660, #4940 ) ;
#1387 = LINE ( 'NONE', #7195, #1030 ) ;
#1388 = EDGE_LOOP ( 'NONE', ( #476, #10247, #7203, #5374 ) ) ;
#1389 = EDGE_LOOP ( 'NONE', ( #10569, #1238, #4563, #588 ) ) ;
#1390 = STYLED_ITEM ( 'NONE', ( #5163 ), #3745 ) ;
#1391 = LINE ( 'NONE', #4713, #1896 ) ;
#1392 = ORIENTED_EDGE ( 'NONE', *, *, #6600, .T. ) ;
#1393 = CARTESIAN_POINT ( 'NONE',  ( 0.4000000000000000222, 1.449999999999999956, -1.259999999999999787 ) ) ;
#1394 = DIRECTION ( 'NONE',  ( -0.3719458362746793090, -0.9282544343432621581, -1.193913209536247214E-14 ) ) ;
#1395 = SURFACE_STYLE_USAGE ( .BOTH. , #5842 ) ;
#1396 = ORIENTED_EDGE ( 'NONE', *, *, #10478, .T. ) ;
#1397 = LINE ( 'NONE', #8644, #3888 ) ;
#1398 = ORIENTED_EDGE ( 'NONE', *, *, #3876, .F. ) ;
#1399 = DIRECTION ( 'NONE',  ( -0.000000000000000000, -1.000000000000000000, 0.000000000000000000 ) ) ;
#1400 = ADVANCED_FACE ( 'NONE', ( #4052 ), #7310, .F. ) ;
#1401 = CARTESIAN_POINT ( 'NONE',  ( -1.916566081967778556, 1.450000000000000400, 1.494696883978403390 ) ) ;
#1402 = COLOUR_RGB ( '',0.8431372549019607865, 0.8156862745098039102, 0.7529411764705882248 ) ;
#1403 = DIRECTION ( 'NONE',  ( 0.000000000000000000, -1.000000000000000000, 0.000000000000000000 ) ) ;
#1404 = CARTESIAN_POINT ( 'NONE',  ( 0.3999999999999999667, 1.550000000000000266, -1.259999999999999787 ) ) ;
#1405 = FILL_AREA_STYLE_COLOUR ( '', #1154 ) ;
#1406 =( BOUNDED_SURFACE ( )  B_SPLINE_SURFACE ( 3, 3, ( 
 ( #4868, #10626, #635, #6557 ),
 ( #7294, #3129, #6448, #847 ),
 ( #8836, #5685, #8051, #9824 ),
 ( #1488, #10466, #7194, #8993 ) ),
 .UNSPECIFIED., .F., .F., .F. ) 
 B_SPLINE_SURFACE_WITH_KNOTS ( ( 4, 4 ),
 ( 4, 4 ),
 ( 0.000000000000000000, 1.000000000000000000 ),
 ( 0.000000000000000000, 1.000000000000000000 ),
 .UNSPECIFIED. ) 
 GEOMETRIC_REPRESENTATION_ITEM ( )  RATIONAL_B_SPLINE_SURFACE ( (
 ( 1.000000000000000000, 0.8047378541243647154, 0.8047378541243647154, 1.000000000000000000),
 ( 0.8025111867385922304, 0.6458111303268120329, 0.6458111303268120329, 0.8025111867385922304),
 ( 0.8025111867385922304, 0.6458111303268120329, 0.6458111303268120329, 0.8025111867385922304),
 ( 1.000000000000000000, 0.8047378541243647154, 0.8047378541243647154, 1.000000000000000000) ) ) 
 REPRESENTATION_ITEM ( '' )  SURFACE ( )  );
#1407 = VERTEX_POINT ( 'NONE', #598 ) ;
#1408 = CARTESIAN_POINT ( 'NONE',  ( -1.988032633253842052, 1.777260257245602659, 1.303233017659358284 ) ) ;
#1409 = CARTESIAN_POINT ( 'NONE',  ( 1.995142775509890276, 1.449999999999978639, -1.416120190436488180 ) ) ;
#1410 = ORIENTED_EDGE ( 'NONE', *, *, #3155, .F. ) ;
#1411 = CARTESIAN_POINT ( 'NONE',  ( 1.978072250575702906, 1.750000000000000000, 0.7533169077592969387 ) ) ;
#1412 = DIRECTION ( 'NONE',  ( 0.000000000000000000, 0.000000000000000000, 1.000000000000000000 ) ) ;
#1413 = EDGE_CURVE ( 'NONE', #10401, #2638, #5619, .T. ) ;
#1414 = ORIENTED_EDGE ( 'NONE', *, *, #7572, .F. ) ;
#1415 = ADVANCED_FACE ( 'NONE', ( #2412 ), #9626, .T. ) ;
#1416 = CARTESIAN_POINT ( 'NONE',  ( 2.010554295406563163, 1.465648472317697015, 1.388168177529784275 ) ) ;
#1417 = FACE_OUTER_BOUND ( 'NONE', #10103, .T. ) ;
#1418 = CARTESIAN_POINT ( 'NONE',  ( 1.283603896932107746, 1.849999999999999867, 1.490264786586926293 ) ) ;
#1419 = CARTESIAN_POINT ( 'NONE',  ( 1.840142853498730302, 1.550000000000000266, -0.8892893218813450185 ) ) ;
#1420 = CARTESIAN_POINT ( 'NONE',  ( -1.920000000000000373, 1.849999999999999867, 1.319554108468271814 ) ) ;
#1421 = DIRECTION ( 'NONE',  ( 0.7071067811865449082, 0.000000000000000000, -0.7071067811865502373 ) ) ;
#1422 = DIRECTION ( 'NONE',  ( -0.7071067811865486830, 0.000000000000000000, -0.7071067811865464625 ) ) ;
#1423 =( LENGTH_UNIT ( ) NAMED_UNIT ( * ) SI_UNIT ( .MILLI., .METRE. ) );
#1424 = DIRECTION ( 'NONE',  ( -1.000000000000000000, 0.000000000000000000, -0.000000000000000000 ) ) ;
#1425 = ORIENTED_EDGE ( 'NONE', *, *, #5612, .T. ) ;
#1426 = CARTESIAN_POINT ( 'NONE',  ( -1.910853531617384693, 1.550000000000000266, -0.8600000000000000977 ) ) ;
#1427 = CARTESIAN_POINT ( 'NONE',  ( -1.805194582267281245, 1.791336399908425969, 0.7403961109355766679 ) ) ;
#1428 = AXIS2_PLACEMENT_3D ( 'NONE', #8364, #8212, #4059 ) ;
#1429 = DIRECTION ( 'NONE',  ( 1.000000000000000000, -0.000000000000000000, -4.928191693115927811E-16 ) ) ;
#1430 = CARTESIAN_POINT ( 'NONE',  ( 1.735646275937244853, 1.749999999999999778, 1.419554108468272124 ) ) ;
#1431 = CARTESIAN_POINT ( 'NONE',  ( -1.252810866969983339, 1.650000000000000133, 1.275570875203457799 ) ) ;
#1432 = EDGE_LOOP ( 'NONE', ( #1492, #8008, #53, #802, #1823, #6348, #1170 ) ) ;
#1433 = CARTESIAN_POINT ( 'NONE',  ( 1.920000000000000373, 1.550000000000000266, 0.8600000000000000977 ) ) ;
#1434 = ORIENTED_EDGE ( 'NONE', *, *, #5664, .T. ) ;
#1435 = ADVANCED_FACE ( 'NONE', ( #2357 ), #3195, .T. ) ;
#1436 = ORIENTED_EDGE ( 'NONE', *, *, #7649, .F. ) ;
#1437 = PRESENTATION_STYLE_ASSIGNMENT (( #10417 ) ) ;
#1438 = ORIENTED_EDGE ( 'NONE', *, *, #10242, .F. ) ;
#1439 = DIRECTION ( 'NONE',  ( -0.7071067811865486830, 0.000000000000000000, 0.7071067811865464625 ) ) ;
#1440 = ORIENTED_EDGE ( 'NONE', *, *, #631, .T. ) ;
#1441 = CARTESIAN_POINT ( 'NONE',  ( 1.848427124746192307, 1.550000000000000266, -0.9092893218813449252 ) ) ;
#1442 = EDGE_LOOP ( 'NONE', ( #9758, #7309, #8598, #8643 ) ) ;
#1443 = SURFACE_STYLE_USAGE ( .BOTH. , #6413 ) ;
#1444 = EDGE_LOOP ( 'NONE', ( #1264, #4817, #3072, #3287 ) ) ;
#1445 = DIRECTION ( 'NONE',  ( 1.000000000000000000, 0.000000000000000000, -4.928191693115927811E-16 ) ) ;
#1446 = CARTESIAN_POINT ( 'NONE',  ( 1.906297506684001553, 1.649999999999999911, -0.6979586327827718151 ) ) ;
#1447 = DIRECTION ( 'NONE',  ( 0.2079116908177564282, -0.9781476007338062439, 0.000000000000000000 ) ) ;
#1448 = LINE ( 'NONE', #6306, #5072 ) ;
#1449 =( GEOMETRIC_REPRESENTATION_CONTEXT ( 3 ) GLOBAL_UNCERTAINTY_ASSIGNED_CONTEXT ( ( #720 ) ) GLOBAL_UNIT_ASSIGNED_CONTEXT ( ( #2150, #7109, #6409 ) ) REPRESENTATION_CONTEXT ( 'NONE', 'WORKASPACE' ) );
#1450 = PLANE ( 'NONE',  #9033 ) ;
#1451 = ADVANCED_FACE ( 'NONE', ( #8223 ), #9067, .T. ) ;
#1452 = UNCERTAINTY_MEASURE_WITH_UNIT (LENGTH_MEASURE( 1.000000000000000082E-05 ), #9133, 'distance_accuracy_value', 'NONE');
#1453 = EDGE_CURVE ( 'NONE', #10168, #638, #5276, .T. ) ;
#1454 = AXIS2_PLACEMENT_3D ( 'NONE', #8883, #1481, #4705 ) ;
#1455 = CARTESIAN_POINT ( 'NONE',  ( -2.020000000000000018, 1.649999999999999911, 0.9799999999999999822 ) ) ;
#1456 = CARTESIAN_POINT ( 'NONE',  ( 2.100000000000000089, 0.1800000000000006317, -0.5003071667619851670 ) ) ;
#1457 = EDGE_LOOP ( 'NONE', ( #7021, #7507, #1721, #2344 ) ) ;
#1459 = CARTESIAN_POINT ( 'NONE',  ( -1.820000000000000062, 1.539480857753717125, 1.519554108468272435 ) ) ;
#1458 = CYLINDRICAL_SURFACE ( 'NONE', #5291, 0.01000000146998518413 ) ;
#1460 = PRESENTATION_STYLE_ASSIGNMENT (( #2367 ) ) ;
#1461 = ORIENTED_EDGE ( 'NONE', *, *, #2567, .T. ) ;
#1462 = CYLINDRICAL_SURFACE ( 'NONE', #2076, 0.1000000000000000472 ) ;
#1463 = ADVANCED_FACE ( 'NONE', ( #1770 ), #9012, .T. ) ;
#1464 = CARTESIAN_POINT ( 'NONE',  ( 1.252810866969984005, 1.649999999999983258, 1.275570875203457799 ) ) ;
#1465 = CARTESIAN_POINT ( 'NONE',  ( 1.820000000000000062, 1.449999999999999956, 1.319554108468271814 ) ) ;
#1466 = CARTESIAN_POINT ( 'NONE',  ( 1.379999999999999893, 1.649999999999999911, -1.419554108468271902 ) ) ;
#1467 = STYLED_ITEM ( 'NONE', ( #88 ), #224 ) ;
#1468 = DIRECTION ( 'NONE',  ( -0.000000000000000000, 1.000000000000000000, -0.000000000000000000 ) ) ;
#1469 = CARTESIAN_POINT ( 'NONE',  ( 1.876568542494924108, 1.649999999999999911, -0.8104372260139570683 ) ) ;
#1470 = AXIS2_PLACEMENT_3D ( 'NONE', #9694, #4737, #8029 ) ;
#1471 = CARTESIAN_POINT ( 'NONE',  ( 0.000000000000000000, 0.07000000000000000666, -1.550000000000000266 ) ) ;
#1472 = EDGE_CURVE ( 'NONE', #6892, #7749, #5454, .T. ) ;
#1473 = EDGE_CURVE ( 'NONE', #2968, #77, #6494, .T. ) ;
#1474 = COLOUR_RGB ( '',1.000000000000000000, 1.000000000000000000, 1.000000000000000000 ) ;
#1475 = CYLINDRICAL_SURFACE ( 'NONE', #4086, 0.1000000000000000472 ) ;
#1476 = EDGE_CURVE ( 'NONE', #1364, #7050, #4070, .T. ) ;
#1477 = PLANE ( 'NONE',  #7734 ) ;
#1478 = VECTOR ( 'NONE', #6736, 1000.000000000000114 ) ;
#1479 = ORIENTED_EDGE ( 'NONE', *, *, #4555, .F. ) ;
#1480 = FACE_OUTER_BOUND ( 'NONE', #4448, .T. ) ;
#1481 = DIRECTION ( 'NONE',  ( 0.000000000000000000, -1.000000000000000000, 0.000000000000000000 ) ) ;
#1482 = CARTESIAN_POINT ( 'NONE',  ( 1.961421356237309732, 1.449999999999999512, -1.460975464705581706 ) ) ;
#1483 = DIRECTION ( 'NONE',  ( 0.000000000000000000, 0.000000000000000000, -1.000000000000000000 ) ) ;
#1484 = CIRCLE ( 'NONE', #1144, 0.1000000000000000472 ) ;
#1485 = CIRCLE ( 'NONE', #8177, 0.09999999999999993616 ) ;
#1486 = EDGE_CURVE ( 'NONE', #5074, #10168, #9117, .T. ) ;
#1487 = CARTESIAN_POINT ( 'NONE',  ( -1.876568542494923886, 1.749999999999999778, -0.8104372260139571793 ) ) ;
#1488 = CARTESIAN_POINT ( 'NONE',  ( -1.919057536156685506, 1.849995558710894716, 0.8538686835190339997 ) ) ;
#1489 = VECTOR ( 'NONE', #6262, 1000.000000000000000 ) ;
#1490 =( LENGTH_UNIT ( ) NAMED_UNIT ( * ) SI_UNIT ( .MILLI., .METRE. ) );
#1491 = ORIENTED_EDGE ( 'NONE', *, *, #978, .F. ) ;
#1492 = ORIENTED_EDGE ( 'NONE', *, *, #3677, .F. ) ;
#1493 = CARTESIAN_POINT ( 'NONE',  ( -1.919057536156685506, 1.649999999999999911, -0.7538731248081388392 ) ) ;
#1494 = VERTEX_POINT ( 'NONE', #4231 ) ;
#1495 = AXIS2_PLACEMENT_3D ( 'NONE', #4647, #6323, #7932 ) ;
#1496 = CARTESIAN_POINT ( 'NONE',  ( -1.995142775509890276, 1.449999999999978639, 1.416120190436488180 ) ) ;
#1497 = ORIENTED_EDGE ( 'NONE', *, *, #2388, .T. ) ;
#1498 = CARTESIAN_POINT ( 'NONE',  ( -1.283271467065780991, 1.579235000539439548, 1.460423429269552376 ) ) ;
#1499 = STYLED_ITEM ( 'NONE', ( #3909 ), #1346 ) ;
#1500 = EDGE_CURVE ( 'NONE', #1908, #3865, #7367, .T. ) ;
#1501 = CIRCLE ( 'NONE', #3546, 0.1000000000000000472 ) ;
#1502 = ORIENTED_EDGE ( 'NONE', *, *, #6594, .T. ) ;
#1503 = ORIENTED_EDGE ( 'NONE', *, *, #8043, .F. ) ;
#1504 = DIRECTION ( 'NONE',  ( -0.000000000000000000, -0.000000000000000000, 1.000000000000000000 ) ) ;
#1505 = ORIENTED_EDGE ( 'NONE', *, *, #3091, .F. ) ;
#1506 = CARTESIAN_POINT ( 'NONE',  ( 1.500000000000000000, 0.07000000000000000666, 1.449999999999999289 ) ) ;
#1507 = DIRECTION ( 'NONE',  ( 0.7071067811865474617, 0.000000000000000000, -0.7071067811865475727 ) ) ;
#1508 = DIRECTION ( 'NONE',  ( 1.000000000000000000, 0.000000000000000000, 4.928191693115927811E-16 ) ) ;
#1509 = FACE_OUTER_BOUND ( 'NONE', #5118, .T. ) ;
#1510 = PRESENTATION_STYLE_ASSIGNMENT (( #922 ) ) ;
#1511 = VECTOR ( 'NONE', #7401, 1000.000000000000000 ) ;
#1512 = CARTESIAN_POINT ( 'NONE',  ( -1.399999999999999689, 0.000000000000000000, -1.550000000000000266 ) ) ;
#1513 = VECTOR ( 'NONE', #9708, 1000.000000000000000 ) ;
#1514 = DIRECTION ( 'NONE',  ( 0.000000000000000000, -1.000000000000000000, 0.000000000000000000 ) ) ;
#1515 = ORIENTED_EDGE ( 'NONE', *, *, #9114, .F. ) ;
#1517 = CARTESIAN_POINT ( 'NONE',  ( 2.020000000000000906, 1.784571554749779576, 0.7948513479695232808 ) ) ;
#1516 = CYLINDRICAL_SURFACE ( 'NONE', #4421, 0.1000000000000001443 ) ;
#1518 = VECTOR ( 'NONE', #8758, 1000.000000000000000 ) ;
#1519 = CARTESIAN_POINT ( 'NONE',  ( 1.876568542494923220, 1.649999999999999911, -0.8104372260139572903 ) ) ;
#1520 = EDGE_LOOP ( 'NONE', ( #2601, #8209, #9357, #6406 ) ) ;
#1521 = CARTESIAN_POINT ( 'NONE',  ( -2.100000000000000089, 0.06999999926500789782, 1.355000000000000648 ) ) ;
#1522 = AXIS2_PLACEMENT_3D ( 'NONE', #4257, #2637, #7550 ) ;
#1523 = EDGE_CURVE ( 'NONE', #8001, #6668, #1021, .T. ) ;
#1524 = CARTESIAN_POINT ( 'NONE',  ( 1.210883117545685783, 1.649999999999999911, 1.376122650963194527 ) ) ;
#1525 = CIRCLE ( 'NONE', #4946, 1.100000000000000089 ) ;
#1526 = CARTESIAN_POINT ( 'NONE',  ( 0.000000000000000000, 0.07000000000000000666, -1.550000000000000266 ) ) ;
#1527 = ADVANCED_FACE ( 'NONE', ( #4132 ), #4286, .F. ) ;
#1528 = DIRECTION ( 'NONE',  ( 0.000000000000000000, -1.000000000000000000, 0.000000000000000000 ) ) ;
#1529 = CYLINDRICAL_SURFACE ( 'NONE', #1495, 0.1000000000000000472 ) ;
#1530 = DIRECTION ( 'NONE',  ( 0.000000000000000000, 1.000000000000000000, 0.000000000000000000 ) ) ;
#1531 = AXIS2_PLACEMENT_3D ( 'NONE', #2033, #5520, #5308 ) ;
#1532 =( BOUNDED_SURFACE ( )  B_SPLINE_SURFACE ( 3, 3, ( 
 ( #7228, #8184, #6379, #8237 ),
 ( #6530, #8928, #1580, #1464 ),
 ( #9803, #4848, #7430, #884 ),
 ( #1524, #3062, #9027, #8132 ) ),
 .UNSPECIFIED., .F., .F., .T. ) 
 B_SPLINE_SURFACE_WITH_KNOTS ( ( 4, 4 ),
 ( 4, 4 ),
 ( 0.000000000000000000, 1.000000000000000000 ),
 ( 0.000000000000000000, 1.000000000000000000 ),
 .UNSPECIFIED. ) 
 GEOMETRIC_REPRESENTATION_ITEM ( )  RATIONAL_B_SPLINE_SURFACE ( (
 ( 1.000000000000000000, 0.3333333333333886039, 0.3333333333333886039, 1.000000000000000000),
 ( 0.8025111867385934517, 0.2675037289129088558, 0.2675037289129088558, 0.8025111867385934517),
 ( 0.8025111867385934517, 0.2675037289129088558, 0.2675037289129088558, 0.8025111867385934517),
 ( 1.000000000000000000, 0.3333333333333886039, 0.3333333333333886039, 1.000000000000000000) ) ) 
 REPRESENTATION_ITEM ( '' )  SURFACE ( )  );
#1533 = CARTESIAN_POINT ( 'NONE',  ( -1.988436006080599228, 1.464166666666575800, 1.428284318757803595 ) ) ;
#1534 = EDGE_CURVE ( 'NONE', #9326, #4339, #9556, .T. ) ;
#1535 = ORIENTED_EDGE ( 'NONE', *, *, #5418, .F. ) ;
#1536 = VECTOR ( 'NONE', #9143, 1000.000000000000000 ) ;
#1537 = CARTESIAN_POINT ( 'NONE',  ( 2.695632825456600656, 1.777260257245602437, -0.5956328254565980140 ) ) ;
#1538 = DIRECTION ( 'NONE',  ( 0.000000000000000000, 0.000000000000000000, -1.000000000000000000 ) ) ;
#1539 =( BOUNDED_SURFACE ( )  B_SPLINE_SURFACE ( 3, 3, ( 
 ( #293, #6864, #3604, #10128 ),
 ( #9411, #2070, #10490, #2211 ),
 ( #6472, #7073, #9637, #8021 ),
 ( #9518, #4729, #2266, #10339 ) ),
 .UNSPECIFIED., .F., .F., .F. ) 
 B_SPLINE_SURFACE_WITH_KNOTS ( ( 4, 4 ),
 ( 4, 4 ),
 ( 0.000000000000000000, 1.000000000000000000 ),
 ( 0.000000000000000000, 1.000000000000000000 ),
 .UNSPECIFIED. ) 
 GEOMETRIC_REPRESENTATION_ITEM ( )  RATIONAL_B_SPLINE_SURFACE ( (
 ( 1.000000000000000000, 0.3333333333333334259, 0.3333333333333334259, 1.000000000000000000),
 ( 0.8047378541243649375, 0.2682459513747884050, 0.2682459513747884050, 0.8047378541243649375),
 ( 0.8047378541243649375, 0.2682459513747884050, 0.2682459513747884050, 0.8047378541243649375),
 ( 1.000000000000000000, 0.3333333333333334259, 0.3333333333333334259, 1.000000000000000000) ) ) 
 REPRESENTATION_ITEM ( '' )  SURFACE ( )  );
#1540 = EDGE_CURVE ( 'NONE', #4550, #10271, #6571, .T. ) ;
#1541 = CARTESIAN_POINT ( 'NONE',  ( -1.600000000000000977, 0.07000000000000000666, -0.5500000000000000444 ) ) ;
#1542 = CARTESIAN_POINT ( 'NONE',  ( 1.961421356237309732, 1.449999999999999512, 1.460975464705581706 ) ) ;
#1543 = VECTOR ( 'NONE', #2543, 1000.000000000000000 ) ;
#1544 = DIRECTION ( 'NONE',  ( 1.000000000000000000, -0.000000000000000000, 0.000000000000000000 ) ) ;
#1545 = CIRCLE ( 'NONE', #4794, 0.2000000000000005107 ) ;
#1546 = AXIS2_PLACEMENT_3D ( 'NONE', #9618, #7345, #6352 ) ;
#1547 = PRESENTATION_LAYER_ASSIGNMENT (  '', '', ( #6370 ) ) ;
#1548 = CARTESIAN_POINT ( 'NONE',  ( 1.354314575050763025, 1.749999999999999778, 1.419554108468272124 ) ) ;
#1549 = DIRECTION ( 'NONE',  ( 0.000000000000000000, -1.000000000000000000, 0.000000000000000000 ) ) ;
#1550 = CARTESIAN_POINT ( 'NONE',  ( 0.3999999999999998557, 2.500000000000000000, -1.058578643762690508 ) ) ;
#1551 = CARTESIAN_POINT ( 'NONE',  ( 1.906297506684001331, 1.649999999999999689, 0.6979586327827722592 ) ) ;
#1552 = EDGE_LOOP ( 'NONE', ( #6502, #865, #6543 ) ) ;
#1553 = VERTEX_POINT ( 'NONE', #3470 ) ;
#1554 = PRESENTATION_STYLE_ASSIGNMENT (( #2345 ) ) ;
#1555 = ORIENTED_EDGE ( 'NONE', *, *, #7649, .T. ) ;
#1556 = DIRECTION ( 'NONE',  ( 0.000000000000000000, -1.000000000000000000, 0.000000000000000000 ) ) ;
#1557 = EDGE_CURVE ( 'NONE', #5164, #3939, #4994, .T. ) ;
#1558 = ADVANCED_FACE ( 'NONE', ( #6730 ), #4546, .T. ) ;
#1559 = PRESENTATION_LAYER_ASSIGNMENT (  '', '', ( #7900 ) ) ;
#1560 = ORIENTED_EDGE ( 'NONE', *, *, #10478, .F. ) ;
#1561 = DIRECTION ( 'NONE',  ( -0.7071067811865449082, 0.000000000000000000, -0.7071067811865502373 ) ) ;
#1562 = AXIS2_PLACEMENT_3D ( 'NONE', #2579, #8338, #4252 ) ;
#1563 = CIRCLE ( 'NONE', #1227, 0.1000000000000001443 ) ;
#1564 = ORIENTED_EDGE ( 'NONE', *, *, #8937, .T. ) ;
#1565 = AXIS2_PLACEMENT_3D ( 'NONE', #4996, #7422, #3301 ) ;
#1566 = ORIENTED_EDGE ( 'NONE', *, *, #6285, .T. ) ;
#1567 = ORIENTED_EDGE ( 'NONE', *, *, #4349, .F. ) ;
#1568 = VERTEX_POINT ( 'NONE', #3782 ) ;
#1569 = LINE ( 'NONE', #1771, #8395 ) ;
#1570 = DIRECTION ( 'NONE',  ( 0.7071067811865475727, 0.000000000000000000, -0.7071067811865474617 ) ) ;
#1571 = CARTESIAN_POINT ( 'NONE',  ( -1.906297506684001331, 1.536900777156472886, -0.7451183755087185112 ) ) ;
#1572 = LINE ( 'NONE', #1617, #6317 ) ;
#1573 = DIRECTION ( 'NONE',  ( -0.7071067811865449082, -0.000000000000000000, 0.7071067811865502373 ) ) ;
#1574 = VERTEX_POINT ( 'NONE', #8463 ) ;
#1576 = PRESENTATION_STYLE_ASSIGNMENT (( #180 ) ) ;
#1575 = CARTESIAN_POINT ( 'NONE',  ( -2.100000000000000089, 0.1800000000000006317, -0.7949999999999999289 ) ) ;
#1577 = VECTOR ( 'NONE', #771, 1000.000000000000000 ) ;
#1578 = CARTESIAN_POINT ( 'NONE',  ( 1.920000000000000373, 1.550000000000000266, 0.8538686835190338886 ) ) ;
#1579 = CARTESIAN_POINT ( 'NONE',  ( -2.013186970164015044, 1.512602837497155628, 1.384125279259983632 ) ) ;
#1580 = CARTESIAN_POINT ( 'NONE',  ( 1.252810866969983561, 1.448896448480543109, 1.275570875203490884 ) ) ;
#1581 = CARTESIAN_POINT ( 'NONE',  ( -2.020000000000000462, 1.750000000000000000, 1.235200384405516383 ) ) ;
#1582 = CARTESIAN_POINT ( 'NONE',  ( -1.460000000000000187, 1.550000000000000266, 1.410853531617383361 ) ) ;
#1583 = CARTESIAN_POINT ( 'NONE',  ( -1.354314575050763469, 1.749999999999999778, 1.519554108468272213 ) ) ;
#1584 = CARTESIAN_POINT ( 'NONE',  ( 1.023599564173221177, 1.449999999999999956, -1.224999999999999867 ) ) ;
#1585 = CARTESIAN_POINT ( 'NONE',  ( -1.932798024891110078, 1.449999999999999734, 1.484960209432578671 ) ) ;
#1586 = AXIS2_PLACEMENT_3D ( 'NONE', #9494, #6240, #9540 ) ;
#1587 = VERTEX_POINT ( 'NONE', #468 ) ;
#1588 = CARTESIAN_POINT ( 'NONE',  ( -2.020000000000000462, 1.750000000000000000, -1.235200384405516161 ) ) ;
#1589 = FACE_OUTER_BOUND ( 'NONE', #6582, .T. ) ;
#1590 = CARTESIAN_POINT ( 'NONE',  ( -1.252810866969983561, 1.951103551519473012, -1.275570875203457799 ) ) ;
#1591 =( BOUNDED_SURFACE ( )  B_SPLINE_SURFACE ( 3, 3, ( 
 ( #9611, #5531, #8791, #639 ),
 ( #3900, #5375, #9829, #8840 ),
 ( #10518, #2448, #855, #10631 ),
 ( #8210, #5734, #3998, #1493 ) ),
 .UNSPECIFIED., .F., .F., .F. ) 
 B_SPLINE_SURFACE_WITH_KNOTS ( ( 4, 4 ),
 ( 4, 4 ),
 ( 0.000000000000000000, 1.000000000000000000 ),
 ( 0.000000000000000000, 1.000000000000000000 ),
 .UNSPECIFIED. ) 
 GEOMETRIC_REPRESENTATION_ITEM ( )  RATIONAL_B_SPLINE_SURFACE ( (
 ( 1.000000000000000000, 0.8047378541243649375, 0.8047378541243649375, 1.000000000000000000),
 ( 0.8025111867385922304, 0.6458111303268122549, 0.6458111303268122549, 0.8025111867385922304),
 ( 0.8025111867385922304, 0.6458111303268122549, 0.6458111303268122549, 0.8025111867385922304),
 ( 1.000000000000000000, 0.8047378541243649375, 0.8047378541243649375, 1.000000000000000000) ) ) 
 REPRESENTATION_ITEM ( '' )  SURFACE ( )  );
#1592 = DIRECTION ( 'NONE',  ( -1.000000000000000000, 0.000000000000000000, 0.000000000000000000 ) ) ;
#1593 = CARTESIAN_POINT ( 'NONE',  ( -1.500000000000000222, 0.07000000000000000666, 0.6500000000000003553 ) ) ;
#1594 = CARTESIAN_POINT ( 'NONE',  ( 1.920000000000000373, 1.749999999999999778, -0.8538686835190337776 ) ) ;
#1595 = CARTESIAN_POINT ( 'NONE',  ( 1.735646275937244853, 1.849999999999999867, -1.419554108468272569 ) ) ;
#1596 = FACE_OUTER_BOUND ( 'NONE', #9624, .T. ) ;
#1597 = ORIENTED_EDGE ( 'NONE', *, *, #2576, .T. ) ;
#1598 = ORIENTED_EDGE ( 'NONE', *, *, #4298, .F. ) ;
#1599 = DIRECTION ( 'NONE',  ( 0.000000000000000000, -1.000000000000000000, 0.000000000000000000 ) ) ;
#1600 = EDGE_LOOP ( 'NONE', ( #4785, #8686, #6991, #1172 ) ) ;
#1601 = ORIENTED_EDGE ( 'NONE', *, *, #553, .F. ) ;
#1602 = DIRECTION ( 'NONE',  ( 0.7071067811865465735, 0.000000000000000000, 0.7071067811865483499 ) ) ;
#1603 = ADVANCED_FACE ( 'NONE', ( #7088 ), #5403, .F. ) ;
#1604 = EDGE_CURVE ( 'NONE', #5791, #263, #8217, .T. ) ;
#1605 = EDGE_CURVE ( 'NONE', #3962, #8898, #3751, .T. ) ;
#1606 = EDGE_LOOP ( 'NONE', ( #4278, #8825, #4066, #5564 ) ) ;
#1607 = ORIENTED_EDGE ( 'NONE', *, *, #284, .F. ) ;
#1608 = ORIENTED_EDGE ( 'NONE', *, *, #10269, .F. ) ;
#1609 = ORIENTED_EDGE ( 'NONE', *, *, #8101, .F. ) ;
#1610 = EDGE_CURVE ( 'NONE', #45, #6869, #1110, .T. ) ;
#1611 = VECTOR ( 'NONE', #7846, 1000.000000000000000 ) ;
#1612 = CARTESIAN_POINT ( 'NONE',  ( 1.988436006080640084, 1.464166666666514960, 1.428284318757787386 ) ) ;
#1613 = FACE_BOUND ( 'NONE', #2650, .T. ) ;
#1614 = CARTESIAN_POINT ( 'NONE',  ( -2.201952593834479277, 0.6115518992456836500, -1.354999999999999982 ) ) ;
#1615 = FILL_AREA_STYLE ('',( #1730 ) ) ;
#1616 = CARTESIAN_POINT ( 'NONE',  ( 2.020000000000000462, 1.649999999999999911, 0.8538686835190338886 ) ) ;
#1617 = CARTESIAN_POINT ( 'NONE',  ( -2.020000000000000462, 1.649999999999999911, -1.319554108468272036 ) ) ;
#1618 = CARTESIAN_POINT ( 'NONE',  ( 1.354314575050762581, 1.649999999999999911, -1.419554108468271680 ) ) ;
#1619 = ORIENTED_EDGE ( 'NONE', *, *, #6275, .T. ) ;
#1620 = FILL_AREA_STYLE_COLOUR ( '', #1474 ) ;
#1621 = DIRECTION ( 'NONE',  ( 0.7071067811865475727, 0.000000000000000000, 0.7071067811865474617 ) ) ;
#1622 = AXIS2_PLACEMENT_3D ( 'NONE', #1193, #8382, #4458 ) ;
#1623 = DIRECTION ( 'NONE',  ( -9.866381877431726115E-16, -0.000000000000000000, -1.000000000000000000 ) ) ;
#1624 = CARTESIAN_POINT ( 'NONE',  ( 1.846839578305846441, 1.749999999999999778, 0.6979586327827718151 ) ) ;
#1625 = DIRECTION ( 'NONE',  ( -0.000000000000000000, 0.000000000000000000, -1.000000000000000000 ) ) ;
#1626 = CARTESIAN_POINT ( 'NONE',  ( -1.302305608210474475, 1.802874257930792812, 1.509145170888289478 ) ) ;
#1627 = CARTESIAN_POINT ( 'NONE',  ( -1.919137802864846698, 2.049999999999999822, -0.9799999999999999822 ) ) ;
#1628 = CARTESIAN_POINT ( 'NONE',  ( 2.000000000000000888, 1.550000000000000266, -1.600000000000000089 ) ) ;
#1629 = EDGE_CURVE ( 'NONE', #8814, #2350, #4597, .T. ) ;
#1630 =( GEOMETRIC_REPRESENTATION_CONTEXT ( 3 ) GLOBAL_UNCERTAINTY_ASSIGNED_CONTEXT ( ( #1058 ) ) GLOBAL_UNIT_ASSIGNED_CONTEXT ( ( #5679, #5725, #4153 ) ) REPRESENTATION_CONTEXT ( 'NONE', 'WORKASPACE' ) );
#1631 = EDGE_CURVE ( 'NONE', #1898, #564, #10563, .T. ) ;
#1632 = UNCERTAINTY_MEASURE_WITH_UNIT (LENGTH_MEASURE( 1.000000000000000082E-05 ), #1055, 'distance_accuracy_value', 'NONE');
#1633 = CARTESIAN_POINT ( 'NONE',  ( -1.820000000000000062, 1.849999999999999867, 1.319554108468271814 ) ) ;
#1634 = CARTESIAN_POINT ( 'NONE',  ( 1.916566081967782331, 1.450000000000002620, 1.494696883978401392 ) ) ;
#1635 = DIRECTION ( 'NONE',  ( 0.000000000000000000, 0.000000000000000000, -1.000000000000000000 ) ) ;
#1636 = AXIS2_PLACEMENT_3D ( 'NONE', #5847, #7565, #3398 ) ;
#1637 = ORIENTED_EDGE ( 'NONE', *, *, #8916, .T. ) ;
#1638 = CARTESIAN_POINT ( 'NONE',  ( -1.919999999999999929, 1.749999999999999778, 0.8538686835190336666 ) ) ;
#1639 = VECTOR ( 'NONE', #5925, 1000.000000000000000 ) ;
#1640 = FACE_OUTER_BOUND ( 'NONE', #8310, .T. ) ;
#1641 = CARTESIAN_POINT ( 'NONE',  ( -1.961509827496771718, 1.449999999583023502, -1.460886936457828522 ) ) ;
#1642 = CARTESIAN_POINT ( 'NONE',  ( -2.020000000000000018, 1.449999999999999956, 1.319554108468271814 ) ) ;
#1643 = EDGE_CURVE ( 'NONE', #4316, #10439, #8516, .T. ) ;
#1644 = AXIS2_PLACEMENT_3D ( 'NONE', #8335, #4243, #7536 ) ;
#1645 = VECTOR ( 'NONE', #7068, 1000.000000000000000 ) ;
#1646 = DIRECTION ( 'NONE',  ( -0.9282544343432641565, 0.3719458362746743130, 2.168404344971006501E-15 ) ) ;
#1647 = VERTEX_POINT ( 'NONE', #9751 ) ;
#1648 = DIRECTION ( 'NONE',  ( 0.000000000000000000, 0.000000000000000000, -1.000000000000000000 ) ) ;
#1649 = CARTESIAN_POINT ( 'NONE',  ( 0.4000000000000001887, 2.458578643762690863, 1.100000000000000089 ) ) ;
#1650 = FACE_OUTER_BOUND ( 'NONE', #4673, .T. ) ;
#1651 = ORIENTED_EDGE ( 'NONE', *, *, #2574, .T. ) ;
#1652 = ORIENTED_EDGE ( 'NONE', *, *, #8750, .T. ) ;
#1653 = CARTESIAN_POINT ( 'NONE',  ( 1.805857864376268385, 1.649999999999999911, -0.7397265478953024553 ) ) ;
#1654 = ORIENTED_EDGE ( 'NONE', *, *, #5485, .T. ) ;
#1655 = CARTESIAN_POINT ( 'NONE',  ( 1.947942502722566083, 1.820038004349967098, -0.8110973381990249642 ) ) ;
#1656 = ADVANCED_FACE ( 'NONE', ( #4035 ), #2616, .T. ) ;
#1657 = ORIENTED_EDGE ( 'NONE', *, *, #8479, .F. ) ;
#1658 = CARTESIAN_POINT ( 'NONE',  ( -2.020000000000000462, 1.495475424902269257, -1.354819520443687697 ) ) ;
#1659 = VECTOR ( 'NONE', #2286, 1000.000000000000000 ) ;
#1660 = EDGE_CURVE ( 'NONE', #5954, #8001, #6344, .T. ) ;
#1661 = EDGE_CURVE ( 'NONE', #1116, #8361, #9062, .T. ) ;
#1662 = ORIENTED_EDGE ( 'NONE', *, *, #5746, .F. ) ;
#1663 = B_SPLINE_CURVE_WITH_KNOTS ( 'NONE', 3,
 ( #2734, #6913, #9178, #2828 ),
 .UNSPECIFIED., .F., .F.,
 ( 4, 4 ),
 ( 0.000000000000000000, 1.000000000000000000 ),
 .UNSPECIFIED. ) ;
#1664 = AXIS2_PLACEMENT_3D ( 'NONE', #1627, #5765, #5828 ) ;
#1665 = VERTEX_POINT ( 'NONE', #126 ) ;
#1666 = EDGE_CURVE ( 'NONE', #1728, #10363, #8100, .T. ) ;
#1667 = ORIENTED_EDGE ( 'NONE', *, *, #1764, .T. ) ;
#1668 = DIRECTION ( 'NONE',  ( 0.000000000000000000, 0.000000000000000000, -1.000000000000000000 ) ) ;
#1669 = CARTESIAN_POINT ( 'NONE',  ( 1.310883117545685872, 1.849999999999999867, 1.376122650963194305 ) ) ;
#1670 = CARTESIAN_POINT ( 'NONE',  ( 1.302305608210474475, 1.749999999999999778, -1.509145170888289478 ) ) ;
#1671 = DIRECTION ( 'NONE',  ( 0.000000000000000000, -1.000000000000000000, 0.000000000000000000 ) ) ;
#1672 = AXIS2_PLACEMENT_3D ( 'NONE', #5806, #5095, #1725 ) ;
#1673 = ADVANCED_FACE ( 'NONE', ( #5729 ), #10137, .F. ) ;
#1674 = CARTESIAN_POINT ( 'NONE',  ( 1.820000000000000062, 2.049999999999999822, -1.319554108468271814 ) ) ;
#1675 = CIRCLE ( 'NONE', #6838, 0.1000000000000000472 ) ;
#1676 = ADVANCED_FACE ( 'NONE', ( #6712 ), #1458, .F. ) ;
#1677 = CARTESIAN_POINT ( 'NONE',  ( 1.876568542494923886, 1.550000000000000266, -0.8104372260139570683 ) ) ;
#1678 = ORIENTED_EDGE ( 'NONE', *, *, #3035, .T. ) ;
#1679 = SURFACE_SIDE_STYLE ('',( #5819 ) ) ;
#1680 = DIRECTION ( 'NONE',  ( 0.000000000000000000, -0.000000000000000000, -1.000000000000000000 ) ) ;
#1681 =( GEOMETRIC_REPRESENTATION_CONTEXT ( 3 ) GLOBAL_UNCERTAINTY_ASSIGNED_CONTEXT ( ( #8466 ) ) GLOBAL_UNIT_ASSIGNED_CONTEXT ( ( #4206, #4374, #938 ) ) REPRESENTATION_CONTEXT ( 'NONE', 'WORKASPACE' ) );
#1682 = DIRECTION ( 'NONE',  ( -1.000000000000000000, 0.000000000000000000, 5.732077271949496718E-16 ) ) ;
#1683 = CARTESIAN_POINT ( 'NONE',  ( 1.735646275937244853, 1.749999999999999778, -1.419554108468271902 ) ) ;
#1684 = DIRECTION ( 'NONE',  ( 0.7071067811865463515, 0.000000000000000000, 0.7071067811865486830 ) ) ;
#1685 = EDGE_CURVE ( 'NONE', #8674, #2153, #6510, .T. ) ;
#1686 = DIRECTION ( 'NONE',  ( 0.7071067811865474617, 0.000000000000000000, -0.7071067811865474617 ) ) ;
#1687 = SURFACE_STYLE_FILL_AREA ( #23 ) ;
#1688 = CIRCLE ( 'NONE', #6328, 0.1000000000000001443 ) ;
#1689 = VECTOR ( 'NONE', #4818, 1000.000000000000000 ) ;
#1690 = DIRECTION ( 'NONE',  ( 1.000000000000000000, 0.000000000000000000, -0.000000000000000000 ) ) ;
#1691 = VECTOR ( 'NONE', #1905, 1000.000000000000000 ) ;
#1692 = CARTESIAN_POINT ( 'NONE',  ( -1.600000000000000755, 0.07000000000000000666, 0.5500000000000000444 ) ) ;
#1693 = VECTOR ( 'NONE', #29, 1000.000000000000000 ) ;
#1694 = VECTOR ( 'NONE', #2028, 1000.000000000000114 ) ;
#1695 = CARTESIAN_POINT ( 'NONE',  ( 1.876568542494923886, 1.649999999999999911, 0.8104372260139568462 ) ) ;
#1696 = ORIENTED_EDGE ( 'NONE', *, *, #9277, .T. ) ;
#1697 = CARTESIAN_POINT ( 'NONE',  ( 1.975604021008820821, 1.477260257245428754, -1.435869782706161946 ) ) ;
#1698 = CARTESIAN_POINT ( 'NONE',  ( 2.207596236799650224, 0.1571297138572338992, 1.355000000000000204 ) ) ;
#1699 = DIRECTION ( 'NONE',  ( -0.000000000000000000, 1.000000000000000000, -0.000000000000000000 ) ) ;
#1700 = AXIS2_PLACEMENT_3D ( 'NONE', #7828, #526, #3673 ) ;
#1701 = DIRECTION ( 'NONE',  ( -0.6252873226670321305, -0.7001135404624571068, -0.3447561378322632764 ) ) ;
#1702 = CARTESIAN_POINT ( 'NONE',  ( 1.921608451931494654, 1.493727452132818101, -1.483267048186025727 ) ) ;
#1703 = CARTESIAN_POINT ( 'NONE',  ( -2.100000000000000089, 0.06999999999999996503, 1.500000000000000000 ) ) ;
#1704 = AXIS2_PLACEMENT_3D ( 'NONE', #6438, #8935, #8139 ) ;
#1705 = MECHANICAL_DESIGN_GEOMETRIC_PRESENTATION_REPRESENTATION (  '', ( #5484 ), #3916 ) ;
#1706 = CARTESIAN_POINT ( 'NONE',  ( -1.735646275937244853, 1.749999999999999556, -1.419554108468271902 ) ) ;
#1707 = COLOUR_RGB ( '',1.000000000000000000, 1.000000000000000000, 1.000000000000000000 ) ;
#1708 = ORIENTED_EDGE ( 'NONE', *, *, #7390, .T. ) ;
#1709 = LINE ( 'NONE', #2491, #3554 ) ;
#1710 = CARTESIAN_POINT ( 'NONE',  ( 2.399999999999999911, 2.500000000000000000, 0.9999999999999995559 ) ) ;
#1711 = EDGE_LOOP ( 'NONE', ( #7158, #7687, #3681, #9120, #5536, #10194, #7792, #3057, #9912, #7007, #7996 ) ) ;
#1712 = VERTEX_POINT ( 'NONE', #5598 ) ;
#1713 = COLOUR_RGB ( '',0.8431372549019607865, 0.8156862745098039102, 0.7529411764705882248 ) ;
#1714 = DIRECTION ( 'NONE',  ( -0.3719458362746736468, -0.9282544343432644895, 2.090662742047476139E-16 ) ) ;
#1715 = ORIENTED_EDGE ( 'NONE', *, *, #8158, .T. ) ;
#1716 = DIRECTION ( 'NONE',  ( 0.000000000000000000, -1.000000000000000000, 0.000000000000000000 ) ) ;
#1717 = ORIENTED_EDGE ( 'NONE', *, *, #1283, .F. ) ;
#1718 = CARTESIAN_POINT ( 'NONE',  ( 1.639999999999999458, 1.550000000000000266, -0.2144761058952750765 ) ) ;
#1719 = CIRCLE ( 'NONE', #7727, 0.09999999999999985290 ) ;
#1720 = VECTOR ( 'NONE', #8409, 1000.000000000000000 ) ;
#1721 = ORIENTED_EDGE ( 'NONE', *, *, #9044, .T. ) ;
#1722 = VERTEX_POINT ( 'NONE', #767 ) ;
#1723 = ORIENTED_EDGE ( 'NONE', *, *, #4878, .T. ) ;
#1724 = VECTOR ( 'NONE', #5855, 1000.000000000000000 ) ;
#1725 = DIRECTION ( 'NONE',  ( -1.000000000000000000, 0.000000000000000000, 0.000000000000000000 ) ) ;
#1726 = AXIS2_PLACEMENT_3D ( 'NONE', #5630, #8056, #10570 ) ;
#1727 = CARTESIAN_POINT ( 'NONE',  ( 1.302305608210474475, 1.802874257930792812, -1.509145170888289478 ) ) ;
#1728 = VERTEX_POINT ( 'NONE', #8862 ) ;
#1729 = ADVANCED_FACE ( 'NONE', ( #4022 ), #1516, .T. ) ;
#1730 = FILL_AREA_STYLE_COLOUR ( '', #3697 ) ;
#1731 = DIRECTION ( 'NONE',  ( 0.000000000000000000, -0.000000000000000000, -1.000000000000000000 ) ) ;
#1732 = DIRECTION ( 'NONE',  ( -9.866381877431726115E-16, 0.000000000000000000, -1.000000000000000000 ) ) ;
#1733 = STYLED_ITEM ( 'NONE', ( #1460 ), #3490 ) ;
#1734 = EDGE_CURVE ( 'NONE', #3413, #3417, #7275, .T. ) ;
#1735 = PLANE ( 'NONE',  #7850 ) ;
#1736 = ORIENTED_EDGE ( 'NONE', *, *, #2820, .F. ) ;
#1737 = CARTESIAN_POINT ( 'NONE',  ( 2.020000000000000462, 1.750000000000000000, -1.235200384405516161 ) ) ;
#1738 = CARTESIAN_POINT ( 'NONE',  ( 1.240172439427031259, 1.849999999999999867, -1.446833329081849584 ) ) ;
#1739 = PLANE ( 'NONE',  #8069 ) ;
#1740 = FACE_OUTER_BOUND ( 'NONE', #607, .T. ) ;
#1741 =( NAMED_UNIT ( * ) SI_UNIT ( $, .STERADIAN. ) SOLID_ANGLE_UNIT ( ) );
#1742 = CARTESIAN_POINT ( 'NONE',  ( -2.020000000000000462, 1.649999999999999911, 0.7948513479695235029 ) ) ;
#1743 = EDGE_CURVE ( 'NONE', #7061, #2980, #2525, .T. ) ;
#1744 = EDGE_CURVE ( 'NONE', #9609, #9663, #5459, .T. ) ;
#1745 = CARTESIAN_POINT ( 'NONE',  ( 1.354314575050763469, 1.649999999999999911, 1.419554108468271902 ) ) ;
#1746 = EDGE_CURVE ( 'NONE', #1810, #4575, #6464, .T. ) ;
#1747 = CARTESIAN_POINT ( 'NONE',  ( 1.460000000000000187, 1.449999999999999956, 0.8599999999999999867 ) ) ;
#1748 = ORIENTED_EDGE ( 'NONE', *, *, #2264, .F. ) ;
#1749 = CARTESIAN_POINT ( 'NONE',  ( 1.310883117545685872, 1.649999999999999911, 1.376122650963194305 ) ) ;
#1750 = LINE ( 'NONE', #10024, #4598 ) ;
#1751 = STYLED_ITEM ( 'NONE', ( #4625 ), #4481 ) ;
#1752 = DIRECTION ( 'NONE',  ( 0.000000000000000000, -1.000000000000000000, 0.000000000000000000 ) ) ;
#1753 = LINE ( 'NONE', #10620, #175 ) ;
#1754 = DIRECTION ( 'NONE',  ( -0.7071067811865475727, 0.000000000000000000, 0.7071067811865474617 ) ) ;
#1755 = ORIENTED_EDGE ( 'NONE', *, *, #2765, .F. ) ;
#1756 = DIRECTION ( 'NONE',  ( 0.000000000000000000, 1.000000000000000000, 0.000000000000000000 ) ) ;
#1757 = ORIENTED_EDGE ( 'NONE', *, *, #7977, .T. ) ;
#1758 = ORIENTED_EDGE ( 'NONE', *, *, #8816, .F. ) ;
#1759 = FACE_OUTER_BOUND ( 'NONE', #6358, .T. ) ;
#1760 = EDGE_LOOP ( 'NONE', ( #2747, #711, #2801, #4758 ) ) ;
#1761 = CARTESIAN_POINT ( 'NONE',  ( 1.846839578305845997, 1.863099222843527691, -0.7451183755087182892 ) ) ;
#1762 = VERTEX_POINT ( 'NONE', #7464 ) ;
#1763 = DIRECTION ( 'NONE',  ( -0.9282544343432641565, 0.3719458362746743130, 0.000000000000000000 ) ) ;
#1764 = EDGE_CURVE ( 'NONE', #6206, #472, #825, .T. ) ;
#1765 = EDGE_CURVE ( 'NONE', #5078, #8116, #10202, .T. ) ;
#1766 = ORIENTED_EDGE ( 'NONE', *, *, #7589, .F. ) ;
#1767 = DIRECTION ( 'NONE',  ( -1.000000000000000000, 0.000000000000000000, 0.000000000000000000 ) ) ;
#1768 = VERTEX_POINT ( 'NONE', #1875 ) ;
#1769 = ORIENTED_EDGE ( 'NONE', *, *, #503, .F. ) ;
#1770 = FACE_OUTER_BOUND ( 'NONE', #2599, .T. ) ;
#1771 = CARTESIAN_POINT ( 'NONE',  ( 1.023599564173221177, 1.449999999999999956, -1.519554108468272213 ) ) ;
#1772 = CARTESIAN_POINT ( 'NONE',  ( 1.910853531617384693, 1.550000000000000266, -0.8600000000000000977 ) ) ;
#1773 = ORIENTED_EDGE ( 'NONE', *, *, #2138, .F. ) ;
#1774 = CARTESIAN_POINT ( 'NONE',  ( 2.020000000000000462, 1.539480857753715792, 1.319554108468272036 ) ) ;
#1775 = DIRECTION ( 'NONE',  ( 1.000000000000000000, 0.000000000000000000, -0.000000000000000000 ) ) ;
#1776 = FACE_OUTER_BOUND ( 'NONE', #5419, .T. ) ;
#1777 = DIRECTION ( 'NONE',  ( -0.7071067811865461294, 0.000000000000000000, -0.7071067811865490160 ) ) ;
#1778 = ORIENTED_EDGE ( 'NONE', *, *, #7512, .F. ) ;
#1779 =( GEOMETRIC_REPRESENTATION_CONTEXT ( 3 ) GLOBAL_UNCERTAINTY_ASSIGNED_CONTEXT ( ( #1917 ) ) GLOBAL_UNIT_ASSIGNED_CONTEXT ( ( #2093, #5146, #5367 ) ) REPRESENTATION_CONTEXT ( 'NONE', 'WORKASPACE' ) );
#1780 = LINE ( 'NONE', #8178, #7162 ) ;
#1781 = ORIENTED_EDGE ( 'NONE', *, *, #3683, .F. ) ;
#1782 = PRESENTATION_STYLE_ASSIGNMENT (( #4949 ) ) ;
#1783 = CARTESIAN_POINT ( 'NONE',  ( 1.479999999999999982, 1.550000000000000266, -1.419137802864844700 ) ) ;
#1784 = CARTESIAN_POINT ( 'NONE',  ( 1.820000000000000062, 1.550000000000000266, 0.8800000000000000044 ) ) ;
#1785 = CARTESIAN_POINT ( 'NONE',  ( 2.100000000000000089, 0.07000000000000061728, -0.8435786437626897616 ) ) ;
#1786 = EDGE_CURVE ( 'NONE', #5633, #8997, #10270, .T. ) ;
#1787 = CARTESIAN_POINT ( 'NONE',  ( 1.920000000000000817, 1.849999999999999867, 1.319554108468271814 ) ) ;
#1788 = LINE ( 'NONE', #9184, #3936 ) ;
#1789 = EDGE_CURVE ( 'NONE', #2927, #9501, #10152, .T. ) ;
#1790 = VERTEX_POINT ( 'NONE', #5537 ) ;
#1791 = VECTOR ( 'NONE', #3591, 1000.000000000000000 ) ;
#1792 = DIRECTION ( 'NONE',  ( 0.000000000000000000, -1.000000000000000000, 0.000000000000000000 ) ) ;
#1793 = EDGE_CURVE ( 'NONE', #6374, #5583, #5298, .T. ) ;
#1794 = CARTESIAN_POINT ( 'NONE',  ( -1.310883117545685650, 1.849999999999999867, -1.376122650963194527 ) ) ;
#1795 = EDGE_LOOP ( 'NONE', ( #2163, #9558, #5627, #4702 ) ) ;
#1796 =( NAMED_UNIT ( * ) PLANE_ANGLE_UNIT ( ) SI_UNIT ( $, .RADIAN. ) );
#1797 = CARTESIAN_POINT ( 'NONE',  ( -2.207596236799650224, 0.1571297138572337881, 1.355000000000000648 ) ) ;
#1798 = DIRECTION ( 'NONE',  ( -0.7071067811865463515, 0.000000000000000000, -0.7071067811865486830 ) ) ;
#1799 = FACE_OUTER_BOUND ( 'NONE', #9943, .T. ) ;
#1800 = EDGE_CURVE ( 'NONE', #1198, #8378, #8037, .T. ) ;
#1801 = CARTESIAN_POINT ( 'NONE',  ( -1.921608451931494654, 1.493727452132818101, -1.483267048186025727 ) ) ;
#1802 = B_SPLINE_CURVE_WITH_KNOTS ( 'NONE', 3,
 ( #930, #8288, #4147, #7387 ),
 .UNSPECIFIED., .F., .F.,
 ( 4, 4 ),
 ( 0.000000000000000000, 1.000000000000000000 ),
 .UNSPECIFIED. ) ;
#1803 = EDGE_CURVE ( 'NONE', #10116, #5633, #10101, .T. ) ;
#1804 = CARTESIAN_POINT ( 'NONE',  ( 1.379999999999999893, 1.649999999999999911, 1.419554108468271902 ) ) ;
#1805 = VERTEX_POINT ( 'NONE', #2441 ) ;
#1806 = FILL_AREA_STYLE ('',( #1002 ) ) ;
#1807 = DIRECTION ( 'NONE',  ( -0.7071067811865474617, 0.000000000000000000, -0.7071067811865475727 ) ) ;
#1808 = VECTOR ( 'NONE', #1221, 1000.000000000000000 ) ;
#1809 = VERTEX_POINT ( 'NONE', #6447 ) ;
#1810 = VERTEX_POINT ( 'NONE', #6602 ) ;
#1811 = ORIENTED_EDGE ( 'NONE', *, *, #3156, .T. ) ;
#1812 = DIRECTION ( 'NONE',  ( -0.3719458362746736468, 0.9282544343432644895, 2.090662742047476139E-16 ) ) ;
#1813 = ORIENTED_EDGE ( 'NONE', *, *, #1284, .T. ) ;
#1814 = AXIS2_PLACEMENT_3D ( 'NONE', #3895, #5731, #9867 ) ;
#1815 = EDGE_CURVE ( 'NONE', #8677, #8965, #4919, .T. ) ;
#1816 =( GEOMETRIC_REPRESENTATION_CONTEXT ( 3 ) GLOBAL_UNCERTAINTY_ASSIGNED_CONTEXT ( ( #5545 ) ) GLOBAL_UNIT_ASSIGNED_CONTEXT ( ( #122, #9131, #3160 ) ) REPRESENTATION_CONTEXT ( 'NONE', 'WORKASPACE' ) );
#1817 = ORIENTED_EDGE ( 'NONE', *, *, #6891, .T. ) ;
#1818 = AXIS2_PLACEMENT_3D ( 'NONE', #9370, #3669, #6983 ) ;
#1819 = VERTEX_POINT ( 'NONE', #4978 ) ;
#1820 = ORIENTED_EDGE ( 'NONE', *, *, #7546, .T. ) ;
#1821 = DIRECTION ( 'NONE',  ( 0.7071067811865477948, 0.000000000000000000, 0.7071067811865473507 ) ) ;
#1822 = DIRECTION ( 'NONE',  ( 0.000000000000000000, 0.000000000000000000, -1.000000000000000000 ) ) ;
#1823 = ORIENTED_EDGE ( 'NONE', *, *, #936, .T. ) ;
#1824 =( GEOMETRIC_REPRESENTATION_CONTEXT ( 3 ) GLOBAL_UNCERTAINTY_ASSIGNED_CONTEXT ( ( #9635 ) ) GLOBAL_UNIT_ASSIGNED_CONTEXT ( ( #8968, #5648, #8228 ) ) REPRESENTATION_CONTEXT ( 'NONE', 'WORKASPACE' ) );
#1825 = DIRECTION ( 'NONE',  ( -0.000000000000000000, -1.000000000000000000, -0.000000000000000000 ) ) ;
#1826 = EDGE_CURVE ( 'NONE', #4439, #1898, #4830, .T. ) ;
#1827 = DIRECTION ( 'NONE',  ( 0.000000000000000000, 0.000000000000000000, -1.000000000000000000 ) ) ;
#1828 = CARTESIAN_POINT ( 'NONE',  ( -1.600000000000000311, 0.000000000000000000, -0.6500000000000001332 ) ) ;
#1829 = VECTOR ( 'NONE', #7488, 1000.000000000000000 ) ;
#1830 = AXIS2_PLACEMENT_3D ( 'NONE', #8944, #1592, #4861 ) ;
#1831 =( LENGTH_UNIT ( ) NAMED_UNIT ( * ) SI_UNIT ( .MILLI., .METRE. ) );
#1832 = ORIENTED_EDGE ( 'NONE', *, *, #6891, .F. ) ;
#1833 = PLANE ( 'NONE',  #7654 ) ;
#1834 = LINE ( 'NONE', #5873, #535 ) ;
#1835 = STYLED_ITEM ( 'NONE', ( #6159 ), #893 ) ;
#1836 = CARTESIAN_POINT ( 'NONE',  ( 1.975604021008832811, 1.477260257245453845, -1.435869782706140185 ) ) ;
#1837 = CARTESIAN_POINT ( 'NONE',  ( -1.354314575050763469, 1.550004441289105195, -1.418611644624957258 ) ) ;
#1838 = COLOUR_RGB ( '',0.8431372549019607865, 0.8156862745098039102, 0.7529411764705882248 ) ;
#1839 = PRESENTATION_STYLE_ASSIGNMENT (( #2523 ) ) ;
#1840 = LINE ( 'NONE', #2631, #9200 ) ;
#1841 = CARTESIAN_POINT ( 'NONE',  ( 1.919057536156686394, 1.550004441289105417, -0.8538686835190347768 ) ) ;
#1842 = AXIS2_PLACEMENT_3D ( 'NONE', #9992, #8169, #10047 ) ;
#1843 = ORIENTED_EDGE ( 'NONE', *, *, #2573, .F. ) ;
#1844 = CARTESIAN_POINT ( 'NONE',  ( -1.805857864376268607, 1.649999999999999911, -0.7397265478953022333 ) ) ;
#1845 = DIRECTION ( 'NONE',  ( 1.000000000000000000, -0.000000000000000000, 4.928191693115927811E-16 ) ) ;
#1846 = AXIS2_PLACEMENT_3D ( 'NONE', #7332, #1528, #6382 ) ;
#1847 = CARTESIAN_POINT ( 'NONE',  ( -1.990710678118655652, 1.749999999999999778, -0.7831580054003791647 ) ) ;
#1848 = EDGE_CURVE ( 'NONE', #9151, #2094, #1350, .T. ) ;
#1849 = EDGE_LOOP ( 'NONE', ( #5597, #3743, #6760, #6456 ) ) ;
#1850 = CARTESIAN_POINT ( 'NONE',  ( 1.210883117545685561, 1.650000000000000355, -1.376122650963194305 ) ) ;
#1851 = CARTESIAN_POINT ( 'NONE',  ( -1.919057536156685950, 1.849995558710894716, -1.235200384405516605 ) ) ;
#1852 = DIRECTION ( 'NONE',  ( 0.000000000000000000, -1.000000000000000000, 0.000000000000000000 ) ) ;
#1853 = DIRECTION ( 'NONE',  ( 0.7071067811865449082, 0.000000000000000000, -0.7071067811865502373 ) ) ;
#1854 = SURFACE_STYLE_USAGE ( .BOTH. , #1159 ) ;
#1855 = DIRECTION ( 'NONE',  ( -0.7071067811865475727, -0.000000000000000000, 0.7071067811865474617 ) ) ;
#1856 = DIRECTION ( 'NONE',  ( 0.000000000000000000, 0.000000000000000000, -1.000000000000000000 ) ) ;
#1857 = EDGE_CURVE ( 'NONE', #554, #10093, #6670, .T. ) ;
#1858 = EDGE_CURVE ( 'NONE', #7255, #6252, #4765, .T. ) ;
#1859 = VECTOR ( 'NONE', #3809, 1000.000000000000000 ) ;
#1860 = PRESENTATION_STYLE_ASSIGNMENT (( #9150 ) ) ;
#1861 = FACE_OUTER_BOUND ( 'NONE', #6787, .T. ) ;
#1862 = CARTESIAN_POINT ( 'NONE',  ( -2.020000000000000462, 1.749999999999999778, 1.235200384405516161 ) ) ;
#1863 = EDGE_CURVE ( 'NONE', #10209, #7684, #6168, .T. ) ;
#1864 = ORIENTED_EDGE ( 'NONE', *, *, #631, .F. ) ;
#1865 = ORIENTED_EDGE ( 'NONE', *, *, #2946, .T. ) ;
#1866 = VECTOR ( 'NONE', #583, 1000.000000000000000 ) ;
#1867 = ORIENTED_EDGE ( 'NONE', *, *, #10479, .F. ) ;
#1868 = PLANE ( 'NONE',  #8299 ) ;
#1869 = STYLED_ITEM ( 'NONE', ( #3614 ), #1603 ) ;
#1870 = ORIENTED_EDGE ( 'NONE', *, *, #38, .F. ) ;
#1871 = CARTESIAN_POINT ( 'NONE',  ( 1.379878082740623846, 1.549878082740623553, -1.478021198630626420 ) ) ;
#1872 = AXIS2_PLACEMENT_3D ( 'NONE', #6713, #363, #6932 ) ;
#1873 = PRESENTATION_LAYER_ASSIGNMENT (  '', '', ( #7206 ) ) ;
#1874 =( BOUNDED_SURFACE ( )  B_SPLINE_SURFACE ( 3, 3, ( 
 ( #6876, #7663, #1269, #7821 ),
 ( #2752, #305, #6063, #7027 ),
 ( #8513, #6226, #5131, #6007 ),
 ( #1160, #9260, #1918, #9315 ) ),
 .UNSPECIFIED., .F., .F., .F. ) 
 B_SPLINE_SURFACE_WITH_KNOTS ( ( 4, 4 ),
 ( 4, 4 ),
 ( 0.000000000000000000, 1.000000000000000000 ),
 ( 0.000000000000000000, 1.000000000000000000 ),
 .UNSPECIFIED. ) 
 GEOMETRIC_REPRESENTATION_ITEM ( )  RATIONAL_B_SPLINE_SURFACE ( (
 ( 1.000000000000000000, 0.8025111867385925635, 0.8025111867385925635, 1.000000000000000000),
 ( 0.9486501948152646913, 0.7613023936409950565, 0.7613023936409950565, 0.9486501948152646913),
 ( 0.9486501948152646913, 0.7613023936409950565, 0.7613023936409950565, 0.9486501948152646913),
 ( 1.000000000000000000, 0.8025111867385925635, 0.8025111867385925635, 1.000000000000000000) ) ) 
 REPRESENTATION_ITEM ( '' )  SURFACE ( )  );
#1875 = CARTESIAN_POINT ( 'NONE',  ( -1.638275862068964805, 1.550000000000000266, 0.2329654253690056076 ) ) ;
#1876 = AXIS2_PLACEMENT_3D ( 'NONE', #1179, #2717, #2043 ) ;
#1877 = ORIENTED_EDGE ( 'NONE', *, *, #97, .F. ) ;
#1878 = CARTESIAN_POINT ( 'NONE',  ( 2.026363480482510138, -0.6955033648010471303, -1.355000000000000204 ) ) ;
#1879 = EDGE_CURVE ( 'NONE', #3088, #211, #7192, .T. ) ;
#1880 = EDGE_CURVE ( 'NONE', #9723, #1809, #5570, .T. ) ;
#1881 = VERTEX_POINT ( 'NONE', #4111 ) ;
#1882 = ORIENTED_EDGE ( 'NONE', *, *, #8483, .T. ) ;
#1883 = CYLINDRICAL_SURFACE ( 'NONE', #9788, 0.1000000000000000472 ) ;
#1884 = FACE_OUTER_BOUND ( 'NONE', #2032, .T. ) ;
#1885 = ORIENTED_EDGE ( 'NONE', *, *, #236, .F. ) ;
#1886 = DIRECTION ( 'NONE',  ( -1.000000000000000000, 0.000000000000000000, 0.000000000000000000 ) ) ;
#1887 = CARTESIAN_POINT ( 'NONE',  ( 1.327268482960745510, 1.850551775759736950, 1.477626359043973769 ) ) ;
#1888 = AXIS2_PLACEMENT_3D ( 'NONE', #6955, #5009, #3372 ) ;
#1889 =( GEOMETRIC_REPRESENTATION_CONTEXT ( 3 ) GLOBAL_UNCERTAINTY_ASSIGNED_CONTEXT ( ( #6873 ) ) GLOBAL_UNIT_ASSIGNED_CONTEXT ( ( #9732, #5649, #8123 ) ) REPRESENTATION_CONTEXT ( 'NONE', 'WORKASPACE' ) );
#1890 = CARTESIAN_POINT ( 'NONE',  ( -2.050000000000000711, 0.000000000000000000, 0.5500000000000001554 ) ) ;
#1891 =( BOUNDED_SURFACE ( )  B_SPLINE_SURFACE ( 3, 3, ( 
 ( #4869, #9710, #4923, #849 ),
 ( #8893, #4115, #2492, #1551 ),
 ( #7410, #4820, #3285, #6606 ),
 ( #5790, #7731, #206, #9978 ) ),
 .UNSPECIFIED., .F., .F., .T. ) 
 B_SPLINE_SURFACE_WITH_KNOTS ( ( 4, 4 ),
 ( 4, 4 ),
 ( 0.000000000000000000, 1.000000000000000000 ),
 ( 0.000000000000000000, 1.000000000000000000 ),
 .UNSPECIFIED. ) 
 GEOMETRIC_REPRESENTATION_ITEM ( )  RATIONAL_B_SPLINE_SURFACE ( (
 ( 1.000000000000000000, 0.8025111867385934517, 0.8025111867385934517, 1.000000000000000000),
 ( 0.8002741005225364468, 0.6422289181265011804, 0.6422289181265011804, 0.8002741005225364468),
 ( 0.8002741005225364468, 0.6422289181265011804, 0.6422289181265011804, 0.8002741005225364468),
 ( 1.000000000000000000, 0.8025111867385934517, 0.8025111867385934517, 1.000000000000000000) ) ) 
 REPRESENTATION_ITEM ( '' )  SURFACE ( )  );
#1892 = CARTESIAN_POINT ( 'NONE',  ( -1.539999999999999591, 1.449999999999999956, -0.2144761058952749655 ) ) ;
#1893 = CARTESIAN_POINT ( 'NONE',  ( 1.311825581389000739, 1.750000000000000000, -1.276127092252299589 ) ) ;
#1894 = AXIS2_PLACEMENT_3D ( 'NONE', #9869, #3995, #8837 ) ;
#1895 = VECTOR ( 'NONE', #5697, 1000.000000000000000 ) ;
#1896 = VECTOR ( 'NONE', #7148, 1000.000000000000000 ) ;
#1897 = CARTESIAN_POINT ( 'NONE',  ( -1.961421356237310176, 1.449999999999999956, -1.460975464705581262 ) ) ;
#1898 = VERTEX_POINT ( 'NONE', #843 ) ;
#1899 = CARTESIAN_POINT ( 'NONE',  ( -1.639999999999999680, 1.550000000000000266, -0.2144761058952750765 ) ) ;
#1900 = CARTESIAN_POINT ( 'NONE',  ( 2.020000000000000462, 1.750000000000000000, -1.235200384405516161 ) ) ;
#1901 = UNCERTAINTY_MEASURE_WITH_UNIT (LENGTH_MEASURE( 1.000000000000000082E-05 ), #2595, 'distance_accuracy_value', 'NONE');
#1902 = CARTESIAN_POINT ( 'NONE',  ( 1.479999999999999982, 1.449999999999999956, 1.419137802864844700 ) ) ;
#1903 = CARTESIAN_POINT ( 'NONE',  ( 1.888032633253841963, 1.566741114999319562, -1.487586741722114470 ) ) ;
#1904 = AXIS2_PLACEMENT_3D ( 'NONE', #9597, #2235, #5522 ) ;
#1905 = DIRECTION ( 'NONE',  ( 1.000000000000000000, -0.000000000000000000, 5.732077271949496718E-16 ) ) ;
#1906 = VECTOR ( 'NONE', #4419, 1000.000000000000000 ) ;
#1907 = DIRECTION ( 'NONE',  ( 0.000000000000000000, -1.000000000000000000, 0.000000000000000000 ) ) ;
#1908 = VERTEX_POINT ( 'NONE', #9047 ) ;
#1909 = CARTESIAN_POINT ( 'NONE',  ( -1.916566081967760127, 1.449999999999999956, -1.494696883978414048 ) ) ;
#1910 = CARTESIAN_POINT ( 'NONE',  ( 1.924838626679405973, 1.449999999999999734, -1.490135763895783505 ) ) ;
#1911 = SURFACE_STYLE_USAGE ( .BOTH. , #4149 ) ;
#1912 = VERTEX_POINT ( 'NONE', #4049 ) ;
#1913 = DIRECTION ( 'NONE',  ( 0.000000000000000000, -1.000000000000000000, 0.000000000000000000 ) ) ;
#1914 = SURFACE_STYLE_USAGE ( .BOTH. , #8296 ) ;
#1915 = FACE_OUTER_BOUND ( 'NONE', #5209, .T. ) ;
#1916 = DIRECTION ( 'NONE',  ( -9.866381877431726115E-16, 0.000000000000000000, -1.000000000000000000 ) ) ;
#1917 = UNCERTAINTY_MEASURE_WITH_UNIT (LENGTH_MEASURE( 1.000000000000000082E-05 ), #2093, 'distance_accuracy_value', 'NONE');
#1918 = CARTESIAN_POINT ( 'NONE',  ( 1.283271467065780991, 1.608465559789773458, -1.489930786479060965 ) ) ;
#1919 = DIRECTION ( 'NONE',  ( -1.000000000000000000, 0.000000000000000000, 9.866381877431726115E-16 ) ) ;
#1920 = AXIS2_PLACEMENT_3D ( 'NONE', #8197, #4747, #3986 ) ;
#1921 = LINE ( 'NONE', #5198, #5585 ) ;
#1922 = UNCERTAINTY_MEASURE_WITH_UNIT (LENGTH_MEASURE( 1.000000000000000082E-05 ), #6062, 'distance_accuracy_value', 'NONE');
#1923 = PRESENTATION_STYLE_ASSIGNMENT (( #6716 ) ) ;
#1924 = EDGE_LOOP ( 'NONE', ( #5093, #3110, #8208, #2609 ) ) ;
#1925 = ORIENTED_EDGE ( 'NONE', *, *, #3871, .T. ) ;
#1926 = AXIS2_PLACEMENT_3D ( 'NONE', #10376, #7010, #2892 ) ;
#1927 = FILL_AREA_STYLE_COLOUR ( '', #6180 ) ;
#1928 = ORIENTED_EDGE ( 'NONE', *, *, #5135, .F. ) ;
#1929 = DIRECTION ( 'NONE',  ( -1.602269220421927623E-16, 0.000000000000000000, -1.000000000000000000 ) ) ;
#1930 = EDGE_LOOP ( 'NONE', ( #3082, #3585, #7695, #3511, #1678 ) ) ;
#1931 = CARTESIAN_POINT ( 'NONE',  ( -1.804007243629380142, 1.749999999999999778, 1.492538888362403782 ) ) ;
#1932 = CIRCLE ( 'NONE', #4671, 0.1000000000000000472 ) ;
#1933 = ORIENTED_EDGE ( 'NONE', *, *, #38, .T. ) ;
#1934 = CARTESIAN_POINT ( 'NONE',  ( -1.920000000000000373, 1.749999999999999778, 0.8538686835190337776 ) ) ;
#1935 = ORIENTED_EDGE ( 'NONE', *, *, #9608, .T. ) ;
#1936 = VERTEX_POINT ( 'NONE', #8102 ) ;
#1937 = CARTESIAN_POINT ( 'NONE',  ( -1.919057536156685950, 1.749999999999999778, -0.7538731248081388392 ) ) ;
#1938 = CARTESIAN_POINT ( 'NONE',  ( 0.3999999999999998557, 2.400000000000000355, -1.000000000000000000 ) ) ;
#1939 = EDGE_LOOP ( 'NONE', ( #8908, #798, #6797, #9109 ) ) ;
#1940 = LINE ( 'NONE', #7256, #9503 ) ;
#1941 = CARTESIAN_POINT ( 'NONE',  ( 1.354314575050763247, 1.850551775759737172, 1.477626359043973769 ) ) ;
#1942 = FILL_AREA_STYLE_COLOUR ( '', #3928 ) ;
#1943 = CARTESIAN_POINT ( 'NONE',  ( -1.389289321881345574, 1.550000000000000266, 1.340142853498727860 ) ) ;
#1944 = CARTESIAN_POINT ( 'NONE',  ( -1.785249455757841552, 1.840550181944158092, -1.418700667839627449 ) ) ;
#1945 =( BOUNDED_CURVE ( )  B_SPLINE_CURVE ( 3, ( #7282, #6532, #22, #8932 ),
 .UNSPECIFIED., .F., .F. ) 
 B_SPLINE_CURVE_WITH_KNOTS ( ( 4, 4 ),
 ( 4.712388980384689674, 6.283185307179586232 ),
 .UNSPECIFIED. ) 
 CURVE ( )  GEOMETRIC_REPRESENTATION_ITEM ( )  RATIONAL_B_SPLINE_CURVE ( ( 1.000000000000000000, 0.8047378541243649375, 0.8047378541243649375, 1.000000000000000000 ) ) 
 REPRESENTATION_ITEM ( '' )  );
#1946 = EDGE_CURVE ( 'NONE', #9459, #2499, #9865, .T. ) ;
#1947 = EDGE_CURVE ( 'NONE', #4986, #9055, #5930, .T. ) ;
#1948 = EDGE_CURVE ( 'NONE', #2350, #8417, #3128, .T. ) ;
#1949 = EDGE_CURVE ( 'NONE', #9784, #10209, #2867, .T. ) ;
#1950 = FACE_OUTER_BOUND ( 'NONE', #4676, .T. ) ;
#1951 = ORIENTED_EDGE ( 'NONE', *, *, #8158, .F. ) ;
#1952 = PLANE ( 'NONE',  #5257 ) ;
#1953 = CARTESIAN_POINT ( 'NONE',  ( 1.240172439427031259, 1.749999999999999778, 1.446833329081849584 ) ) ;
#1954 = CARTESIAN_POINT ( 'NONE',  ( 1.988032633253842940, 1.566741114999318452, -1.387586741722114159 ) ) ;
#1955 = CARTESIAN_POINT ( 'NONE',  ( -1.210883117545685783, 1.649999999999999911, -1.435139986512705024 ) ) ;
#1956 = DIRECTION ( 'NONE',  ( 9.866381877431726115E-16, -0.000000000000000000, 1.000000000000000000 ) ) ;
#1957 = SURFACE_SIDE_STYLE ('',( #9306 ) ) ;
#1958 = EDGE_CURVE ( 'NONE', #8657, #8844, #5987, .T. ) ;
#1959 = ORIENTED_EDGE ( 'NONE', *, *, #10068, .F. ) ;
#1960 = CARTESIAN_POINT ( 'NONE',  ( 1.479999999999999982, 1.449999999999999956, 1.419554108468271902 ) ) ;
#1961 = CARTESIAN_POINT ( 'NONE',  ( -1.240172439427031259, 1.849999999999999867, -1.446833329081849584 ) ) ;
#1962 = LINE ( 'NONE', #9253, #8712 ) ;
#1963 = ORIENTED_EDGE ( 'NONE', *, *, #2388, .F. ) ;
#1964 = DIRECTION ( 'NONE',  ( 0.000000000000000000, -1.000000000000000000, 0.000000000000000000 ) ) ;
#1965 = CIRCLE ( 'NONE', #1104, 0.09999999999999997780 ) ;
#1966 = DIRECTION ( 'NONE',  ( -1.000000000000000000, -0.000000000000000000, -0.000000000000000000 ) ) ;
#1967 = LINE ( 'NONE', #6979, #4738 ) ;
#1968 = EDGE_CURVE ( 'NONE', #925, #8674, #2394, .T. ) ;
#1969 = CARTESIAN_POINT ( 'NONE',  ( -1.310883117545686538, 1.749999999999999778, 1.376122650963194971 ) ) ;
#1970 = EDGE_CURVE ( 'NONE', #10271, #1087, #9046, .T. ) ;
#1971 = DIRECTION ( 'NONE',  ( -1.000000000000000000, 0.000000000000000000, -2.710505431213766015E-16 ) ) ;
#1972 = SURFACE_SIDE_STYLE ('',( #2086 ) ) ;
#1973 = DIRECTION ( 'NONE',  ( 0.000000000000000000, 0.000000000000000000, -1.000000000000000000 ) ) ;
#1974 = CYLINDRICAL_SURFACE ( 'NONE', #6286, 0.1000000000000000472 ) ;
#1975 = DIRECTION ( 'NONE',  ( -0.000000000000000000, -1.000000000000000000, -0.000000000000000000 ) ) ;
#1976 = ORIENTED_EDGE ( 'NONE', *, *, #9149, .F. ) ;
#1977 = VERTEX_POINT ( 'NONE', #4268 ) ;
#1978 = EDGE_LOOP ( 'NONE', ( #7579, #9985, #3086, #6031 ) ) ;
#1979 = LINE ( 'NONE', #9325, #2287 ) ;
#1980 = ORIENTED_EDGE ( 'NONE', *, *, #5868, .T. ) ;
#1981 = ADVANCED_FACE ( 'NONE', ( #4161 ), #9268, .T. ) ;
#1982 = AXIS2_PLACEMENT_3D ( 'NONE', #4204, #6596, #8350 ) ;
#1983 = ORIENTED_EDGE ( 'NONE', *, *, #4844, .T. ) ;
#1984 = EDGE_LOOP ( 'NONE', ( #10149, #10159, #3574, #862, #7047, #1250 ) ) ;
#1985 = ORIENTED_EDGE ( 'NONE', *, *, #2440, .T. ) ;
#1986 = EDGE_CURVE ( 'NONE', #5304, #9218, #9921, .T. ) ;
#1987 = DIRECTION ( 'NONE',  ( 0.9781476007338063550, -0.2079116908177557344, 0.000000000000000000 ) ) ;
#1988 = DIRECTION ( 'NONE',  ( -1.000000000000000000, 0.000000000000000000, 4.928191693115927811E-16 ) ) ;
#1989 = ORIENTED_EDGE ( 'NONE', *, *, #1150, .F. ) ;
#1990 = CARTESIAN_POINT ( 'NONE',  ( -2.020000000000000462, 1.449999999999999956, -1.224999999999999867 ) ) ;
#1991 = EDGE_CURVE ( 'NONE', #10098, #9501, #7023, .T. ) ;
#1992 = SURFACE_STYLE_FILL_AREA ( #4956 ) ;
#1993 = LINE ( 'NONE', #275, #6296 ) ;
#1994 = VECTOR ( 'NONE', #9901, 1000.000000000000000 ) ;
#1995 = CARTESIAN_POINT ( 'NONE',  ( -1.761347234272319984, 1.808512823836345040, -1.520110036656114438 ) ) ;
#1996 = DIRECTION ( 'NONE',  ( 0.000000000000000000, 0.000000000000000000, -1.000000000000000000 ) ) ;
#1997 = EDGE_CURVE ( 'NONE', #6401, #4757, #1688, .T. ) ;
#1998 = AXIS2_PLACEMENT_3D ( 'NONE', #5981, #7697, #1251 ) ;
#1999 = ORIENTED_EDGE ( 'NONE', *, *, #3202, .T. ) ;
#2000 = AXIS2_PLACEMENT_3D ( 'NONE', #6366, #3858, #5494 ) ;
#2001 = LINE ( 'NONE', #4351, #6486 ) ;
#2002 = ORIENTED_EDGE ( 'NONE', *, *, #695, .F. ) ;
#2003 = CYLINDRICAL_SURFACE ( 'NONE', #459, 0.1000000000000001166 ) ;
#2004 = FACE_OUTER_BOUND ( 'NONE', #7639, .T. ) ;
#2005 = ADVANCED_FACE ( 'NONE', ( #6011 ), #7668, .T. ) ;
#2006 = CARTESIAN_POINT ( 'NONE',  ( -1.910853531617384915, 1.550000000000000266, 0.9600000000000000755 ) ) ;
#2007 = CARTESIAN_POINT ( 'NONE',  ( 1.500000000000000000, 0.07000000000000000666, -1.449999999999999289 ) ) ;
#2008 = MECHANICAL_DESIGN_GEOMETRIC_PRESENTATION_REPRESENTATION (  '', ( #4907 ), #8340 ) ;
#2009 = EDGE_CURVE ( 'NONE', #8611, #7223, #9756, .T. ) ;
#2010 = DIRECTION ( 'NONE',  ( 0.000000000000000000, 1.000000000000000000, 0.000000000000000000 ) ) ;
#2011 = LINE ( 'NONE', #4308, #10079 ) ;
#2012 = CIRCLE ( 'NONE', #800, 0.1000000000000000472 ) ;
#2013 = ORIENTED_EDGE ( 'NONE', *, *, #9125, .T. ) ;
#2014 = COLOUR_RGB ( '',0.8431372549019607865, 0.8156862745098039102, 0.7529411764705882248 ) ;
#2015 = CARTESIAN_POINT ( 'NONE',  ( 2.100000000000000089, 0.1699999985300154615, -0.7949999999999999289 ) ) ;
#2016 = DIRECTION ( 'NONE',  ( 0.000000000000000000, 0.000000000000000000, 1.000000000000000000 ) ) ;
#2017 = MECHANICAL_DESIGN_GEOMETRIC_PRESENTATION_REPRESENTATION (  '', ( #6650 ), #5439 ) ;
#2018 = EDGE_CURVE ( 'NONE', #4993, #7567, #2540, .T. ) ;
#2019 = ORIENTED_EDGE ( 'NONE', *, *, #8619, .T. ) ;
#2020 = DIRECTION ( 'NONE',  ( 0.000000000000000000, 1.000000000000000000, 0.000000000000000000 ) ) ;
#2021 = CARTESIAN_POINT ( 'NONE',  ( -1.920000000000000595, 1.550000000000000044, 1.319554108468272036 ) ) ;
#2022 = DIRECTION ( 'NONE',  ( -6.896517297321352575E-15, -0.9282544343432621581, 0.3719458362746793090 ) ) ;
#2023 = DIRECTION ( 'NONE',  ( -0.000000000000000000, 1.000000000000000000, -0.000000000000000000 ) ) ;
#2024 = CARTESIAN_POINT ( 'NONE',  ( 1.354314575050763247, 1.550000000000000044, 1.419554108468271680 ) ) ;
#2025 = COLOUR_RGB ( '',0.8431372549019607865, 0.8156862745098039102, 0.7529411764705882248 ) ;
#2026 = CARTESIAN_POINT ( 'NONE',  ( 1.820000000000000062, 1.449999999999999956, -1.519554108468272435 ) ) ;
#2027 =( NAMED_UNIT ( * ) SI_UNIT ( $, .STERADIAN. ) SOLID_ANGLE_UNIT ( ) );
#2028 = DIRECTION ( 'NONE',  ( 0.7071067811865489050, -0.000000000000000000, 0.7071067811865460184 ) ) ;
#2029 = CARTESIAN_POINT ( 'NONE',  ( 2.020000000000000462, 1.750000000000000000, 0.8538686835190338886 ) ) ;
#2030 = SURFACE_STYLE_USAGE ( .BOTH. , #3885 ) ;
#2031 = ORIENTED_EDGE ( 'NONE', *, *, #1743, .F. ) ;
#2032 = EDGE_LOOP ( 'NONE', ( #5895, #8108, #6717, #5858 ) ) ;
#2033 = CARTESIAN_POINT ( 'NONE',  ( 2.201952593834479277, 0.6115518992456836500, 0.7949999999999999289 ) ) ;
#2034 = ORIENTED_EDGE ( 'NONE', *, *, #2584, .T. ) ;
#2035 = CARTESIAN_POINT ( 'NONE',  ( -1.805194582267281467, 1.579961995650032369, 0.8110973381990249642 ) ) ;
#2036 = CIRCLE ( 'NONE', #3370, 0.1000000000000000472 ) ;
#2037 = DIRECTION ( 'NONE',  ( 0.000000000000000000, 0.000000000000000000, -1.000000000000000000 ) ) ;
#2038 = AXIS2_PLACEMENT_3D ( 'NONE', #9563, #10530, #496 ) ;
#2039 = VECTOR ( 'NONE', #8892, 1000.000000000000000 ) ;
#2040 = FACE_OUTER_BOUND ( 'NONE', #8346, .T. ) ;
#2041 = STYLED_ITEM ( 'NONE', ( #1839 ), #6550 ) ;
#2042 = ORIENTED_EDGE ( 'NONE', *, *, #745, .F. ) ;
#2043 = DIRECTION ( 'NONE',  ( -0.2079116908177564282, -0.9781476007338062439, 0.000000000000000000 ) ) ;
#2044 = ORIENTED_EDGE ( 'NONE', *, *, #5801, .T. ) ;
#2045 = ORIENTED_EDGE ( 'NONE', *, *, #5305, .T. ) ;
#2046 = COLOUR_RGB ( '',0.8431372549019607865, 0.8156862745098039102, 0.7529411764705882248 ) ;
#2047 = CARTESIAN_POINT ( 'NONE',  ( -1.302305608210474253, 1.802874257930792812, -1.509145170888288812 ) ) ;
#2048 = CARTESIAN_POINT ( 'NONE',  ( 1.360000000000000098, 1.550000000000000266, 1.410853531617383361 ) ) ;
#2049 = ORIENTED_EDGE ( 'NONE', *, *, #1500, .T. ) ;
#2050 = DIRECTION ( 'NONE',  ( -0.7071067811865486830, 0.000000000000000000, -0.7071067811865464625 ) ) ;
#2051 = CARTESIAN_POINT ( 'NONE',  ( 1.240172439427031037, 1.749999999999999778, 1.446833329081849362 ) ) ;
#2052 = DIRECTION ( 'NONE',  ( 9.866381877431726115E-16, 0.000000000000000000, -1.000000000000000000 ) ) ;
#2053 = PLANE ( 'NONE',  #6450 ) ;
#2054 =( GEOMETRIC_REPRESENTATION_CONTEXT ( 3 ) GLOBAL_UNCERTAINTY_ASSIGNED_CONTEXT ( ( #3597 ) ) GLOBAL_UNIT_ASSIGNED_CONTEXT ( ( #9484, #4430, #2027 ) ) REPRESENTATION_CONTEXT ( 'NONE', 'WORKASPACE' ) );
#2055 = AXIS2_PLACEMENT_3D ( 'NONE', #6373, #8126, #8022 ) ;
#2056 = ORIENTED_EDGE ( 'NONE', *, *, #10265, .T. ) ;
#2057 = CARTESIAN_POINT ( 'NONE',  ( -1.995142775509957112, 1.449999999999999956, -1.416120190436367610 ) ) ;
#2058 = ORIENTED_EDGE ( 'NONE', *, *, #4833, .T. ) ;
#2059 = DIRECTION ( 'NONE',  ( 0.000000000000000000, 0.000000000000000000, -1.000000000000000000 ) ) ;
#2060 = CIRCLE ( 'NONE', #9422, 0.2000000000000005107 ) ;
#2061 = PRESENTATION_STYLE_ASSIGNMENT (( #7759 ) ) ;
#2062 = DIRECTION ( 'NONE',  ( 2.168404344971012812E-15, 0.000000000000000000, -1.000000000000000000 ) ) ;
#2063 = DIRECTION ( 'NONE',  ( -0.000000000000000000, 1.000000000000000000, -0.000000000000000000 ) ) ;
#2064 = SURFACE_STYLE_FILL_AREA ( #5280 ) ;
#2065 = SURFACE_STYLE_USAGE ( .BOTH. , #1957 ) ;
#2066 = MECHANICAL_DESIGN_GEOMETRIC_PRESENTATION_REPRESENTATION (  '', ( #4101 ), #2552 ) ;
#2067 = MECHANICAL_DESIGN_GEOMETRIC_PRESENTATION_REPRESENTATION (  '', ( #6370 ), #8071 ) ;
#2068 = EDGE_CURVE ( 'NONE', #8414, #2872, #4327, .T. ) ;
#2069 = EDGE_LOOP ( 'NONE', ( #7894, #8330, #1566, #4872 ) ) ;
#2070 = CARTESIAN_POINT ( 'NONE',  ( -2.599999999999999201, 2.458578643762690863, 1.100000000000000311 ) ) ;
#2071 =( NAMED_UNIT ( * ) SI_UNIT ( $, .STERADIAN. ) SOLID_ANGLE_UNIT ( ) );
#2072 = ORIENTED_EDGE ( 'NONE', *, *, #1176, .F. ) ;
#2073 = PLANE ( 'NONE',  #10140 ) ;
#2074 = ORIENTED_EDGE ( 'NONE', *, *, #1226, .F. ) ;
#2075 = SURFACE_STYLE_USAGE ( .BOTH. , #6166 ) ;
#2076 = AXIS2_PLACEMENT_3D ( 'NONE', #5099, #8379, #8324 ) ;
#2077 = FACE_OUTER_BOUND ( 'NONE', #5631, .T. ) ;
#2078 = AXIS2_PLACEMENT_3D ( 'NONE', #3264, #7381, #5551 ) ;
#2079 = DIRECTION ( 'NONE',  ( 1.000000000000000000, 0.000000000000000000, -0.000000000000000000 ) ) ;
#2080 = SURFACE_STYLE_FILL_AREA ( #8456 ) ;
#2081 = DIRECTION ( 'NONE',  ( 0.000000000000000000, -1.000000000000000000, 0.000000000000000000 ) ) ;
#2082 = CARTESIAN_POINT ( 'NONE',  ( 1.240172439427031037, 1.749999999999999778, -1.446833329081849584 ) ) ;
#2083 = EDGE_CURVE ( 'NONE', #7982, #3571, #5807, .T. ) ;
#2084 = ADVANCED_FACE ( 'NONE', ( #5949 ), #5073, .T. ) ;
#2085 = EDGE_CURVE ( 'NONE', #10414, #1361, #8464, .T. ) ;
#2086 = SURFACE_STYLE_FILL_AREA ( #9428 ) ;
#2087 = VECTOR ( 'NONE', #4837, 1000.000000000000114 ) ;
#2088 = CARTESIAN_POINT ( 'NONE',  ( -1.389289321881345574, 1.550000000000000266, 1.340142853498727860 ) ) ;
#2089 = CARTESIAN_POINT ( 'NONE',  ( -1.924677895583243092, 1.449999999999999956, -1.490224383672699382 ) ) ;
#2090 = ORIENTED_EDGE ( 'NONE', *, *, #5623, .T. ) ;
#2091 = SURFACE_STYLE_FILL_AREA ( #4704 ) ;
#2092 = ORIENTED_EDGE ( 'NONE', *, *, #3411, .T. ) ;
#2093 =( LENGTH_UNIT ( ) NAMED_UNIT ( * ) SI_UNIT ( .MILLI., .METRE. ) );
#2094 = VERTEX_POINT ( 'NONE', #1111 ) ;
#2095 = CARTESIAN_POINT ( 'NONE',  ( 1.785249455757842219, 1.749999999999999778, -1.510108312186414059 ) ) ;
#2096 = CIRCLE ( 'NONE', #5001, 0.1000000000000013517 ) ;
#2097 = DIRECTION ( 'NONE',  ( 0.000000000000000000, 1.000000000000000000, 0.000000000000000000 ) ) ;
#2098 = EDGE_LOOP ( 'NONE', ( #6454, #9106, #5429, #5252 ) ) ;
#2099 = FILL_AREA_STYLE ('',( #4507 ) ) ;
#2100 = ORIENTED_EDGE ( 'NONE', *, *, #7811, .F. ) ;
#2101 = ORIENTED_EDGE ( 'NONE', *, *, #6554, .F. ) ;
#2102 = CARTESIAN_POINT ( 'NONE',  ( -1.947279220613579165, 1.649999999999999911, 0.7397265478953024553 ) ) ;
#2103 = ORIENTED_EDGE ( 'NONE', *, *, #6386, .F. ) ;
#2104 = FACE_OUTER_BOUND ( 'NONE', #5967, .T. ) ;
#2105 = DIRECTION ( 'NONE',  ( 0.7071067811865474617, 0.000000000000000000, 0.7071067811865474617 ) ) ;
#2106 = CARTESIAN_POINT ( 'NONE',  ( -1.785249455757841774, 1.841057620061887556, -1.472539930166274491 ) ) ;
#2107 = VECTOR ( 'NONE', #1281, 1000.000000000000000 ) ;
#2108 = ADVANCED_FACE ( 'NONE', ( #903 ), #3333, .F. ) ;
#2109 = EDGE_CURVE ( 'NONE', #7065, #10029, #2371, .T. ) ;
#2110 = ORIENTED_EDGE ( 'NONE', *, *, #7222, .T. ) ;
#2111 =( LENGTH_UNIT ( ) NAMED_UNIT ( * ) SI_UNIT ( .MILLI., .METRE. ) );
#2112 = ORIENTED_EDGE ( 'NONE', *, *, #7980, .F. ) ;
#2113 = DIRECTION ( 'NONE',  ( 0.7071067811865449082, -0.000000000000000000, 0.7071067811865502373 ) ) ;
#2114 = CARTESIAN_POINT ( 'NONE',  ( 2.050000000000000266, 0.07000000000000022871, -0.5500000000000000444 ) ) ;
#2115 = LINE ( 'NONE', #8804, #7142 ) ;
#2116 = DIRECTION ( 'NONE',  ( 0.000000000000000000, -1.000000000000000000, 0.000000000000000000 ) ) ;
#2117 = ORIENTED_EDGE ( 'NONE', *, *, #3758, .T. ) ;
#2118 = CARTESIAN_POINT ( 'NONE',  ( -2.000000000000000888, 1.449999999999999956, -1.500000000000000000 ) ) ;
#2119 = DIRECTION ( 'NONE',  ( 0.000000000000000000, 1.000000000000000000, -0.000000000000000000 ) ) ;
#2120 = EDGE_LOOP ( 'NONE', ( #3302, #4969, #3433, #552 ) ) ;
#2121 = ORIENTED_EDGE ( 'NONE', *, *, #2820, .T. ) ;
#2122 = EDGE_CURVE ( 'NONE', #1381, #6290, #9582, .T. ) ;
#2123 = DIRECTION ( 'NONE',  ( 0.000000000000000000, 0.000000000000000000, 1.000000000000000000 ) ) ;
#2124 = EDGE_CURVE ( 'NONE', #1361, #1407, #10280, .T. ) ;
#2125 = CARTESIAN_POINT ( 'NONE',  ( -1.389289321881345574, 1.550000000000000266, -1.340142853498727860 ) ) ;
#2126 = FACE_OUTER_BOUND ( 'NONE', #10207, .T. ) ;
#2127 =( NAMED_UNIT ( * ) PLANE_ANGLE_UNIT ( ) SI_UNIT ( $, .RADIAN. ) );
#2128 = EDGE_CURVE ( 'NONE', #5802, #8001, #2129, .T. ) ;
#2129 = LINE ( 'NONE', #10245, #8049 ) ;
#2130 = DIRECTION ( 'NONE',  ( 0.000000000000000000, -0.000000000000000000, 1.000000000000000000 ) ) ;
#2131 = ORIENTED_EDGE ( 'NONE', *, *, #7325, .F. ) ;
#2132 = CARTESIAN_POINT ( 'NONE',  ( 1.460000000000000187, 1.550000000000000266, -1.410853531617383361 ) ) ;
#2133 = ORIENTED_EDGE ( 'NONE', *, *, #4821, .F. ) ;
#2134 = ADVANCED_FACE ( 'NONE', ( #7726 ), #7045, .T. ) ;
#2135 = CARTESIAN_POINT ( 'NONE',  ( 0.4000000000000000777, 2.400000000000000355, 1.100000000000000089 ) ) ;
#2136 = VERTEX_POINT ( 'NONE', #4548 ) ;
#2137 = DIRECTION ( 'NONE',  ( -0.000000000000000000, 1.000000000000000000, -0.000000000000000000 ) ) ;
#2138 = EDGE_CURVE ( 'NONE', #6045, #2164, #2798, .T. ) ;
#2139 = EDGE_LOOP ( 'NONE', ( #961, #3951, #4040, #9416 ) ) ;
#2140 =( NAMED_UNIT ( * ) PLANE_ANGLE_UNIT ( ) SI_UNIT ( $, .RADIAN. ) );
#2141 = AXIS2_PLACEMENT_3D ( 'NONE', #9231, #8329, #1996 ) ;
#2142 = EDGE_LOOP ( 'NONE', ( #5207, #1870, #3416, #6700 ) ) ;
#2143 = ORIENTED_EDGE ( 'NONE', *, *, #3750, .F. ) ;
#2144 = PLANE ( 'NONE',  #6 ) ;
#2145 = EDGE_LOOP ( 'NONE', ( #5950, #9771, #6214, #3840, #8422, #3620 ) ) ;
#2146 = PLANE ( 'NONE',  #757 ) ;
#2147 = EDGE_CURVE ( 'NONE', #637, #5203, #7031, .T. ) ;
#2148 = CARTESIAN_POINT ( 'NONE',  ( -1.639999999999999458, 1.550000000000000266, -0.2144761058952750210 ) ) ;
#2149 = CARTESIAN_POINT ( 'NONE',  ( -1.920000000000000373, 1.749999999999999778, 1.235200384405516161 ) ) ;
#2150 =( LENGTH_UNIT ( ) NAMED_UNIT ( * ) SI_UNIT ( .MILLI., .METRE. ) );
#2151 = AXIS2_PLACEMENT_3D ( 'NONE', #5941, #4372, #7661 ) ;
#2152 = ORIENTED_EDGE ( 'NONE', *, *, #850, .F. ) ;
#2153 = VERTEX_POINT ( 'NONE', #6176 ) ;
#2154 = PRESENTATION_STYLE_ASSIGNMENT (( #3810 ) ) ;
#2155 = CIRCLE ( 'NONE', #2649, 0.1100000014699854534 ) ;
#2156 = CARTESIAN_POINT ( 'NONE',  ( 2.100000000000000089, 0.1699999985300154615, -1.354999999999999982 ) ) ;
#2157 = LINE ( 'NONE', #8754, #3331 ) ;
#2158 = DIRECTION ( 'NONE',  ( -1.602269220421927623E-16, 0.000000000000000000, -1.000000000000000000 ) ) ;
#2159 = VECTOR ( 'NONE', #4353, 1000.000000000000000 ) ;
#2160 = AXIS2_PLACEMENT_3D ( 'NONE', #6083, #167, #9122 ) ;
#2161 = ORIENTED_EDGE ( 'NONE', *, *, #9378, .T. ) ;
#2162 = CARTESIAN_POINT ( 'NONE',  ( 1.360000000000000098, 1.449999999999999956, 1.600000000000000089 ) ) ;
#2163 = ORIENTED_EDGE ( 'NONE', *, *, #6679, .T. ) ;
#2164 = VERTEX_POINT ( 'NONE', #3668 ) ;
#2165 = CARTESIAN_POINT ( 'NONE',  ( 2.020000000000000462, 1.749999999999999778, 1.235200384405516161 ) ) ;
#2166 = PLANE ( 'NONE',  #2541 ) ;
#2167 = CARTESIAN_POINT ( 'NONE',  ( 2.100000000000000089, 0.1800000000000006317, -1.354999999999999982 ) ) ;
#2168 = AXIS2_PLACEMENT_3D ( 'NONE', #1059, #6112, #7718 ) ;
#2169 = CARTESIAN_POINT ( 'NONE',  ( 2.020000000000000462, 1.749999999999999778, -0.8538686835190338886 ) ) ;
#2170 = CARTESIAN_POINT ( 'NONE',  ( -1.936315582161188820, 1.477260098308399439, -1.475158285238883371 ) ) ;
#2171 = FACE_OUTER_BOUND ( 'NONE', #131, .T. ) ;
#2172 = VECTOR ( 'NONE', #8233, 1000.000000000000000 ) ;
#2173 = CIRCLE ( 'NONE', #5965, 0.1000000000000000472 ) ;
#2174 = ADVANCED_FACE ( 'NONE', ( #580 ), #8570, .T. ) ;
#2175 = CARTESIAN_POINT ( 'NONE',  ( -1.904864354683633021, 1.524734676614828199, 1.487586741505586119 ) ) ;
#2176 = CARTESIAN_POINT ( 'NONE',  ( 2.100000000000000089, 1.550000000000000266, -0.8599999999999999867 ) ) ;
#2177 = VERTEX_POINT ( 'NONE', #1228 ) ;
#2178 = ORIENTED_EDGE ( 'NONE', *, *, #9105, .F. ) ;
#2179 = FACE_OUTER_BOUND ( 'NONE', #2759, .T. ) ;
#2180 = ORIENTED_EDGE ( 'NONE', *, *, #376, .T. ) ;
#2181 = CARTESIAN_POINT ( 'NONE',  ( -1.936315674237722106, 1.477260257245617048, 1.475158129477185609 ) ) ;
#2182 = EDGE_CURVE ( 'NONE', #2905, #2303, #6982, .T. ) ;
#2183 = FACE_OUTER_BOUND ( 'NONE', #4997, .T. ) ;
#2184 = CARTESIAN_POINT ( 'NONE',  ( -1.920000000000000373, 1.649999999999999911, -0.8538686835190337776 ) ) ;
#2185 = CARTESIAN_POINT ( 'NONE',  ( -1.920000000000000151, 1.649999999999999911, 0.8538686835190343327 ) ) ;
#2186 = ORIENTED_EDGE ( 'NONE', *, *, #6231, .F. ) ;
#2187 = EDGE_LOOP ( 'NONE', ( #6559, #2409, #5701, #10582 ) ) ;
#2188 = DIRECTION ( 'NONE',  ( -1.000000000000000000, 0.000000000000000000, -0.000000000000000000 ) ) ;
#2189 = ORIENTED_EDGE ( 'NONE', *, *, #5285, .T. ) ;
#2190 = DIRECTION ( 'NONE',  ( 0.000000000000000000, 0.000000000000000000, -1.000000000000000000 ) ) ;
#2191 = CARTESIAN_POINT ( 'NONE',  ( -1.354314575050763469, 1.590982664450488970, 1.519554108468272213 ) ) ;
#2192 = VECTOR ( 'NONE', #7563, 1000.000000000000000 ) ;
#2193 = FILL_AREA_STYLE ('',( #8744 ) ) ;
#2194 = DIRECTION ( 'NONE',  ( -0.000000000000000000, 1.000000000000000000, 0.000000000000000000 ) ) ;
#2195 = EDGE_CURVE ( 'NONE', #5174, #4168, #5243, .T. ) ;
#2196 = EDGE_CURVE ( 'NONE', #9077, #1087, #7825, .T. ) ;
#2197 =( GEOMETRIC_REPRESENTATION_CONTEXT ( 3 ) GLOBAL_UNCERTAINTY_ASSIGNED_CONTEXT ( ( #8331 ) ) GLOBAL_UNIT_ASSIGNED_CONTEXT ( ( #9090, #296, #5188 ) ) REPRESENTATION_CONTEXT ( 'NONE', 'WORKASPACE' ) );
#2199 = ORIENTED_EDGE ( 'NONE', *, *, #8497, .T. ) ;
#2198 =( GEOMETRIC_REPRESENTATION_CONTEXT ( 3 ) GLOBAL_UNCERTAINTY_ASSIGNED_CONTEXT ( ( #7804 ) ) GLOBAL_UNIT_ASSIGNED_CONTEXT ( ( #8411, #6065, #4379 ) ) REPRESENTATION_CONTEXT ( 'NONE', 'WORKASPACE' ) );
#2200 = SURFACE_STYLE_FILL_AREA ( #8798 ) ;
#2201 = VERTEX_POINT ( 'NONE', #5404 ) ;
#2202 = CARTESIAN_POINT ( 'NONE',  ( 1.380000027079772318, 1.550000000000000044, 1.419554108468271902 ) ) ;
#2203 = FILL_AREA_STYLE_COLOUR ( '', #6397 ) ;
#2204 = CARTESIAN_POINT ( 'NONE',  ( 1.920000000000000151, 1.649999999999999911, 0.8538686835190338886 ) ) ;
#2205 = LINE ( 'NONE', #1257, #6676 ) ;
#2206 = LINE ( 'NONE', #5496, #5784 ) ;
#2207 = AXIS2_PLACEMENT_3D ( 'NONE', #4843, #9638, #2364 ) ;
#2208 = VECTOR ( 'NONE', #6545, 1000.000000000000114 ) ;
#2209 = VECTOR ( 'NONE', #7527, 1000.000000000000000 ) ;
#2210 = ORIENTED_EDGE ( 'NONE', *, *, #3439, .T. ) ;
#2211 = CARTESIAN_POINT ( 'NONE',  ( -0.4000000000000001887, 2.458578643762690863, -1.100000000000000089 ) ) ;
#2212 = LINE ( 'NONE', #3151, #1016 ) ;
#2213 = VERTEX_POINT ( 'NONE', #4492 ) ;
#2214 = FACE_OUTER_BOUND ( 'NONE', #7414, .T. ) ;
#2215 = VECTOR ( 'NONE', #8306, 1000.000000000000114 ) ;
#2216 = LINE ( 'NONE', #7077, #150 ) ;
#2217 = VERTEX_POINT ( 'NONE', #8518 ) ;
#2218 = CARTESIAN_POINT ( 'NONE',  ( 2.020000000000000462, 1.809017335549510719, 1.235200384405516827 ) ) ;
#2219 = CARTESIAN_POINT ( 'NONE',  ( 1.327268482960745732, 1.590982664450488970, 1.519554108468272213 ) ) ;
#2220 = LINE ( 'NONE', #2273, #6120 ) ;
#2221 = VECTOR ( 'NONE', #10322, 1000.000000000000000 ) ;
#2222 = CARTESIAN_POINT ( 'NONE',  ( -1.310883117545685872, 1.550000000000000266, 1.376122650963194305 ) ) ;
#2223 =( GEOMETRIC_REPRESENTATION_CONTEXT ( 3 ) GLOBAL_UNCERTAINTY_ASSIGNED_CONTEXT ( ( #10084 ) ) GLOBAL_UNIT_ASSIGNED_CONTEXT ( ( #10450, #2127, #8718 ) ) REPRESENTATION_CONTEXT ( 'NONE', 'WORKASPACE' ) );
#2224 = DIRECTION ( 'NONE',  ( -0.7071067811865487940, 0.000000000000000000, 0.7071067811865463515 ) ) ;
#2225 = DIRECTION ( 'NONE',  ( -0.000000000000000000, 1.000000000000000000, -0.000000000000000000 ) ) ;
#2226 = VECTOR ( 'NONE', #9371, 1000.000000000000000 ) ;
#2227 = CARTESIAN_POINT ( 'NONE',  ( 1.928730210289324010, 1.464166666666669725, 1.487990114549041953 ) ) ;
#2228 = AXIS2_PLACEMENT_3D ( 'NONE', #5449, #4735, #4640 ) ;
#2229 = STYLED_ITEM ( 'NONE', ( #1554 ), #5015 ) ;
#2230 = PLANE ( 'NONE',  #3592 ) ;
#2231 = ORIENTED_EDGE ( 'NONE', *, *, #9934, .F. ) ;
#2232 = PLANE ( 'NONE',  #4305 ) ;
#2233 =( NAMED_UNIT ( * ) PLANE_ANGLE_UNIT ( ) SI_UNIT ( $, .RADIAN. ) );
#2234 = CYLINDRICAL_SURFACE ( 'NONE', #4866, 0.1000000000000000472 ) ;
#2235 = DIRECTION ( 'NONE',  ( 0.000000000000000000, -1.000000000000000000, 0.000000000000000000 ) ) ;
#2236 = CARTESIAN_POINT ( 'NONE',  ( -1.820000000000000062, 1.449999999999999956, 1.519554108468272435 ) ) ;
#2237 = AXIS2_PLACEMENT_3D ( 'NONE', #9215, #5149, #7139 ) ;
#2238 = DIRECTION ( 'NONE',  ( 0.000000000000000000, -1.000000000000000000, 0.000000000000000000 ) ) ;
#2239 = CARTESIAN_POINT ( 'NONE',  ( 1.389289321881345796, 1.550000000000000266, -1.340142853498727860 ) ) ;
#2240 = CYLINDRICAL_SURFACE ( 'NONE', #10126, 1.259999999999999787 ) ;
#2241 = ORIENTED_EDGE ( 'NONE', *, *, #8493, .F. ) ;
#2242 = EDGE_LOOP ( 'NONE', ( #9954, #6203, #3469 ) ) ;
#2243 = PRESENTATION_LAYER_ASSIGNMENT (  '', '', ( #4478 ) ) ;
#2244 = DIRECTION ( 'NONE',  ( 0.000000000000000000, -0.3719458362746750346, -0.9282544343432637124 ) ) ;
#2245 = DIRECTION ( 'NONE',  ( 1.301042606982604690E-14, 0.000000000000000000, -1.000000000000000000 ) ) ;
#2246 = ORIENTED_EDGE ( 'NONE', *, *, #9884, .T. ) ;
#2247 = CARTESIAN_POINT ( 'NONE',  ( -1.985607115428532632, 1.449999999999999956, 1.432042324383141274 ) ) ;
#2248 = ORIENTED_EDGE ( 'NONE', *, *, #10200, .F. ) ;
#2249 = LINE ( 'NONE', #5728, #9603 ) ;
#2250 = PRESENTATION_LAYER_ASSIGNMENT (  '', '', ( #6049 ) ) ;
#2251 = VERTEX_POINT ( 'NONE', #7775 ) ;
#2252 = CARTESIAN_POINT ( 'NONE',  ( 1.240172439427031037, 1.649999999999999911, -1.446833329081849362 ) ) ;
#2253 = ORIENTED_EDGE ( 'NONE', *, *, #1332, .T. ) ;
#2254 = CARTESIAN_POINT ( 'NONE',  ( 1.910853531617384693, 1.550000000000000266, 0.8600000000000000977 ) ) ;
#2255 = CARTESIAN_POINT ( 'NONE',  ( 1.805857864376268385, 1.849999999999999867, -0.7397265478953025664 ) ) ;
#2256 = FACE_OUTER_BOUND ( 'NONE', #10634, .T. ) ;
#2257 = AXIS2_PLACEMENT_3D ( 'NONE', #7760, #2831, #1254 ) ;
#2258 = LINE ( 'NONE', #5543, #7313 ) ;
#2259 = EDGE_CURVE ( 'NONE', #2303, #3898, #6682, .T. ) ;
#2260 = EDGE_CURVE ( 'NONE', #8368, #6158, #523, .T. ) ;
#2261 = EDGE_CURVE ( 'NONE', #2548, #7841, #10354, .T. ) ;
#2262 = CARTESIAN_POINT ( 'NONE',  ( 2.020000000000000462, 1.590982664450488970, 0.8192971287692540905 ) ) ;
#2263 = LINE ( 'NONE', #4780, #2682 ) ;
#2264 = EDGE_CURVE ( 'NONE', #1722, #2722, #5995, .T. ) ;
#2265 = EDGE_LOOP ( 'NONE', ( #7712, #4055, #8280, #6657 ) ) ;
#2266 = CARTESIAN_POINT ( 'NONE',  ( -2.399999999999999911, 2.500000000000000000, -0.9999999999999995559 ) ) ;
#2267 = ORIENTED_EDGE ( 'NONE', *, *, #7072, .T. ) ;
#2268 = CARTESIAN_POINT ( 'NONE',  ( 1.978072250575702906, 1.850551775759736506, 0.8538686835190349989 ) ) ;
#2269 = DIRECTION ( 'NONE',  ( -0.7071067811865465735, 0.000000000000000000, -0.7071067811865483499 ) ) ;
#2270 = ORIENTED_EDGE ( 'NONE', *, *, #4555, .T. ) ;
#2271 = DIRECTION ( 'NONE',  ( -1.000000000000000000, -0.000000000000000000, 0.000000000000000000 ) ) ;
#2272 = DIRECTION ( 'NONE',  ( 0.000000000000000000, 0.000000000000000000, -1.000000000000000000 ) ) ;
#2273 = CARTESIAN_POINT ( 'NONE',  ( -2.299767353907860024, 0.5907607301639081765, -0.7949999999999999289 ) ) ;
#2274 = ADVANCED_FACE ( 'NONE', ( #10454 ), #3272, .F. ) ;
#2275 = CARTESIAN_POINT ( 'NONE',  ( -1.354314575050763247, 1.850551775759736506, 1.477626359043974658 ) ) ;
#2276 = FACE_OUTER_BOUND ( 'NONE', #9980, .T. ) ;
#2277 = CARTESIAN_POINT ( 'NONE',  ( 1.936315674237726991, 1.477260257245611719, -1.475158129477182722 ) ) ;
#2278 =( BOUNDED_CURVE ( )  B_SPLINE_CURVE ( 3, ( #2322, #2427, #4902, #823 ),
 .UNSPECIFIED., .F., .F. ) 
 B_SPLINE_CURVE_WITH_KNOTS ( ( 4, 4 ),
 ( 0.000000000000000000, 1.000000000000000000 ),
 .UNSPECIFIED. ) 
 CURVE ( )  GEOMETRIC_REPRESENTATION_ITEM ( )  RATIONAL_B_SPLINE_CURVE ( ( 1.000000000000000000, 0.3333333333333333703, 0.3333333333333333703, 1.000000000000000000 ) ) 
 REPRESENTATION_ITEM ( '' )  );
#2279 = CARTESIAN_POINT ( 'NONE',  ( -1.876568542494923664, 1.649999999999999911, 0.7104372260139569795 ) ) ;
#2280 = ORIENTED_EDGE ( 'NONE', *, *, #1285, .T. ) ;
#2281 = CARTESIAN_POINT ( 'NONE',  ( 1.479999999999999982, 2.049999999999999822, -1.419554108468271902 ) ) ;
#2282 = CARTESIAN_POINT ( 'NONE',  ( -1.910853531617384693, 1.449999999999999956, -0.8600000000000000977 ) ) ;
#2283 = CARTESIAN_POINT ( 'NONE',  ( -1.479999999999999982, 2.049999999999999822, -1.419554108468271902 ) ) ;
#2284 = ADVANCED_FACE ( 'NONE', ( #9698 ), #8124, .T. ) ;
#2285 = CARTESIAN_POINT ( 'NONE',  ( -1.735646275937245075, 1.749999999999999778, 1.419554108468272124 ) ) ;
#2286 = DIRECTION ( 'NONE',  ( 0.7071067811865477948, 0.000000000000000000, -0.7071067811865473507 ) ) ;
#2287 = VECTOR ( 'NONE', #8578, 1000.000000000000114 ) ;
#2288 = DIRECTION ( 'NONE',  ( 9.866381877431726115E-16, -0.000000000000000000, 1.000000000000000000 ) ) ;
#2289 = PLANE ( 'NONE',  #10050 ) ;
#2290 = ORIENTED_EDGE ( 'NONE', *, *, #6281, .T. ) ;
#2291 = VERTEX_POINT ( 'NONE', #8777 ) ;
#2292 = ADVANCED_FACE ( 'NONE', ( #8143 ), #1475, .T. ) ;
#2293 = LINE ( 'NONE', #1288, #4464 ) ;
#2294 = ORIENTED_EDGE ( 'NONE', *, *, #5575, .T. ) ;
#2295 = DIRECTION ( 'NONE',  ( 0.3719458362746738689, -0.9282544343432642675, 0.000000000000000000 ) ) ;
#2296 = ORIENTED_EDGE ( 'NONE', *, *, #2778, .T. ) ;
#2297 = CARTESIAN_POINT ( 'NONE',  ( -1.820000000000000062, 1.539480857753715792, -1.419554108468271236 ) ) ;
#2298 = EDGE_CURVE ( 'NONE', #4439, #10471, #10587, .T. ) ;
#2299 = ORIENTED_EDGE ( 'NONE', *, *, #9135, .F. ) ;
#2300 = ORIENTED_EDGE ( 'NONE', *, *, #1605, .T. ) ;
#2301 = CARTESIAN_POINT ( 'NONE',  ( 1.920000000000000373, 1.449999999999999956, -0.9799999999999999822 ) ) ;
#2302 = ADVANCED_FACE ( 'NONE', ( #8092 ), #7285, .F. ) ;
#2303 = VERTEX_POINT ( 'NONE', #8292 ) ;
#2304 = CARTESIAN_POINT ( 'NONE',  ( 1.876568542494923220, 1.649999999999999911, 0.8104372260139572903 ) ) ;
#2305 = CARTESIAN_POINT ( 'NONE',  ( -1.947942502722566083, 1.649999999999999467, -0.7403961109355768899 ) ) ;
#2306 = VECTOR ( 'NONE', #2671, 1000.000000000000000 ) ;
#2307 = EDGE_CURVE ( 'NONE', #3132, #3582, #5299, .T. ) ;
#2308 = CARTESIAN_POINT ( 'NONE',  ( 2.000000000000000888, 1.449999999999999956, -1.500000000000000000 ) ) ;
#2309 = EDGE_CURVE ( 'NONE', #352, #9495, #2528, .T. ) ;
#2310 = EDGE_CURVE ( 'NONE', #2153, #5584, #4966, .T. ) ;
#2311 = CIRCLE ( 'NONE', #1294, 0.1100000014699854534 ) ;
#2312 = CARTESIAN_POINT ( 'NONE',  ( 1.990710678118655208, 1.849999999999999867, -0.7831580054003788316 ) ) ;
#2313 = VERTEX_POINT ( 'NONE', #9188 ) ;
#2315 = CARTESIAN_POINT ( 'NONE',  ( 1.023599564173221177, 1.449999999999999956, 0.8600000000000000977 ) ) ;
#2314 = DIRECTION ( 'NONE',  ( 0.000000000000000000, 0.000000000000000000, -1.000000000000000000 ) ) ;
#2316 = LINE ( 'NONE', #5600, #10313 ) ;
#2317 = ORIENTED_EDGE ( 'NONE', *, *, #3497, .T. ) ;
#2318 = DIRECTION ( 'NONE',  ( 0.000000000000000000, 0.000000000000000000, 1.000000000000000000 ) ) ;
#2319 = PLANE ( 'NONE',  #5698 ) ;
#2320 = CARTESIAN_POINT ( 'NONE',  ( 1.310000000000000275, 0.07000000000000061728, 1.600000000000000311 ) ) ;
#2321 = DIRECTION ( 'NONE',  ( -1.000000000000000000, -0.000000000000000000, -0.000000000000000000 ) ) ;
#2322 = CARTESIAN_POINT ( 'NONE',  ( -0.3999999999999999112, 2.500000000000000444, 1.000000000000000000 ) ) ;
#2323 = LINE ( 'NONE', #3779, #2501 ) ;
#2324 = PRESENTATION_LAYER_ASSIGNMENT (  '', '', ( #8834 ) ) ;
#2325 = CARTESIAN_POINT ( 'NONE',  ( -2.020000000000000462, 1.615428445250220335, 0.7948513479695232808 ) ) ;
#2326 = AXIS2_PLACEMENT_3D ( 'NONE', #9686, #8024, #6425 ) ;
#2327 = ADVANCED_FACE ( 'NONE', ( #1098 ), #10331, .T. ) ;
#2328 = CARTESIAN_POINT ( 'NONE',  ( 1.921608451931494654, 1.493727452132818101, 1.483267048186025727 ) ) ;
#2329 = FACE_OUTER_BOUND ( 'NONE', #6834, .T. ) ;
#2330 = MECHANICAL_DESIGN_GEOMETRIC_PRESENTATION_REPRESENTATION (  '', ( #464 ), #1824 ) ;
#2331 = ORIENTED_EDGE ( 'NONE', *, *, #6471, .T. ) ;
#2332 = FACE_OUTER_BOUND ( 'NONE', #2242, .T. ) ;
#2333 = DIRECTION ( 'NONE',  ( -0.000000000000000000, 1.000000000000000000, -0.000000000000000000 ) ) ;
#2334 = CARTESIAN_POINT ( 'NONE',  ( -1.582866740853977827, 2.131287453943200738, 1.419554108468271902 ) ) ;
#2335 = DIRECTION ( 'NONE',  ( 0.7071067811865475727, -0.000000000000000000, 0.7071067811865474617 ) ) ;
#2336 =( BOUNDED_SURFACE ( )  B_SPLINE_SURFACE ( 3, 2, ( 
 ( #2628, #5983, #1954 ),
 ( #1142, #4413, #1041 ),
 ( #66, #5113, #980 ),
 ( #6748, #9082, #1836 ) ),
 .UNSPECIFIED., .F., .F., .F. ) 
 B_SPLINE_SURFACE_WITH_KNOTS ( ( 4, 4 ),
 ( 3, 3 ),
 ( 5.497787143782141506, 6.001671104165806625 ),
 ( 0.000000000000000000, 1.000000000000000000 ),
 .UNSPECIFIED. ) 
 GEOMETRIC_REPRESENTATION_ITEM ( )  RATIONAL_B_SPLINE_SURFACE ( (
 ( 1.000000000000000000, 0.9166041491664833618, 1.000000000000000000),
 ( 1.000000000000000000, 0.9477825877805813315, 1.000000000000000000),
 ( 1.000000000000000000, 0.9694504683581458560, 1.000000000000000000),
 ( 1.000000000000000000, 0.9808805871845901470, 1.000000000000000000) ) ) 
 REPRESENTATION_ITEM ( '' )  SURFACE ( )  );
#2337 = CARTESIAN_POINT ( 'NONE',  ( -2.002658917572334829, 1.480980449765604057, -1.407324227906264325 ) ) ;
#2338 = AXIS2_PLACEMENT_3D ( 'NONE', #1430, #3690, #4707 ) ;
#2339 = DIRECTION ( 'NONE',  ( -0.7071067811865449082, -0.000000000000000000, -0.7071067811865502373 ) ) ;
#2340 = CARTESIAN_POINT ( 'NONE',  ( 1.389289321881345574, 1.550000000000000266, 1.340142853498727860 ) ) ;
#2341 = MECHANICAL_DESIGN_GEOMETRIC_PRESENTATION_REPRESENTATION (  '', ( #1835 ), #4406 ) ;
#2342 = DIRECTION ( 'NONE',  ( -0.7071067811865491270, -0.000000000000000000, -0.7071067811865459074 ) ) ;
#2343 = VERTEX_POINT ( 'NONE', #5834 ) ;
#2344 = ORIENTED_EDGE ( 'NONE', *, *, #6213, .T. ) ;
#2345 = SURFACE_STYLE_USAGE ( .BOTH. , #9715 ) ;
#2346 = ORIENTED_EDGE ( 'NONE', *, *, #3497, .F. ) ;
#2347 = AXIS2_PLACEMENT_3D ( 'NONE', #2578, #6534, #4852 ) ;
#2348 = CARTESIAN_POINT ( 'NONE',  ( -1.961480346507098904, 1.449999999999991962, 1.460916455325584229 ) ) ;
#2349 = B_SPLINE_CURVE_WITH_KNOTS ( 'NONE', 3,
 ( #5037, #1658, #8313, #8111 ),
 .UNSPECIFIED., .F., .F.,
 ( 4, 4 ),
 ( 0.000000000000000000, 1.000000000000000000 ),
 .UNSPECIFIED. ) ;
#2350 = VERTEX_POINT ( 'NONE', #1692 ) ;
#2351 = CARTESIAN_POINT ( 'NONE',  ( -1.379999999999999893, 1.449999999999999956, -1.419554108468271902 ) ) ;
#2352 = VECTOR ( 'NONE', #9695, 1000.000000000000114 ) ;
#2353 = ORIENTED_EDGE ( 'NONE', *, *, #9766, .F. ) ;
#2354 = EDGE_LOOP ( 'NONE', ( #6884, #9937, #9398 ) ) ;
#2355 = ORIENTED_EDGE ( 'NONE', *, *, #7682, .T. ) ;
#2356 = VERTEX_POINT ( 'NONE', #9088 ) ;
#2357 = FACE_OUTER_BOUND ( 'NONE', #2265, .T. ) ;
#2358 = DIRECTION ( 'NONE',  ( 0.000000000000000000, 1.000000000000000000, -0.000000000000000000 ) ) ;
#2359 =( NAMED_UNIT ( * ) SI_UNIT ( $, .STERADIAN. ) SOLID_ANGLE_UNIT ( ) );
#2360 = AXIS2_PLACEMENT_3D ( 'NONE', #3148, #4779, #10536 ) ;
#2361 = AXIS2_PLACEMENT_3D ( 'NONE', #139, #1000, #203 ) ;
#2362 = VECTOR ( 'NONE', #7249, 1000.000000000000000 ) ;
#2363 = LINE ( 'NONE', #6626, #8524 ) ;
#2364 = DIRECTION ( 'NONE',  ( 0.7071067811865486830, 0.000000000000000000, 0.7071067811865464625 ) ) ;
#2365 = EDGE_LOOP ( 'NONE', ( #2762, #2186, #6103, #10328, #5836, #2665, #5098, #268, #5347, #432, #8579, #894, #3806, #9213, #315, #5990, #4495, #2299, #5141, #3675, #8079, #1080, #4712, #6302, #193, #4652, #959, #6809, #6193, #6185, #5473, #48 ) ) ;
#2366 = SURFACE_SIDE_STYLE ('',( #4897 ) ) ;
#2367 = SURFACE_STYLE_USAGE ( .BOTH. , #3867 ) ;
#2368 = CARTESIAN_POINT ( 'NONE',  ( -0.3999999999999999667, 1.449999999999999956, 1.099999999999999867 ) ) ;
#2369 = AXIS2_PLACEMENT_3D ( 'NONE', #10554, #4856, #8144 ) ;
#2370 = DIRECTION ( 'NONE',  ( 0.000000000000000000, -1.000000000000000000, 0.000000000000000000 ) ) ;
#2371 = CIRCLE ( 'NONE', #4256, 0.1000000000000000472 ) ;
#2372 = CARTESIAN_POINT ( 'NONE',  ( -1.500000000000000222, 0.000000000000000000, -1.449999999999999512 ) ) ;
#2373 = CARTESIAN_POINT ( 'NONE',  ( -1.354314575050763469, 1.849995558710894938, 1.418611644624957480 ) ) ;
#2374 = DIRECTION ( 'NONE',  ( 0.000000000000000000, -0.3719458362746750346, -0.9282544343432637124 ) ) ;
#2375 = DIRECTION ( 'NONE',  ( 0.000000000000000000, 0.000000000000000000, -1.000000000000000000 ) ) ;
#2376 = CIRCLE ( 'NONE', #2713, 0.1000000000000000472 ) ;
#2377 = CARTESIAN_POINT ( 'NONE',  ( -1.979383066350385967, 1.459345992359700972, 1.439268873000304039 ) ) ;
#2378 = CIRCLE ( 'NONE', #10286, 0.1000000000000000472 ) ;
#2379 = CARTESIAN_POINT ( 'NONE',  ( -1.876568542494923664, 1.849999999999999867, -0.8104372260139570683 ) ) ;
#2380 = CARTESIAN_POINT ( 'NONE',  ( -1.961332827846149707, 1.449999999999992184, -1.461063935775178901 ) ) ;
#2381 = ORIENTED_EDGE ( 'NONE', *, *, #7080, .F. ) ;
#2382 = LINE ( 'NONE', #4151, #202 ) ;
#2383 = AXIS2_PLACEMENT_3D ( 'NONE', #5645, #2413, #8119 ) ;
#2384 = LINE ( 'NONE', #8827, #4773 ) ;
#2385 = LINE ( 'NONE', #7342, #7642 ) ;
#2386 = FACE_OUTER_BOUND ( 'NONE', #1939, .T. ) ;
#2387 = EDGE_CURVE ( 'NONE', #4450, #9872, #3563, .T. ) ;
#2388 = EDGE_CURVE ( 'NONE', #8360, #645, #1525, .T. ) ;
#2389 = EDGE_CURVE ( 'NONE', #5205, #1809, #4198, .T. ) ;
#2390 = PRESENTATION_LAYER_ASSIGNMENT (  '', '', ( #4101 ) ) ;
#2391 = EDGE_CURVE ( 'NONE', #4299, #1977, #6512, .T. ) ;
#2392 = AXIS2_PLACEMENT_3D ( 'NONE', #8874, #1530, #3163 ) ;
#2393 = AXIS2_PLACEMENT_3D ( 'NONE', #1067, #2600, #3403 ) ;
#2394 = LINE ( 'NONE', #5684, #8375 ) ;
#2395 = CARTESIAN_POINT ( 'NONE',  ( 1.240172439427031259, 1.849999999999999867, 1.446833329081849584 ) ) ;
#2396 = DIRECTION ( 'NONE',  ( -1.000000000000000000, 0.000000000000000000, 0.000000000000000000 ) ) ;
#2397 = CARTESIAN_POINT ( 'NONE',  ( 1.916566087323701373, 1.450000006237651462, 1.494696881025378454 ) ) ;
#2398 = VERTEX_POINT ( 'NONE', #8342 ) ;
#2399 = VERTEX_POINT ( 'NONE', #5059 ) ;
#2400 = CARTESIAN_POINT ( 'NONE',  ( 1.820000000000000062, 1.539480857753717125, -1.519554108468272657 ) ) ;
#2401 = ORIENTED_EDGE ( 'NONE', *, *, #4813, .F. ) ;
#2402 = CARTESIAN_POINT ( 'NONE',  ( 0.4000000000000000777, 2.400000000000000355, 1.000000000000000000 ) ) ;
#2403 = ORIENTED_EDGE ( 'NONE', *, *, #7657, .F. ) ;
#2404 = LINE ( 'NONE', #799, #1895 ) ;
#2405 = VECTOR ( 'NONE', #5914, 1000.000000000000227 ) ;
#2406 = AXIS2_PLACEMENT_3D ( 'NONE', #2572, #9080, #9179 ) ;
#2407 = VERTEX_POINT ( 'NONE', #3446 ) ;
#2408 = VECTOR ( 'NONE', #3357, 1000.000000000000227 ) ;
#2409 = ORIENTED_EDGE ( 'NONE', *, *, #1629, .F. ) ;
#2410 = ORIENTED_EDGE ( 'NONE', *, *, #10351, .T. ) ;
#2411 = ORIENTED_EDGE ( 'NONE', *, *, #9832, .T. ) ;
#2412 = FACE_OUTER_BOUND ( 'NONE', #4285, .T. ) ;
#2413 = DIRECTION ( 'NONE',  ( -0.000000000000000000, 1.000000000000000000, -0.000000000000000000 ) ) ;
#2414 = DIRECTION ( 'NONE',  ( -4.928191693115927811E-16, 0.000000000000000000, 1.000000000000000000 ) ) ;
#2415 = SURFACE_STYLE_USAGE ( .BOTH. , #4180 ) ;
#2416 = EDGE_CURVE ( 'NONE', #8057, #1001, #6337, .T. ) ;
#2417 = EDGE_CURVE ( 'NONE', #1138, #7239, #2875, .T. ) ;
#2418 = CARTESIAN_POINT ( 'NONE',  ( 2.201952593834479277, 0.6115518992456836500, -0.7949999999999997069 ) ) ;
#2419 =( GEOMETRIC_REPRESENTATION_CONTEXT ( 3 ) GLOBAL_UNCERTAINTY_ASSIGNED_CONTEXT ( ( #3317 ) ) GLOBAL_UNIT_ASSIGNED_CONTEXT ( ( #5939, #6926, #1265 ) ) REPRESENTATION_CONTEXT ( 'NONE', 'WORKASPACE' ) );
#2420 = DIRECTION ( 'NONE',  ( 0.7071067811865449082, 0.000000000000000000, -0.7071067811865502373 ) ) ;
#2421 = ORIENTED_EDGE ( 'NONE', *, *, #7039, .F. ) ;
#2422 = PRESENTATION_LAYER_ASSIGNMENT (  '', '', ( #8434 ) ) ;
#2423 = PLANE ( 'NONE',  #4287 ) ;
#2424 = SURFACE_STYLE_USAGE ( .BOTH. , #8867 ) ;
#2425 = EDGE_CURVE ( 'NONE', #3568, #975, #3041, .T. ) ;
#2426 = CARTESIAN_POINT ( 'NONE',  ( 1.990710678118655208, 1.849999999999999867, 0.7831580054003789426 ) ) ;
#2427 = CARTESIAN_POINT ( 'NONE',  ( -2.399999999999999023, 2.500000000000000000, 1.000000000000000222 ) ) ;
#2428 = LINE ( 'NONE', #8980, #347 ) ;
#2429 = AXIS2_PLACEMENT_3D ( 'NONE', #6188, #7836, #5371 ) ;
#2430 = FILL_AREA_STYLE ('',( #3219 ) ) ;
#2431 = CARTESIAN_POINT ( 'NONE',  ( 1.990581655427291041, 1.449999999999999956, 1.424392735148029221 ) ) ;
#2432 = EDGE_CURVE ( 'NONE', #9495, #1352, #8502, .T. ) ;
#2433 = EDGE_CURVE ( 'NONE', #8417, #9534, #405, .T. ) ;
#2434 = ORIENTED_EDGE ( 'NONE', *, *, #7376, .T. ) ;
#2435 = CARTESIAN_POINT ( 'NONE',  ( -1.354314575050763247, 1.550000000000000266, 1.419554108468272124 ) ) ;
#2436 = DIRECTION ( 'NONE',  ( 1.602269220421927623E-16, -0.000000000000000000, 1.000000000000000000 ) ) ;
#2437 = CARTESIAN_POINT ( 'NONE',  ( 1.939714764512132650, 1.459345992368435763, -1.478937174835058821 ) ) ;
#2438 = CYLINDRICAL_SURFACE ( 'NONE', #10244, 0.1000000000000000472 ) ;
#2439 = CARTESIAN_POINT ( 'NONE',  ( 1.947279220613578943, 1.749999999999999778, 0.7397265478953026774 ) ) ;
#2440 = EDGE_CURVE ( 'NONE', #1352, #10098, #7812, .T. ) ;
#2441 = CARTESIAN_POINT ( 'NONE',  ( 1.840142853498730302, 1.550000000000000266, -0.8892893218813450185 ) ) ;
#2442 = CARTESIAN_POINT ( 'NONE',  ( -1.310883117545686316, 1.850000000000000089, 1.376122650963194749 ) ) ;
#2443 = DIRECTION ( 'NONE',  ( 0.000000000000000000, 0.000000000000000000, -1.000000000000000000 ) ) ;
#2444 = CARTESIAN_POINT ( 'NONE',  ( 1.805857864376268607, 1.649999999999999911, 0.7397265478953022333 ) ) ;
#2445 = EDGE_CURVE ( 'NONE', #292, #5676, #8608, .T. ) ;
#2446 = ORIENTED_EDGE ( 'NONE', *, *, #8946, .F. ) ;
#2447 = ORIENTED_EDGE ( 'NONE', *, *, #3709, .F. ) ;
#2448 = CARTESIAN_POINT ( 'NONE',  ( -1.978072250575702684, 1.549448224240263183, -0.7949668169996779721 ) ) ;
#2449 = ORIENTED_EDGE ( 'NONE', *, *, #9544, .F. ) ;
#2450 = DIRECTION ( 'NONE',  ( 0.000000000000000000, 0.000000000000000000, -1.000000000000000000 ) ) ;
#2451 = ORIENTED_EDGE ( 'NONE', *, *, #3347, .F. ) ;
#2452 = ADVANCED_FACE ( 'NONE', ( #6056 ), #7709, .F. ) ;
#2453 = CARTESIAN_POINT ( 'NONE',  ( 2.020000000000000018, 2.049999999999999822, 0.8800000000000000044 ) ) ;
#2454 = EDGE_LOOP ( 'NONE', ( #4896, #5499, #8847, #2561, #1813 ) ) ;
#2455 = ORIENTED_EDGE ( 'NONE', *, *, #6894, .T. ) ;
#2456 = EDGE_CURVE ( 'NONE', #8749, #647, #9032, .T. ) ;
#2457 = ORIENTED_EDGE ( 'NONE', *, *, #1413, .F. ) ;
#2458 = ORIENTED_EDGE ( 'NONE', *, *, #704, .T. ) ;
#2459 = FILL_AREA_STYLE ('',( #107 ) ) ;
#2460 = CARTESIAN_POINT ( 'NONE',  ( 2.011380556851979584, 1.466487442737705704, 1.386669579679405073 ) ) ;
#2461 = CARTESIAN_POINT ( 'NONE',  ( 1.354314575050763247, 1.809017335549510497, -1.519554108468272435 ) ) ;
#2462 = CARTESIAN_POINT ( 'NONE',  ( 2.020000000000000462, 1.749999999999999778, -1.235200384405516161 ) ) ;
#2463 = SURFACE_STYLE_USAGE ( .BOTH. , #3050 ) ;
#2464 = CARTESIAN_POINT ( 'NONE',  ( 1.389289321881345574, 1.550000000000000266, 1.340142853498727860 ) ) ;
#2465 = DIRECTION ( 'NONE',  ( -0.7071067811865456854, 0.000000000000000000, 0.7071067811865493491 ) ) ;
#2466 = EDGE_LOOP ( 'NONE', ( #4502, #4418, #4301, #3246 ) ) ;
#2467 = CARTESIAN_POINT ( 'NONE',  ( -1.947279220613579165, 1.649999999999999911, -0.7397265478953024553 ) ) ;
#2468 = DIRECTION ( 'NONE',  ( 1.000000000000000000, -0.000000000000000000, 0.000000000000000000 ) ) ;
#2469 = CARTESIAN_POINT ( 'NONE',  ( 1.379999999999999893, 1.649999999999999911, 1.519554108468272213 ) ) ;
#2470 = CARTESIAN_POINT ( 'NONE',  ( 1.961421356237310176, 1.449999999999999734, -1.460975464705581484 ) ) ;
#2471 = CARTESIAN_POINT ( 'NONE',  ( -1.354314575050763469, 1.649999999999999911, 1.519554108468271991 ) ) ;
#2472 = CARTESIAN_POINT ( 'NONE',  ( -1.409289321881345591, 1.449999999999999956, 1.348427124746190087 ) ) ;
#2473 = DIRECTION ( 'NONE',  ( 0.000000000000000000, -1.000000000000000000, 0.000000000000000000 ) ) ;
#2474 = CYLINDRICAL_SURFACE ( 'NONE', #6702, 0.2000000000000005107 ) ;
#2475 = CARTESIAN_POINT ( 'NONE',  ( -1.986010904275880673, 1.449999999999999956, 1.432682747816132585 ) ) ;
#2476 = AXIS2_PLACEMENT_3D ( 'NONE', #3555, #302, #5129 ) ;
#2477 = UNCERTAINTY_MEASURE_WITH_UNIT (LENGTH_MEASURE( 1.000000000000000082E-05 ), #7983, 'distance_accuracy_value', 'NONE');
#2478 = CARTESIAN_POINT ( 'NONE',  ( 2.100000000000000089, 1.449999999999999956, -1.354999999999999982 ) ) ;
#2479 = CYLINDRICAL_SURFACE ( 'NONE', #830, 0.1000000000000000472 ) ;
#2480 = EDGE_LOOP ( 'NONE', ( #4119, #4166, #3358, #2719 ) ) ;
#2481 = LINE ( 'NONE', #4859, #3395 ) ;
#2482 = CYLINDRICAL_SURFACE ( 'NONE', #5582, 0.1000000000000000472 ) ;
#2483 = CIRCLE ( 'NONE', #8332, 0.09999999999999016620 ) ;
#2484 = CARTESIAN_POINT ( 'NONE',  ( 1.952926364775198209, 1.458843411121426570, -1.465926955783117380 ) ) ;
#2485 = PLANE ( 'NONE',  #8006 ) ;
#2486 = CARTESIAN_POINT ( 'NONE',  ( -1.500000000000000000, 0.07000000000000000666, -1.449999999999999512 ) ) ;
#2487 = AXIS2_PLACEMENT_3D ( 'NONE', #768, #5657, #9896 ) ;
#2488 = AXIS2_PLACEMENT_3D ( 'NONE', #2615, #2819, #3943 ) ;
#2489 = CARTESIAN_POINT ( 'NONE',  ( -1.360000000000000098, 1.449999999999999956, -1.600000000000000089 ) ) ;
#2490 = VERTEX_POINT ( 'NONE', #2162 ) ;
#2491 = CARTESIAN_POINT ( 'NONE',  ( 1.920000000000000373, 2.049999999999999822, -0.8799999999999998934 ) ) ;
#2492 = CARTESIAN_POINT ( 'NONE',  ( 1.906297506684001331, 1.583618131211382396, 0.6979586327827723702 ) ) ;
#2493 = ORIENTED_EDGE ( 'NONE', *, *, #5340, .F. ) ;
#2494 = VERTEX_POINT ( 'NONE', #2950 ) ;
#2495 = CARTESIAN_POINT ( 'NONE',  ( 1.884571170791653705, 1.512602837497275310, -1.512741078632244163 ) ) ;
#2496 = COLOUR_RGB ( '',0.8431372549019607865, 0.8156862745098039102, 0.7529411764705882248 ) ;
#2497 = ORIENTED_EDGE ( 'NONE', *, *, #2862, .T. ) ;
#2498 = CYLINDRICAL_SURFACE ( 'NONE', #7785, 0.09999999999999983902 ) ;
#2499 = VERTEX_POINT ( 'NONE', #8656 ) ;
#2500 = LINE ( 'NONE', #4988, #9960 ) ;
#2501 = VECTOR ( 'NONE', #7085, 1000.000000000000000 ) ;
#2502 = EDGE_CURVE ( 'NONE', #7211, #4290, #5345, .T. ) ;
#2503 = PRODUCT_RELATED_PRODUCT_CATEGORY ( 'part', '', ( #8562 ) ) ;
#2504 = AXIS2_PLACEMENT_3D ( 'NONE', #9022, #5004, #9126 ) ;
#2505 = ORIENTED_EDGE ( 'NONE', *, *, #5739, .F. ) ;
#2506 = VECTOR ( 'NONE', #4903, 1000.000000000000000 ) ;
#2507 = EDGE_LOOP ( 'NONE', ( #6556, #9499, #6451, #5744 ) ) ;
#2508 = VERTEX_POINT ( 'NONE', #2015 ) ;
#2509 = CARTESIAN_POINT ( 'NONE',  ( 0.4000000000000000222, 1.550000000000000266, -1.259999999999999787 ) ) ;
#2510 = CARTESIAN_POINT ( 'NONE',  ( 1.302305608210474475, 1.840085404185341833, -1.471581654730258926 ) ) ;
#2511 = ORIENTED_EDGE ( 'NONE', *, *, #3347, .T. ) ;
#2512 = CIRCLE ( 'NONE', #8528, 0.1000000000000000472 ) ;
#2513 = LINE ( 'NONE', #4237, #10119 ) ;
#2514 = PRESENTATION_LAYER_ASSIGNMENT (  '', '', ( #811 ) ) ;
#2515 = ADVANCED_FACE ( 'NONE', ( #5444 ), #9413, .F. ) ;
#2516 = EDGE_CURVE ( 'NONE', #8611, #5189, #606, .T. ) ;
#2517 = CARTESIAN_POINT ( 'NONE',  ( -1.354314575050763469, 1.550000000000000266, -1.419554108468271902 ) ) ;
#2518 = EDGE_LOOP ( 'NONE', ( #8683, #3289, #1398, #1180, #1976, #5699, #1567 ) ) ;
#2519 = DIRECTION ( 'NONE',  ( -0.3574189366692322456, -0.6869888215621224870, 0.6326911274539271934 ) ) ;
#2520 = CARTESIAN_POINT ( 'NONE',  ( 1.460000000000000187, 1.449999999999999956, 1.410853531617383361 ) ) ;
#2521 = DIRECTION ( 'NONE',  ( 0.000000000000000000, 0.000000000000000000, 1.000000000000000000 ) ) ;
#2522 = CARTESIAN_POINT ( 'NONE',  ( -1.310883117545685872, 1.849999999999999867, -1.376122650963194305 ) ) ;
#2523 = SURFACE_STYLE_USAGE ( .BOTH. , #1145 ) ;
#2524 = FACE_OUTER_BOUND ( 'NONE', #6620, .T. ) ;
#2525 = CIRCLE ( 'NONE', #9223, 0.09999999999999983902 ) ;
#2526 = CARTESIAN_POINT ( 'NONE',  ( 1.876568542494923220, 1.749999999999999778, -0.8104372260139572903 ) ) ;
#2527 = STYLED_ITEM ( 'NONE', ( #10224 ), #6654 ) ;
#2528 = LINE ( 'NONE', #9250, #667 ) ;
#2529 = PRESENTATION_LAYER_ASSIGNMENT (  '', '', ( #1010 ) ) ;
#2530 = AXIS2_PLACEMENT_3D ( 'NONE', #4432, #1164, #2964 ) ;
#2531 = CARTESIAN_POINT ( 'NONE',  ( 1.848427124746192307, 1.550000000000000266, -0.9092893218813449252 ) ) ;
#2532 = ORIENTED_EDGE ( 'NONE', *, *, #6960, .F. ) ;
#2533 = CARTESIAN_POINT ( 'NONE',  ( 1.986010904275880673, 1.449999999999999956, -1.432682747816132585 ) ) ;
#2534 = SURFACE_STYLE_USAGE ( .BOTH. , #8250 ) ;
#2535 = COLOUR_RGB ( '',1.000000000000000000, 1.000000000000000000, 1.000000000000000000 ) ;
#2536 = LINE ( 'NONE', #3327, #656 ) ;
#2537 = DIRECTION ( 'NONE',  ( 1.000000000000000000, 0.000000000000000000, 0.000000000000000000 ) ) ;
#2538 = EDGE_CURVE ( 'NONE', #604, #378, #5548, .T. ) ;
#2539 = ADVANCED_FACE ( 'NONE', ( #6666 ), #9575, .F. ) ;
#2540 = LINE ( 'NONE', #255, #3201 ) ;
#2541 = AXIS2_PLACEMENT_3D ( 'NONE', #8662, #7128, #2079 ) ;
#2542 = ORIENTED_EDGE ( 'NONE', *, *, #2122, .F. ) ;
#2543 = DIRECTION ( 'NONE',  ( -1.000000000000000000, -0.000000000000000000, 0.000000000000000000 ) ) ;
#2544 = ORIENTED_EDGE ( 'NONE', *, *, #2309, .T. ) ;
#2545 = EDGE_LOOP ( 'NONE', ( #4857, #10011, #9718 ) ) ;
#2546 = CIRCLE ( 'NONE', #4106, 0.1000000000000000749 ) ;
#2547 = DIRECTION ( 'NONE',  ( 0.000000000000000000, -0.3719458362746750346, -0.9282544343432637124 ) ) ;
#2548 = VERTEX_POINT ( 'NONE', #7122 ) ;
#2549 = DIRECTION ( 'NONE',  ( 0.7071067811865496822, 0.000000000000000000, 0.7071067811865453523 ) ) ;
#2550 = ORIENTED_EDGE ( 'NONE', *, *, #8436, .T. ) ;
#2551 = CARTESIAN_POINT ( 'NONE',  ( -2.049999999999999822, 1.449999999999999956, 0.8600000000000000977 ) ) ;
#2552 =( GEOMETRIC_REPRESENTATION_CONTEXT ( 3 ) GLOBAL_UNCERTAINTY_ASSIGNED_CONTEXT ( ( #3617 ) ) GLOBAL_UNIT_ASSIGNED_CONTEXT ( ( #6038, #6908, #4190 ) ) REPRESENTATION_CONTEXT ( 'NONE', 'WORKASPACE' ) );
#2553 = ORIENTED_EDGE ( 'NONE', *, *, #9735, .F. ) ;
#2554 = DIRECTION ( 'NONE',  ( 0.000000000000000000, -1.000000000000000000, 0.000000000000000000 ) ) ;
#2555 = ORIENTED_EDGE ( 'NONE', *, *, #2085, .F. ) ;
#2556 = ORIENTED_EDGE ( 'NONE', *, *, #1157, .F. ) ;
#2557 = EDGE_CURVE ( 'NONE', #366, #6440, #9739, .T. ) ;
#2558 = DIRECTION ( 'NONE',  ( -1.000000000000000000, 0.000000000000000000, 4.928191693115927811E-16 ) ) ;
#2559 = MECHANICAL_DESIGN_GEOMETRIC_PRESENTATION_REPRESENTATION (  '', ( #2229 ), #4977 ) ;
#2560 = CARTESIAN_POINT ( 'NONE',  ( -1.240172439427031037, 1.749999999999999778, 1.446833329081849584 ) ) ;
#2561 = ORIENTED_EDGE ( 'NONE', *, *, #8670, .F. ) ;
#2562 = CARTESIAN_POINT ( 'NONE',  ( -1.904864354683633021, 1.524734676614828199, 1.487586741505586119 ) ) ;
#2563 = EDGE_CURVE ( 'NONE', #8270, #1339, #9063, .T. ) ;
#2564 = DIRECTION ( 'NONE',  ( 0.7071067811865475727, 0.000000000000000000, 0.7071067811865474617 ) ) ;
#2565 = LINE ( 'NONE', #5866, #2209 ) ;
#2566 = LINE ( 'NONE', #5867, #7459 ) ;
#2567 = EDGE_CURVE ( 'NONE', #7359, #8414, #2378, .T. ) ;
#2568 = VECTOR ( 'NONE', #6426, 1000.000000000000000 ) ;
#2569 = FACE_OUTER_BOUND ( 'NONE', #2988, .T. ) ;
#2570 = ORIENTED_EDGE ( 'NONE', *, *, #8773, .F. ) ;
#2571 = DIRECTION ( 'NONE',  ( -0.7071067811865456854, 0.000000000000000000, -0.7071067811865493491 ) ) ;
#2572 = CARTESIAN_POINT ( 'NONE',  ( -1.910853531617384915, 1.449999999999999956, -0.9600000000000000755 ) ) ;
#2573 = EDGE_CURVE ( 'NONE', #10315, #7419, #3752, .T. ) ;
#2574 = EDGE_CURVE ( 'NONE', #3296, #10439, #2212, .T. ) ;
#2575 = LINE ( 'NONE', #5825, #454 ) ;
#2576 = EDGE_CURVE ( 'NONE', #7749, #4709, #8764, .T. ) ;
#2577 = CARTESIAN_POINT ( 'NONE',  ( 2.100000000000000089, 1.399999999999999467, -1.500000000000000000 ) ) ;
#2578 = CARTESIAN_POINT ( 'NONE',  ( -1.990710678118655208, 1.849999999999999867, -0.7831580054003789426 ) ) ;
#2579 = CARTESIAN_POINT ( 'NONE',  ( -2.020000000000000018, 2.049999999999999822, 0.8800000000000000044 ) ) ;
#2580 = AXIS2_PLACEMENT_3D ( 'NONE', #1938, #1185, #5212 ) ;
#2581 = ORIENTED_EDGE ( 'NONE', *, *, #4427, .T. ) ;
#2582 = DIRECTION ( 'NONE',  ( 0.9781476007338062439, 0.2079116908177564282, 0.000000000000000000 ) ) ;
#2583 = PLANE ( 'NONE',  #10445 ) ;
#2584 = EDGE_CURVE ( 'NONE', #158, #10217, #8393, .T. ) ;
#2585 = ORIENTED_EDGE ( 'NONE', *, *, #1815, .T. ) ;
#2586 = FILL_AREA_STYLE_COLOUR ( '', #5360 ) ;
#2587 = DIRECTION ( 'NONE',  ( -0.7071067811865502373, 0.000000000000000000, -0.7071067811865449082 ) ) ;
#2588 = EDGE_CURVE ( 'NONE', #1087, #7474, #7221, .T. ) ;
#2589 = LINE ( 'NONE', #9146, #2687 ) ;
#2590 = VECTOR ( 'NONE', #7115, 1000.000000000000000 ) ;
#2591 = CARTESIAN_POINT ( 'NONE',  ( 1.888032633253842629, 1.566741114999319784, -1.487586741722114247 ) ) ;
#2592 = CARTESIAN_POINT ( 'NONE',  ( -1.920000000000000373, 1.550000000000000266, -0.8800000000000000044 ) ) ;
#2593 = SURFACE_STYLE_FILL_AREA ( #86 ) ;
#2594 = ORIENTED_EDGE ( 'NONE', *, *, #8782, .T. ) ;
#2595 =( LENGTH_UNIT ( ) NAMED_UNIT ( * ) SI_UNIT ( .MILLI., .METRE. ) );
#2596 = CYLINDRICAL_SURFACE ( 'NONE', #854, 0.09999999999999997780 ) ;
#2597 = ORIENTED_EDGE ( 'NONE', *, *, #7851, .T. ) ;
#2598 = ADVANCED_FACE ( 'NONE', ( #7964 ), #660, .T. ) ;
#2599 = EDGE_LOOP ( 'NONE', ( #700, #9298, #3948, #143 ) ) ;
#2600 = DIRECTION ( 'NONE',  ( -0.000000000000000000, 1.000000000000000000, -0.000000000000000000 ) ) ;
#2601 = ORIENTED_EDGE ( 'NONE', *, *, #6115, .F. ) ;
#2602 = FACE_OUTER_BOUND ( 'NONE', #4832, .T. ) ;
#2603 = ORIENTED_EDGE ( 'NONE', *, *, #6473, .F. ) ;
#2604 = CARTESIAN_POINT ( 'NONE',  ( 1.380000000000000115, 1.550000000000000266, -1.419345955666558412 ) ) ;
#2605 =( BOUNDED_SURFACE ( )  B_SPLINE_SURFACE ( 3, 3, ( 
 ( #10173, #8548, #235, #1837 ),
 ( #5278, #9243, #10223, #6749 ),
 ( #7540, #288, #6858, #8496 ),
 ( #343, #2832, #9181, #1206 ) ),
 .UNSPECIFIED., .F., .F., .T. ) 
 B_SPLINE_SURFACE_WITH_KNOTS ( ( 4, 4 ),
 ( 4, 4 ),
 ( 0.000000000000000000, 1.000000000000000000 ),
 ( 0.000000000000000000, 1.000000000000000000 ),
 .UNSPECIFIED. ) 
 GEOMETRIC_REPRESENTATION_ITEM ( )  RATIONAL_B_SPLINE_SURFACE ( (
 ( 1.000000000000000000, 0.8025111867385931186, 0.8025111867385931186, 1.000000000000000000),
 ( 0.9486501948152645802, 0.7613023936409955006, 0.7613023936409955006, 0.9486501948152645802),
 ( 0.9486501948152645802, 0.7613023936409955006, 0.7613023936409955006, 0.9486501948152645802),
 ( 1.000000000000000000, 0.8025111867385931186, 0.8025111867385931186, 1.000000000000000000) ) ) 
 REPRESENTATION_ITEM ( '' )  SURFACE ( )  );
#2606 = ORIENTED_EDGE ( 'NONE', *, *, #4968, .T. ) ;
#2607 = CARTESIAN_POINT ( 'NONE',  ( 1.820000000000000062, 1.849999999999999867, 1.319554108468271814 ) ) ;
#2608 = EDGE_LOOP ( 'NONE', ( #4589, #7150, #4388, #5042 ) ) ;
#2609 = ORIENTED_EDGE ( 'NONE', *, *, #8027, .T. ) ;
#2610 = SURFACE_SIDE_STYLE ('',( #4177 ) ) ;
#2611 = DIRECTION ( 'NONE',  ( -1.000000000000000000, -0.000000000000000000, -0.000000000000000000 ) ) ;
#2612 = LINE ( 'NONE', #8, #2408 ) ;
#2613 = ORIENTED_EDGE ( 'NONE', *, *, #8140, .T. ) ;
#2614 = CARTESIAN_POINT ( 'NONE',  ( -1.888032633253842629, 1.566741114999319784, 1.487586741722114247 ) ) ;
#2615 = CARTESIAN_POINT ( 'NONE',  ( 1.600000000000000311, 0.07000000000000000666, -0.6500000000000001332 ) ) ;
#2616 =( BOUNDED_SURFACE ( )  B_SPLINE_SURFACE ( 3, 2, ( 
 ( #8090, #1533, #4906 ),
 ( #2475, #2377, #7336 ),
 ( #673, #5768, #3216 ),
 ( #4854, #7436, #5014 ) ),
 .UNSPECIFIED., .F., .F., .F. ) 
 B_SPLINE_SURFACE_WITH_KNOTS ( ( 4, 4 ),
 ( 3, 3 ),
 ( 0.0002758777686984793831, 0.0003154662155144598258 ),
 ( 0.000000000000000000, 1.000000000000000000 ),
 .UNSPECIFIED. ) 
 GEOMETRIC_REPRESENTATION_ITEM ( )  RATIONAL_B_SPLINE_SURFACE ( (
 ( 1.000000000000000000, 0.9808805871847274815, 1.000000000000000000),
 ( 1.000000000000000000, 0.9937896904766424511, 1.000000000000000000),
 ( 1.000000000000000000, 1.000037153824646863, 1.000000000000000000),
 ( 1.000000000000000000, 1.000000000000000000, 1.000000000000000000) ) ) 
 REPRESENTATION_ITEM ( '' )  SURFACE ( )  );
#2617 = DIRECTION ( 'NONE',  ( 0.6252873226670321305, -0.7001135404624571068, -0.3447561378322632764 ) ) ;
#2618 = DIRECTION ( 'NONE',  ( 0.000000000000000000, -1.000000000000000000, 0.000000000000000000 ) ) ;
#2619 = EDGE_CURVE ( 'NONE', #8373, #2201, #6027, .T. ) ;
#2620 = ADVANCED_FACE ( 'NONE', ( #10044 ), #6132, .T. ) ;
#2621 = ORIENTED_EDGE ( 'NONE', *, *, #5661, .F. ) ;
#2622 = UNCERTAINTY_MEASURE_WITH_UNIT (LENGTH_MEASURE( 1.000000000000000082E-05 ), #9520, 'distance_accuracy_value', 'NONE');
#2623 = DIRECTION ( 'NONE',  ( -0.3719458362746738689, 0.9282544343432642675, 0.000000000000000000 ) ) ;
#2624 = ORIENTED_EDGE ( 'NONE', *, *, #201, .F. ) ;
#2625 = CARTESIAN_POINT ( 'NONE',  ( -2.100000000000000089, 1.449999999999999956, -0.8599999999999998757 ) ) ;
#2626 = DIRECTION ( 'NONE',  ( 0.7071067811865492381, 0.000000000000000000, 0.7071067811865457964 ) ) ;
#2627 = EDGE_CURVE ( 'NONE', #8373, #93, #5154, .T. ) ;
#2628 = CARTESIAN_POINT ( 'NONE',  ( 2.020000000000000462, 1.539480857753715792, -1.319554108468272258 ) ) ;
#2629 = CARTESIAN_POINT ( 'NONE',  ( -1.210883117545685783, 1.649999999999999245, -1.376122650963194305 ) ) ;
#2630 = CARTESIAN_POINT ( 'NONE',  ( -2.049999999999999822, 1.449999999999999956, -0.8599999999999999867 ) ) ;
#2631 = CARTESIAN_POINT ( 'NONE',  ( -2.020000000000000462, 1.749999999999999778, 1.319554108468272036 ) ) ;
#2632 = CARTESIAN_POINT ( 'NONE',  ( 2.299767353907860024, 0.5907607301639083985, -0.8435786437626897616 ) ) ;
#2633 = EDGE_CURVE ( 'NONE', #5321, #7685, #5319, .T. ) ;
#2634 = ORIENTED_EDGE ( 'NONE', *, *, #7532, .T. ) ;
#2635 = CYLINDRICAL_SURFACE ( 'NONE', #6822, 0.1000000000000001443 ) ;
#2636 = CARTESIAN_POINT ( 'NONE',  ( -2.100000000000000089, 1.550000000000000266, -0.8599999999999999867 ) ) ;
#2637 = DIRECTION ( 'NONE',  ( 0.000000000000000000, -1.000000000000000000, 0.000000000000000000 ) ) ;
#2638 = VERTEX_POINT ( 'NONE', #4393 ) ;
#2639 = CARTESIAN_POINT ( 'NONE',  ( 1.210883117545685561, 1.531965328900978474, -1.317105315413683142 ) ) ;
#2640 = SURFACE_SIDE_STYLE ('',( #8508 ) ) ;
#2641 = DIRECTION ( 'NONE',  ( 0.7071067811865479058, 0.000000000000000000, 0.7071067811865472397 ) ) ;
#2642 = DIRECTION ( 'NONE',  ( -1.000000000000000000, -0.000000000000000000, 4.928191693115927811E-16 ) ) ;
#2643 = CIRCLE ( 'NONE', #2476, 0.09999999999999992228 ) ;
#2644 = CYLINDRICAL_SURFACE ( 'NONE', #7554, 0.2000000000000005107 ) ;
#2645 = EDGE_CURVE ( 'NONE', #1116, #645, #1075, .T. ) ;
#2646 = EDGE_CURVE ( 'NONE', #2490, #10108, #9284, .T. ) ;
#2647 = DIRECTION ( 'NONE',  ( 0.000000000000000000, 0.3719458362746750346, -0.9282544343432637124 ) ) ;
#2648 = CARTESIAN_POINT ( 'NONE',  ( 1.876568542494923664, 1.749999999999999778, -0.8104372260139570683 ) ) ;
#2649 = AXIS2_PLACEMENT_3D ( 'NONE', #2167, #7930, #7175 ) ;
#2650 = EDGE_LOOP ( 'NONE', ( #2949, #9636, #1068, #6400 ) ) ;
#2651 = ORIENTED_EDGE ( 'NONE', *, *, #2619, .F. ) ;
#2652 = ORIENTED_EDGE ( 'NONE', *, *, #8359, .F. ) ;
#2653 = SURFACE_STYLE_USAGE ( .BOTH. , #4277 ) ;
#2654 = ORIENTED_EDGE ( 'NONE', *, *, #8756, .F. ) ;
#2655 = DIRECTION ( 'NONE',  ( 0.000000000000000000, 0.000000000000000000, -1.000000000000000000 ) ) ;
#2656 = AXIS2_PLACEMENT_3D ( 'NONE', #4528, #8703, #7806 ) ;
#2657 = EDGE_LOOP ( 'NONE', ( #8323, #3473, #4185 ) ) ;
#2658 = COLOUR_RGB ( '',1.000000000000000000, 1.000000000000000000, 1.000000000000000000 ) ;
#2659 = CARTESIAN_POINT ( 'NONE',  ( 2.201952593834479277, 0.6115518992456836500, 0.7950000000000000400 ) ) ;
#2660 = ORIENTED_EDGE ( 'NONE', *, *, #2574, .F. ) ;
#2661 = VERTEX_POINT ( 'NONE', #2659 ) ;
#2662 = DIRECTION ( 'NONE',  ( 0.000000000000000000, 0.000000000000000000, -1.000000000000000000 ) ) ;
#2663 = FACE_OUTER_BOUND ( 'NONE', #9509, .T. ) ;
#2664 = FILL_AREA_STYLE ('',( #713 ) ) ;
#2665 = ORIENTED_EDGE ( 'NONE', *, *, #1734, .T. ) ;
#2666 = AXIS2_PLACEMENT_3D ( 'NONE', #3892, #6143, #1483 ) ;
#2667 = CARTESIAN_POINT ( 'NONE',  ( 1.975604021008833255, 1.477260257245418762, 1.435869782706153286 ) ) ;
#2668 = CARTESIAN_POINT ( 'NONE',  ( 1.354314575050763247, 1.809017335549510719, 1.519554108468271547 ) ) ;
#2669 = CARTESIAN_POINT ( 'NONE',  ( 1.310883117545685872, 1.550000000000000266, 1.376122650963194749 ) ) ;
#2670 = CARTESIAN_POINT ( 'NONE',  ( 1.310883117545686316, 1.749999999999999778, 1.376122650963194083 ) ) ;
#2671 = DIRECTION ( 'NONE',  ( -0.000000000000000000, -1.000000000000000000, -0.000000000000000000 ) ) ;
#2672 =( BOUNDED_SURFACE ( )  B_SPLINE_SURFACE ( 3, 2, ( 
 ( #9915, #9705, #7343 ),
 ( #10618, #2437, #4105 ),
 ( #2484, #4811, #81 ),
 ( #1482, #8251, #5726 ) ),
 .UNSPECIFIED., .F., .F., .T. ) 
 B_SPLINE_SURFACE_WITH_KNOTS ( ( 4, 4 ),
 ( 3, 3 ),
 ( 0.0002758777686983616929, 0.0003154662155146101504 ),
 ( 0.000000000000000000, 1.000000000000000000 ),
 .UNSPECIFIED. ) 
 GEOMETRIC_REPRESENTATION_ITEM ( )  RATIONAL_B_SPLINE_SURFACE ( (
 ( 1.000000000000000000, 0.9808805871844664681, 1.000000000000000000),
 ( 1.000000000000000000, 0.9937896904765570749, 1.000000000000000000),
 ( 1.000000000000000000, 1.000037153824648417, 1.000000000000000000),
 ( 1.000000000000000000, 1.000000000000000000, 1.000000000000000000) ) ) 
 REPRESENTATION_ITEM ( '' )  SURFACE ( )  );
#2673 = CIRCLE ( 'NONE', #5601, 0.09999999999999992228 ) ;
#2674 = ORIENTED_EDGE ( 'NONE', *, *, #1015, .T. ) ;
#2675 =( NAMED_UNIT ( * ) PLANE_ANGLE_UNIT ( ) SI_UNIT ( $, .RADIAN. ) );
#2676 = ORIENTED_EDGE ( 'NONE', *, *, #654, .F. ) ;
#2677 = CARTESIAN_POINT ( 'NONE',  ( 1.803678909191087198, 1.777260257245602437, 1.487586741722113803 ) ) ;
#2678 = CARTESIAN_POINT ( 'NONE',  ( -1.995142775509890720, 1.449999999999978639, -1.416120190436488180 ) ) ;
#2679 = AXIS2_PLACEMENT_3D ( 'NONE', #6962, #5487, #8748 ) ;
#2680 = CARTESIAN_POINT ( 'NONE',  ( -1.479999999999999982, 1.649999999999999911, 1.519554108468271991 ) ) ;
#2681 = CARTESIAN_POINT ( 'NONE',  ( -2.627600192202758311, 1.849999999999999867, -0.5276001922027560020 ) ) ;
#2682 = VECTOR ( 'NONE', #10489, 1000.000000000000000 ) ;
#2683 = DIRECTION ( 'NONE',  ( 0.000000000000000000, -1.000000000000000000, 0.000000000000000000 ) ) ;
#2684 = PRESENTATION_LAYER_ASSIGNMENT (  '', '', ( #2852 ) ) ;
#2685 = ORIENTED_EDGE ( 'NONE', *, *, #171, .F. ) ;
#2686 = CARTESIAN_POINT ( 'NONE',  ( -1.933128639347651889, 1.449999999999999956, -1.485565012744308966 ) ) ;
#2687 = VECTOR ( 'NONE', #1798, 1000.000000000000114 ) ;
#2688 = CARTESIAN_POINT ( 'NONE',  ( 1.940342787305757710, 1.449999999999999734, -1.479275548271133056 ) ) ;
#2689 = ORIENTED_EDGE ( 'NONE', *, *, #6028, .T. ) ;
#2690 = CARTESIAN_POINT ( 'NONE',  ( 1.820000000000000062, 1.550000000000000266, -1.319554108468271814 ) ) ;
#2691 = COLOUR_RGB ( '',0.8431372549019607865, 0.8156862745098039102, 0.7529411764705882248 ) ;
#2692 = SURFACE_STYLE_FILL_AREA ( #252 ) ;
#2693 = DIRECTION ( 'NONE',  ( -0.000000000000000000, -1.000000000000000000, -0.000000000000000000 ) ) ;
#2694 = CARTESIAN_POINT ( 'NONE',  ( 2.000000000000000888, 1.449999999999999956, 1.600000000000000089 ) ) ;
#2695 = PRESENTATION_LAYER_ASSIGNMENT (  '', '', ( #7354 ) ) ;
#2696 = CIRCLE ( 'NONE', #7190, 0.1000000000000000472 ) ;
#2697 = CARTESIAN_POINT ( 'NONE',  ( -1.600000000000000977, 0.07000000000000000666, 0.5500000000000000444 ) ) ;
#2698 = DIRECTION ( 'NONE',  ( 1.000000000000000000, 0.000000000000000000, -4.928191693115927811E-16 ) ) ;
#2699 = CARTESIAN_POINT ( 'NONE',  ( -1.310883117545686094, 1.649999999999999911, -1.376122650963194971 ) ) ;
#2700 = ORIENTED_EDGE ( 'NONE', *, *, #7196, .F. ) ;
#2701 = ORIENTED_EDGE ( 'NONE', *, *, #7648, .F. ) ;
#2702 = CIRCLE ( 'NONE', #1026, 0.1000000000000000749 ) ;
#2703 = DIRECTION ( 'NONE',  ( 3.412117296977063918E-16, -0.9282544343432639344, 0.3719458362746745905 ) ) ;
#2704 = VERTEX_POINT ( 'NONE', #7743 ) ;
#2705 = EDGE_CURVE ( 'NONE', #4880, #747, #6837, .T. ) ;
#2706 = CARTESIAN_POINT ( 'NONE',  ( -1.805194582267281689, 1.608663600091573276, 0.7403961109355766679 ) ) ;
#2707 = EDGE_CURVE ( 'NONE', #3898, #5478, #10453, .T. ) ;
#2708 = ADVANCED_FACE ( 'NONE', ( #4226 ), #2812, .F. ) ;
#2709 = VERTEX_POINT ( 'NONE', #5964 ) ;
#2710 = DIRECTION ( 'NONE',  ( 0.000000000000000000, 1.000000000000000000, 0.000000000000000000 ) ) ;
#2711 = AXIS2_PLACEMENT_3D ( 'NONE', #28, #676, #3935 ) ;
#2712 = ADVANCED_FACE ( 'NONE', ( #4283 ), #7580, .F. ) ;
#2713 = AXIS2_PLACEMENT_3D ( 'NONE', #9702, #9655, #8249 ) ;
#2714 = CIRCLE ( 'NONE', #682, 0.1000000000000180744 ) ;
#2715 = VECTOR ( 'NONE', #10155, 999.9999999999998863 ) ;
#2716 = ORIENTED_EDGE ( 'NONE', *, *, #5472, .T. ) ;
#2717 = DIRECTION ( 'NONE',  ( -0.9781476007338062439, 0.2079116908177564282, 0.000000000000000000 ) ) ;
#2718 = VERTEX_POINT ( 'NONE', #1433 ) ;
#2719 = ORIENTED_EDGE ( 'NONE', *, *, #2417, .T. ) ;
#2720 = CARTESIAN_POINT ( 'NONE',  ( 1.876568542494923664, 1.849999999999999867, -0.8104372260139570683 ) ) ;
#2721 = CARTESIAN_POINT ( 'NONE',  ( 1.876568542494923442, 1.849999999999999867, -0.8104372260139571793 ) ) ;
#2722 = VERTEX_POINT ( 'NONE', #7994 ) ;
#2723 = LINE ( 'NONE', #1990, #8137 ) ;
#2724 = SURFACE_STYLE_USAGE ( .BOTH. , #4455 ) ;
#2725 = CARTESIAN_POINT ( 'NONE',  ( 2.000000000000000888, 1.449999999999999956, -1.600000000000000089 ) ) ;
#2726 = DIRECTION ( 'NONE',  ( -0.000000000000000000, 0.000000000000000000, 1.000000000000000000 ) ) ;
#2727 = CARTESIAN_POINT ( 'NONE',  ( 1.252810866969983783, 1.951103551519473678, -1.476674426722931477 ) ) ;
#2728 = COLOUR_RGB ( '',1.000000000000000000, 1.000000000000000000, 1.000000000000000000 ) ;
#2729 = VECTOR ( 'NONE', #7416, 1000.000000000000000 ) ;
#2730 = VECTOR ( 'NONE', #353, 1000.000000000000000 ) ;
#2731 = VECTOR ( 'NONE', #7254, 1000.000000000000000 ) ;
#2732 = CARTESIAN_POINT ( 'NONE',  ( -1.974407258455308511, 1.449999877063282927, -1.447989611747568350 ) ) ;
#2733 = ORIENTED_EDGE ( 'NONE', *, *, #9602, .T. ) ;
#2734 = CARTESIAN_POINT ( 'NONE',  ( 1.916566087323701373, 1.450000006237651462, 1.494696881025378454 ) ) ;
#2735 = CARTESIAN_POINT ( 'NONE',  ( -1.846839578305846441, 1.863099222843527691, -0.7451183755087182892 ) ) ;
#2736 = EDGE_CURVE ( 'NONE', #6252, #3924, #1387, .T. ) ;
#2737 = UNCERTAINTY_MEASURE_WITH_UNIT (LENGTH_MEASURE( 1.000000000000000082E-05 ), #2111, 'distance_accuracy_value', 'NONE');
#2738 = EDGE_CURVE ( 'NONE', #1912, #984, #10362, .T. ) ;
#2739 = CARTESIAN_POINT ( 'NONE',  ( -2.020000000000000018, 1.649999999999999911, 0.9799999999999999822 ) ) ;
#2740 = AXIS2_PLACEMENT_3D ( 'NONE', #585, #3835, #10359 ) ;
#2741 = CIRCLE ( 'NONE', #10312, 0.01000000146998518413 ) ;
#2742 = COLOUR_RGB ( '',0.8431372549019607865, 0.8156862745098039102, 0.7529411764705882248 ) ;
#2743 = ORIENTED_EDGE ( 'NONE', *, *, #9735, .T. ) ;
#2744 = SURFACE_STYLE_USAGE ( .BOTH. , #6865 ) ;
#2745 = MECHANICAL_DESIGN_GEOMETRIC_PRESENTATION_REPRESENTATION (  '', ( #3606 ), #6724 ) ;
#2746 = EDGE_CURVE ( 'NONE', #8609, #4168, #6355, .T. ) ;
#2747 = ORIENTED_EDGE ( 'NONE', *, *, #1557, .T. ) ;
#2748 = CARTESIAN_POINT ( 'NONE',  ( 1.311825581389000295, 1.450008882578210034, -1.276127092252299144 ) ) ;
#2749 = CYLINDRICAL_SURFACE ( 'NONE', #9593, 0.2000000000000005107 ) ;
#2750 = DIRECTION ( 'NONE',  ( 0.7071067811865475727, -0.000000000000000000, 0.7071067811865474617 ) ) ;
#2751 = UNCERTAINTY_MEASURE_WITH_UNIT (LENGTH_MEASURE( 1.000000000000000082E-05 ), #5056, 'distance_accuracy_value', 'NONE');
#2752 = CARTESIAN_POINT ( 'NONE',  ( 1.327268482960745288, 1.550004441289104751, -1.418611644624957258 ) ) ;
#2753 = DIRECTION ( 'NONE',  ( -0.2079116908177564282, 0.9781476007338062439, 0.000000000000000000 ) ) ;
#2754 = AXIS2_PLACEMENT_3D ( 'NONE', #7970, #6975, #2848 ) ;
#2755 = EDGE_CURVE ( 'NONE', #5463, #9968, #8684, .T. ) ;
#2756 = DIRECTION ( 'NONE',  ( 0.000000000000000000, -1.000000000000000000, 0.000000000000000000 ) ) ;
#2757 = EDGE_CURVE ( 'NONE', #7749, #8360, #4611, .T. ) ;
#2758 = UNCERTAINTY_MEASURE_WITH_UNIT (LENGTH_MEASURE( 1.000000000000000082E-05 ), #7883, 'distance_accuracy_value', 'NONE');
#2759 = EDGE_LOOP ( 'NONE', ( #327, #540, #4369, #8320 ) ) ;
#2760 = ORIENTED_EDGE ( 'NONE', *, *, #902, .T. ) ;
#2761 = VECTOR ( 'NONE', #6305, 1000.000000000000000 ) ;
#2762 = ORIENTED_EDGE ( 'NONE', *, *, #9210, .F. ) ;
#2763 = CARTESIAN_POINT ( 'NONE',  ( -1.947942502722566305, 1.649999999999999911, 0.7403961109355768899 ) ) ;
#2764 = EDGE_CURVE ( 'NONE', #9883, #2661, #8734, .T. ) ;
#2765 = EDGE_CURVE ( 'NONE', #445, #604, #6018, .T. ) ;
#2766 = EDGE_LOOP ( 'NONE', ( #545, #5743, #1778 ) ) ;
#2767 = CARTESIAN_POINT ( 'NONE',  ( 1.360000000000000098, 1.449999999999999956, -1.224999999999999867 ) ) ;
#2768 = ORIENTED_EDGE ( 'NONE', *, *, #6087, .F. ) ;
#2769 = ORIENTED_EDGE ( 'NONE', *, *, #9287, .T. ) ;
#2770 = EDGE_CURVE ( 'NONE', #1712, #7570, #3682, .T. ) ;
#2771 = DIRECTION ( 'NONE',  ( 0.000000000000000000, 1.000000000000000000, 0.000000000000000000 ) ) ;
#2772 = DIRECTION ( 'NONE',  ( 1.000000000000000000, 0.000000000000000000, -0.000000000000000000 ) ) ;
#2773 = ORIENTED_EDGE ( 'NONE', *, *, #722, .F. ) ;
#2774 = CARTESIAN_POINT ( 'NONE',  ( -1.919057536156685506, 1.849995558710894494, 1.277388429508034218 ) ) ;
#2775 = CARTESIAN_POINT ( 'NONE',  ( -2.020000000000000462, 1.649999999999999911, 1.319554108468272036 ) ) ;
#2776 = LINE ( 'NONE', #7002, #6354 ) ;
#2777 = CARTESIAN_POINT ( 'NONE',  ( 1.311825581389000739, 1.749999999999999778, -1.476118209674089465 ) ) ;
#2778 = EDGE_CURVE ( 'NONE', #9798, #5791, #6399, .T. ) ;
#2779 = ORIENTED_EDGE ( 'NONE', *, *, #9410, .F. ) ;
#2780 = CARTESIAN_POINT ( 'NONE',  ( -1.961421356237309732, 1.449999999999999512, -1.460975464705581706 ) ) ;
#2781 = ORIENTED_EDGE ( 'NONE', *, *, #5457, .F. ) ;
#2782 = LINE ( 'NONE', #2677, #8504 ) ;
#2783 = LINE ( 'NONE', #3702, #7417 ) ;
#2784 = CARTESIAN_POINT ( 'NONE',  ( -1.252810866969984005, 1.649999999999999911, -1.476674426722931255 ) ) ;
#2785 = CARTESIAN_POINT ( 'NONE',  ( -1.360000000000000098, 1.449999999999999956, -1.224999999999999867 ) ) ;
#2786 = CARTESIAN_POINT ( 'NONE',  ( 2.020000000000000462, 1.539480857672253178, -1.319554108264968217 ) ) ;
#2787 = AXIS2_PLACEMENT_3D ( 'NONE', #5204, #10309, #10097 ) ;
#2788 = ORIENTED_EDGE ( 'NONE', *, *, #9545, .F. ) ;
#2789 = DIRECTION ( 'NONE',  ( 0.000000000000000000, -1.000000000000000000, 0.000000000000000000 ) ) ;
#2790 =( LENGTH_UNIT ( ) NAMED_UNIT ( * ) SI_UNIT ( .MILLI., .METRE. ) );
#2791 = EDGE_LOOP ( 'NONE', ( #4601, #5534, #5643, #7946, #9498, #8637, #7427, #4610 ) ) ;
#2792 = CARTESIAN_POINT ( 'NONE',  ( 1.210883117545685561, 1.649999999999999467, -1.435139986512705468 ) ) ;
#2793 = CARTESIAN_POINT ( 'NONE',  ( 2.100000000000000089, 1.449999999999999956, -0.7949999999999999289 ) ) ;
#2794 = CARTESIAN_POINT ( 'NONE',  ( 1.876568542494923664, 1.849999999999999867, -0.8104372260139570683 ) ) ;
#2795 = DIRECTION ( 'NONE',  ( -0.000000000000000000, -0.000000000000000000, -1.000000000000000000 ) ) ;
#2796 = CARTESIAN_POINT ( 'NONE',  ( 1.920000000000000373, 1.749999999999999778, 1.319554108468271814 ) ) ;
#2797 = DIRECTION ( 'NONE',  ( 0.000000000000000000, 0.000000000000000000, -1.000000000000000000 ) ) ;
#2798 = LINE ( 'NONE', #2088, #1694 ) ;
#2799 = CARTESIAN_POINT ( 'NONE',  ( -1.920000000000000373, 1.849999999999999867, -1.235200384405517049 ) ) ;
#2800 = CARTESIAN_POINT ( 'NONE',  ( 1.460000000000000187, 1.550000000000000266, 1.419554108468271902 ) ) ;
#2801 = ORIENTED_EDGE ( 'NONE', *, *, #2755, .F. ) ;
#2802 = ORIENTED_EDGE ( 'NONE', *, *, #2627, .T. ) ;
#2803 =( NAMED_UNIT ( * ) SI_UNIT ( $, .STERADIAN. ) SOLID_ANGLE_UNIT ( ) );
#2804 = ORIENTED_EDGE ( 'NONE', *, *, #7777, .T. ) ;
#2805 = CARTESIAN_POINT ( 'NONE',  ( -1.240172439427031481, 1.849999999999999867, -1.305411972844539248 ) ) ;
#2806 = ORIENTED_EDGE ( 'NONE', *, *, #617, .F. ) ;
#2807 = CARTESIAN_POINT ( 'NONE',  ( -1.735646275937244853, 1.809017335549510275, 1.519554108468271991 ) ) ;
#2808 = CIRCLE ( 'NONE', #3316, 0.09999999999999015232 ) ;
#2809 = CARTESIAN_POINT ( 'NONE',  ( 1.354314575050763025, 1.849999999999999867, 1.419554108468271680 ) ) ;
#2810 = CARTESIAN_POINT ( 'NONE',  ( 1.379999999999999893, 1.550000000000000044, 1.419554108468271902 ) ) ;
#2811 = EDGE_LOOP ( 'NONE', ( #4573, #9592, #213, #7226 ) ) ;
#2812 = PLANE ( 'NONE',  #5312 ) ;
#2813 = ORIENTED_EDGE ( 'NONE', *, *, #3631, .F. ) ;
#2814 = ORIENTED_EDGE ( 'NONE', *, *, #7012, .T. ) ;
#2815 = CARTESIAN_POINT ( 'NONE',  ( -1.978072250575702906, 1.750000000000000000, -0.7533169077592969387 ) ) ;
#2816 = LINE ( 'NONE', #7748, #8262 ) ;
#2817 = VERTEX_POINT ( 'NONE', #7145 ) ;
#2818 = LINE ( 'NONE', #9452, #3831 ) ;
#2819 = DIRECTION ( 'NONE',  ( -0.000000000000000000, 1.000000000000000000, -0.000000000000000000 ) ) ;
#2820 = EDGE_CURVE ( 'NONE', #1762, #4221, #2546, .T. ) ;
#2821 = VECTOR ( 'NONE', #3824, 1000.000000000000000 ) ;
#2822 = DIRECTION ( 'NONE',  ( 1.000000000000000000, 0.000000000000000000, -0.000000000000000000 ) ) ;
#2823 = STYLED_ITEM ( 'NONE', ( #1576 ), #430 ) ;
#2824 = ORIENTED_EDGE ( 'NONE', *, *, #10479, .T. ) ;
#2825 = AXIS2_PLACEMENT_3D ( 'NONE', #8485, #1131, #1027 ) ;
#2826 = CARTESIAN_POINT ( 'NONE',  ( -1.970386938242996377, 1.454427687308505135, -1.450235923475676758 ) ) ;
#2827 = ORIENTED_EDGE ( 'NONE', *, *, #2770, .T. ) ;
#2828 = CARTESIAN_POINT ( 'NONE',  ( 1.819999998572660704, 1.539480857181791063, 1.519554108468272435 ) ) ;
#2829 =( NAMED_UNIT ( * ) PLANE_ANGLE_UNIT ( ) SI_UNIT ( $, .RADIAN. ) );
#2830 = UNCERTAINTY_MEASURE_WITH_UNIT (LENGTH_MEASURE( 1.000000000000000082E-05 ), #1423, 'distance_accuracy_value', 'NONE');
#2831 = DIRECTION ( 'NONE',  ( -0.7071067811865449082, 0.000000000000000000, -0.7071067811865502373 ) ) ;
#2832 = CARTESIAN_POINT ( 'NONE',  ( -1.283271467065781213, 1.608465559789774124, -1.489930786479060743 ) ) ;
#2833 = STYLED_ITEM ( 'NONE', ( #5720 ), #852 ) ;
#2834 = EDGE_CURVE ( 'NONE', #6440, #2661, #1239, .T. ) ;
#2835 = ADVANCED_FACE ( 'NONE', ( #10413 ), #8787, .F. ) ;
#2836 = ADVANCED_FACE ( 'NONE', ( #9607 ), #2240, .F. ) ;
#2837 = LINE ( 'NONE', #6258, #1518 ) ;
#2838 = FILL_AREA_STYLE_COLOUR ( '', #1838 ) ;
#2839 = AXIS2_PLACEMENT_3D ( 'NONE', #6929, #3557, #1108 ) ;
#2840 = ORIENTED_EDGE ( 'NONE', *, *, #551, .F. ) ;
#2841 = AXIS2_PLACEMENT_3D ( 'NONE', #1618, #2465, #5756 ) ;
#2842 = SURFACE_SIDE_STYLE ('',( #9249 ) ) ;
#2843 = DIRECTION ( 'NONE',  ( 6.926172609246023107E-18, -3.258508020090426787E-17, 1.000000000000000000 ) ) ;
#2844 = ORIENTED_EDGE ( 'NONE', *, *, #6615, .T. ) ;
#2845 = DIRECTION ( 'NONE',  ( -0.6803263325384226734, 0.2726025724560242613, 0.6803263325384205640 ) ) ;
#2846 = VERTEX_POINT ( 'NONE', #8259 ) ;
#2847 = CARTESIAN_POINT ( 'NONE',  ( 2.020000000000000462, 1.750000000000000000, 1.235200384405516161 ) ) ;
#2848 = DIRECTION ( 'NONE',  ( 0.000000000000000000, 0.000000000000000000, -1.000000000000000000 ) ) ;
#2849 = FACE_OUTER_BOUND ( 'NONE', #9311, .T. ) ;
#2850 = CARTESIAN_POINT ( 'NONE',  ( 2.020000000000000462, 1.750000000000000222, -0.7948513479695228368 ) ) ;
#2851 = FACE_OUTER_BOUND ( 'NONE', #3045, .T. ) ;
#2852 = STYLED_ITEM ( 'NONE', ( #3547 ), #1349 ) ;
#2853 = FACE_OUTER_BOUND ( 'NONE', #10341, .T. ) ;
#2854 = CIRCLE ( 'NONE', #987, 0.1000000000000001443 ) ;
#2855 = CARTESIAN_POINT ( 'NONE',  ( -1.920000000000000151, 1.749999999999999778, 0.8538686835190338886 ) ) ;
#2856 = CARTESIAN_POINT ( 'NONE',  ( 1.919057536156685950, 1.808576042115767502, 0.7538731248081388392 ) ) ;
#2857 = CARTESIAN_POINT ( 'NONE',  ( -1.360000000000000098, 1.550000000000000266, 1.600000000000000089 ) ) ;
#2858 = ORIENTED_EDGE ( 'NONE', *, *, #1473, .F. ) ;
#2859 = SURFACE_STYLE_FILL_AREA ( #2920 ) ;
#2860 = ORIENTED_EDGE ( 'NONE', *, *, #8290, .T. ) ;
#2861 = CARTESIAN_POINT ( 'NONE',  ( 1.820000000000000062, 1.749999999999999778, -1.419554108468272124 ) ) ;
#2862 = EDGE_CURVE ( 'NONE', #8962, #6424, #861, .T. ) ;
#2863 = EDGE_CURVE ( 'NONE', #1805, #5324, #89, .T. ) ;
#2864 = VERTEX_POINT ( 'NONE', #2444 ) ;
#2865 = MECHANICAL_DESIGN_GEOMETRIC_PRESENTATION_REPRESENTATION (  '', ( #7869 ), #5465 ) ;
#2866 = CARTESIAN_POINT ( 'NONE',  ( -1.210883117545685783, 1.649999999999999911, 1.376122650963194527 ) ) ;
#2867 = CIRCLE ( 'NONE', #998, 0.09999999999999983902 ) ;
#2868 = AXIS2_PLACEMENT_3D ( 'NONE', #3736, #6289, #9541 ) ;
#2869 = CARTESIAN_POINT ( 'NONE',  ( -1.500000000000000444, 0.000000000000000000, -1.500000000000000000 ) ) ;
#2870 = VERTEX_POINT ( 'NONE', #2397 ) ;
#2871 =( NAMED_UNIT ( * ) SI_UNIT ( $, .STERADIAN. ) SOLID_ANGLE_UNIT ( ) );
#2872 = VERTEX_POINT ( 'NONE', #8052 ) ;
#2873 = CIRCLE ( 'NONE', #8890, 0.09999999999999997780 ) ;
#2874 = EDGE_LOOP ( 'NONE', ( #7451, #2270, #9716, #1651 ) ) ;
#2875 = CIRCLE ( 'NONE', #9408, 0.1000000000000000472 ) ;
#2876 = ORIENTED_EDGE ( 'NONE', *, *, #2309, .F. ) ;
#2877 = CARTESIAN_POINT ( 'NONE',  ( -1.920000000000000373, 1.749999999999999778, -1.235200384405516161 ) ) ;
#2878 = CARTESIAN_POINT ( 'NONE',  ( -1.302305608210474475, 1.559914595814657856, 1.471581654730258260 ) ) ;
#2879 = CYLINDRICAL_SURFACE ( 'NONE', #6138, 0.1000000000000000472 ) ;
#2880 = CYLINDRICAL_SURFACE ( 'NONE', #340, 0.1000000000000000472 ) ;
#2881 = STYLED_ITEM ( 'NONE', ( #3765 ), #2515 ) ;
#2882 = ADVANCED_FACE ( 'NONE', ( #1650 ), #782, .T. ) ;
#2883 = ORIENTED_EDGE ( 'NONE', *, *, #2707, .F. ) ;
#2884 =( NAMED_UNIT ( * ) SI_UNIT ( $, .STERADIAN. ) SOLID_ANGLE_UNIT ( ) );
#2885 = EDGE_CURVE ( 'NONE', #7755, #1287, #7824, .T. ) ;
#2886 = ORIENTED_EDGE ( 'NONE', *, *, #8437, .F. ) ;
#2887 =( NAMED_UNIT ( * ) PLANE_ANGLE_UNIT ( ) SI_UNIT ( $, .RADIAN. ) );
#2888 = VECTOR ( 'NONE', #7383, 1000.000000000000000 ) ;
#2889 =( GEOMETRIC_REPRESENTATION_CONTEXT ( 3 ) GLOBAL_UNCERTAINTY_ASSIGNED_CONTEXT ( ( #3500 ) ) GLOBAL_UNIT_ASSIGNED_CONTEXT ( ( #334, #2935, #6910 ) ) REPRESENTATION_CONTEXT ( 'NONE', 'WORKASPACE' ) );
#2890 = MECHANICAL_DESIGN_GEOMETRIC_PRESENTATION_REPRESENTATION (  '', ( #5172 ), #7545 ) ;
#2891 =( LENGTH_UNIT ( ) NAMED_UNIT ( * ) SI_UNIT ( .MILLI., .METRE. ) );
#2892 = DIRECTION ( 'NONE',  ( 0.7071067811865496822, 0.000000000000000000, -0.7071067811865453523 ) ) ;
#2893 = VECTOR ( 'NONE', #6191, 1000.000000000000227 ) ;
#2894 = DIRECTION ( 'NONE',  ( 1.000000000000000000, 0.000000000000000000, 0.000000000000000000 ) ) ;
#2895 = ADVANCED_FACE ( 'NONE', ( #8951 ), #1891, .T. ) ;
#2896 = DIRECTION ( 'NONE',  ( -1.000000000000000000, 0.000000000000000000, 0.000000000000000000 ) ) ;
#2897 = DIRECTION ( 'NONE',  ( 0.000000000000000000, -1.000000000000000000, 0.000000000000000000 ) ) ;
#2898 = MECHANICAL_DESIGN_GEOMETRIC_PRESENTATION_REPRESENTATION (  '', ( #9779 ), #8910 ) ;
#2899 = AXIS2_PLACEMENT_3D ( 'NONE', #3391, #7721, #1856 ) ;
#2900 = CIRCLE ( 'NONE', #870, 0.1000000000000001166 ) ;
#2901 = VERTEX_POINT ( 'NONE', #1167 ) ;
#2902 = ADVANCED_FACE ( 'NONE', ( #7503 ), #2596, .T. ) ;
#2903 = CARTESIAN_POINT ( 'NONE',  ( -1.988032633253842940, 1.523913479700161666, 1.404747511482704159 ) ) ;
#2904 = ORIENTED_EDGE ( 'NONE', *, *, #5929, .T. ) ;
#2905 = VERTEX_POINT ( 'NONE', #5952 ) ;
#2906 = CARTESIAN_POINT ( 'NONE',  ( -1.479999999999999982, 1.449999999999999956, 1.419554108468271902 ) ) ;
#2907 = VECTOR ( 'NONE', #4061, 1000.000000000000000 ) ;
#2908 = EDGE_CURVE ( 'NONE', #8506, #6714, #7617, .T. ) ;
#2909 = VECTOR ( 'NONE', #2271, 1000.000000000000000 ) ;
#2910 =( GEOMETRIC_REPRESENTATION_CONTEXT ( 3 ) GLOBAL_UNCERTAINTY_ASSIGNED_CONTEXT ( ( #9601 ) ) GLOBAL_UNIT_ASSIGNED_CONTEXT ( ( #609, #9642, #724 ) ) REPRESENTATION_CONTEXT ( 'NONE', 'WORKASPACE' ) );
#2911 = CARTESIAN_POINT ( 'NONE',  ( 1.906297506684001775, 1.816381868788617515, 0.6979586327827720371 ) ) ;
#2912 = CARTESIAN_POINT ( 'NONE',  ( 2.100000000000000089, 1.449999999999999956, 0.8599999999999999867 ) ) ;
#2913 = CARTESIAN_POINT ( 'NONE',  ( 1.919057536156685506, 1.750000000000000000, -0.7538731248081388392 ) ) ;
#2914 = CARTESIAN_POINT ( 'NONE',  ( 2.100000000000000089, 0.1699999985300154615, -0.5003071667619851670 ) ) ;
#2915 = CARTESIAN_POINT ( 'NONE',  ( 1.360000000000000098, 1.550000000000000266, -1.410853531617382917 ) ) ;
#2916 = ADVANCED_FACE ( 'NONE', ( #9205 ), #945, .T. ) ;
#2917 = CARTESIAN_POINT ( 'NONE',  ( -1.884571170791653705, 1.512602837497275310, 1.512741078632244163 ) ) ;
#2918 = DIRECTION ( 'NONE',  ( 9.866381877431726115E-16, 0.000000000000000000, -1.000000000000000000 ) ) ;
#2919 = ORIENTED_EDGE ( 'NONE', *, *, #3884, .T. ) ;
#2920 = FILL_AREA_STYLE ('',( #4602 ) ) ;
#2921 = VERTEX_POINT ( 'NONE', #1862 ) ;
#2922 = FACE_OUTER_BOUND ( 'NONE', #2930, .T. ) ;
#2923 = EDGE_LOOP ( 'NONE', ( #3535, #7766, #4112, #9175 ) ) ;
#2924 = CARTESIAN_POINT ( 'NONE',  ( 1.804007243629380142, 1.749999999999999778, -1.492538888362403782 ) ) ;
#2926 = EDGE_CURVE ( 'NONE', #7982, #3252, #3618, .T. ) ;
#2925 = CARTESIAN_POINT ( 'NONE',  ( -1.360000000000000098, 1.550000000000000266, 1.600000000000000089 ) ) ;
#2927 = VERTEX_POINT ( 'NONE', #3399 ) ;
#2928 = CARTESIAN_POINT ( 'NONE',  ( 2.201952593834479277, 0.6115518992456836500, 0.7949999999999999289 ) ) ;
#2929 = ORIENTED_EDGE ( 'NONE', *, *, #4864, .F. ) ;
#2930 = EDGE_LOOP ( 'NONE', ( #3034, #9941, #3658, #5105 ) ) ;
#2931 = DIRECTION ( 'NONE',  ( 0.000000000000000000, 0.000000000000000000, -1.000000000000000000 ) ) ;
#2932 = ORIENTED_EDGE ( 'NONE', *, *, #1163, .F. ) ;
#2933 = CARTESIAN_POINT ( 'NONE',  ( 1.638275862068964805, 1.550000000000000266, -0.2329654253690055521 ) ) ;
#2934 = DIRECTION ( 'NONE',  ( -0.8757138775497611549, 1.667502941282869802E-12, 0.4828304098405172828 ) ) ;
#2935 =( NAMED_UNIT ( * ) PLANE_ANGLE_UNIT ( ) SI_UNIT ( $, .RADIAN. ) );
#2936 = CIRCLE ( 'NONE', #8948, 0.1000000000000000472 ) ;
#2937 = ORIENTED_EDGE ( 'NONE', *, *, #1092, .F. ) ;
#2938 = FILL_AREA_STYLE ('',( #7955 ) ) ;
#2939 = ORIENTED_EDGE ( 'NONE', *, *, #1744, .T. ) ;
#2940 = LINE ( 'NONE', #5432, #10407 ) ;
#2941 = CARTESIAN_POINT ( 'NONE',  ( 1.920000000000000373, 1.449999999999999956, -0.8799999999999998934 ) ) ;
#2942 = CARTESIAN_POINT ( 'NONE',  ( 2.000000000000000888, 0.000000000000000000, -0.5500000000000000444 ) ) ;
#2943 = EDGE_CURVE ( 'NONE', #9784, #455, #10031, .T. ) ;
#2944 = LINE ( 'NONE', #3650, #7019 ) ;
#2945 = CARTESIAN_POINT ( 'NONE',  ( -1.389289321881345574, 1.449999999999999956, 1.340142853498727860 ) ) ;
#2946 = EDGE_CURVE ( 'NONE', #10385, #9798, #7670, .T. ) ;
#2947 = UNCERTAINTY_MEASURE_WITH_UNIT (LENGTH_MEASURE( 1.000000000000000082E-05 ), #4944, 'distance_accuracy_value', 'NONE');
#2948 =( BOUNDED_CURVE ( )  B_SPLINE_CURVE ( 3, ( #3931, #9527, #9649, #2170 ),
 .UNSPECIFIED., .F., .T. ) 
 B_SPLINE_CURVE_WITH_KNOTS ( ( 4, 4 ),
 ( 0.000000000000000000, 1.000000000000000000 ),
 .UNSPECIFIED. ) 
 CURVE ( )  GEOMETRIC_REPRESENTATION_ITEM ( )  RATIONAL_B_SPLINE_CURVE ( ( 1.000000000000000000, 1.000000002273009114, 0.9999996200636409593, 0.9999988303062726791 ) ) 
 REPRESENTATION_ITEM ( '' )  );
#2949 = ORIENTED_EDGE ( 'NONE', *, *, #4157, .F. ) ;
#2950 = CARTESIAN_POINT ( 'NONE',  ( 1.409289321881345591, 1.550000000000000266, 1.348427124746190087 ) ) ;
#2951 = EDGE_CURVE ( 'NONE', #7419, #6206, #6770, .T. ) ;
#2952 = VERTEX_POINT ( 'NONE', #3566 ) ;
#2953 = PLANE ( 'NONE',  #6380 ) ;
#2954 = ORIENTED_EDGE ( 'NONE', *, *, #1604, .F. ) ;
#2955 = CARTESIAN_POINT ( 'NONE',  ( 1.919057536156685950, 1.849995558710894716, 1.235200384405516605 ) ) ;
#2956 = PLANE ( 'NONE',  #7413 ) ;
#2957 = PRESENTATION_STYLE_ASSIGNMENT (( #8613 ) ) ;
#2958 = DIRECTION ( 'NONE',  ( 0.000000000000000000, -1.000000000000000000, 0.000000000000000000 ) ) ;
#2959 = CARTESIAN_POINT ( 'NONE',  ( 2.020000000000000462, 1.809017335549510719, -0.8538686835190341107 ) ) ;
#2960 = DIRECTION ( 'NONE',  ( -0.7071067811865486830, 0.000000000000000000, -0.7071067811865464625 ) ) ;
#2961 = EDGE_CURVE ( 'NONE', #9077, #8577, #3579, .T. ) ;
#2962 = AXIS2_PLACEMENT_3D ( 'NONE', #7508, #8265, #149 ) ;
#2963 = CARTESIAN_POINT ( 'NONE',  ( -2.100000000000000089, 1.399999999999999467, -1.500000000000000000 ) ) ;
#2964 = DIRECTION ( 'NONE',  ( -0.7071067811865474617, 0.000000000000000000, 0.7071067811865474617 ) ) ;
#2965 = AXIS2_PLACEMENT_3D ( 'NONE', #2402, #9552, #8793 ) ;
#2966 = DIRECTION ( 'NONE',  ( -0.000000000000000000, -0.000000000000000000, 1.000000000000000000 ) ) ;
#2967 = DIRECTION ( 'NONE',  ( -0.7071067811865496822, -2.168404344971012418E-15, 0.7071067811865453523 ) ) ;
#2968 = VERTEX_POINT ( 'NONE', #5199 ) ;
#2969 = SURFACE_SIDE_STYLE ('',( #2859 ) ) ;
#2970 = ORIENTED_EDGE ( 'NONE', *, *, #1949, .F. ) ;
#2971 = LINE ( 'NONE', #10511, #7986 ) ;
#2972 = EDGE_LOOP ( 'NONE', ( #5148, #7896, #3334, #5108 ) ) ;
#2973 = DIRECTION ( 'NONE',  ( 0.000000000000000000, 0.000000000000000000, -1.000000000000000000 ) ) ;
#2974 = ADVANCED_FACE ( 'NONE', ( #9103 ), #313, .F. ) ;
#2975 = ADVANCED_FACE ( 'NONE', ( #5140 ), #3506, .F. ) ;
#2976 = LINE ( 'NONE', #587, #3805 ) ;
#2977 = PLANE ( 'NONE',  #2868 ) ;
#2978 = CARTESIAN_POINT ( 'NONE',  ( 2.026363480482510138, -0.6955033648010471303, -0.8435786437626897616 ) ) ;
#2979 = CIRCLE ( 'NONE', #9159, 0.1000000000000001305 ) ;
#2980 = VERTEX_POINT ( 'NONE', #4434 ) ;
#2981 = ORIENTED_EDGE ( 'NONE', *, *, #3827, .F. ) ;
#2982 = VERTEX_POINT ( 'NONE', #6827 ) ;
#2983 = DIRECTION ( 'NONE',  ( 0.000000000000000000, -1.000000000000000000, 0.000000000000000000 ) ) ;
#2984 = B_SPLINE_CURVE_WITH_KNOTS ( 'NONE', 3,
 ( #4617, #1291, #4568, #7901, #4764, #643, #3905, #7205, #548, #10475 ),
 .UNSPECIFIED., .F., .F.,
 ( 4, 3, 3, 4 ),
 ( 0.000000000000000000, 2.778924534166047467E-05, 5.613173975541153123E-05, 5.625689728094391352E-05 ),
 .UNSPECIFIED. ) ;
#2985 = DIRECTION ( 'NONE',  ( -0.6803263325384151239, 0.2726025724560347530, -0.6803263325384238946 ) ) ;
#2986 = CARTESIAN_POINT ( 'NONE',  ( -1.804007243629379253, 1.823390522858398644, -1.462259564155070413 ) ) ;
#2987 = AXIS2_PLACEMENT_3D ( 'NONE', #7400, #4104, #5023 ) ;
#2988 = EDGE_LOOP ( 'NONE', ( #6896, #4509, #9322, #8427 ) ) ;
#2989 = DIRECTION ( 'NONE',  ( 0.000000000000000000, 0.000000000000000000, -1.000000000000000000 ) ) ;
#2990 = ORIENTED_EDGE ( 'NONE', *, *, #4296, .T. ) ;
#2991 = LINE ( 'NONE', #10485, #7665 ) ;
#2992 = CARTESIAN_POINT ( 'NONE',  ( -2.100000000000000089, 1.449999999999999956, -0.7949999999999999289 ) ) ;
#2993 = AXIS2_PLACEMENT_3D ( 'NONE', #1582, #10602, #4028 ) ;
#2994 = LINE ( 'NONE', #9347, #2761 ) ;
#2995 = DIRECTION ( 'NONE',  ( 1.000000000000000000, 0.000000000000000000, -1.084202172485503842E-15 ) ) ;
#2996 =( NAMED_UNIT ( * ) PLANE_ANGLE_UNIT ( ) SI_UNIT ( $, .RADIAN. ) );
#2997 = CARTESIAN_POINT ( 'NONE',  ( 1.460000000000000187, 1.550000000000000266, 0.8599999999999999867 ) ) ;
#2998 = VECTOR ( 'NONE', #6095, 1000.000000000000000 ) ;
#2999 = AXIS2_PLACEMENT_3D ( 'NONE', #9403, #3703, #5339 ) ;
#3000 = EDGE_LOOP ( 'NONE', ( #846, #9321, #4069, #2290 ) ) ;
#3001 = CARTESIAN_POINT ( 'NONE',  ( -1.399999999999999911, 0.07000000000000000666, -1.449999999999999956 ) ) ;
#3002 =( NAMED_UNIT ( * ) SI_UNIT ( $, .STERADIAN. ) SOLID_ANGLE_UNIT ( ) );
#3003 = ORIENTED_EDGE ( 'NONE', *, *, #1666, .F. ) ;
#3004 = DIRECTION ( 'NONE',  ( 0.000000000000000000, 0.000000000000000000, -1.000000000000000000 ) ) ;
#3005 = ORIENTED_EDGE ( 'NONE', *, *, #6709, .T. ) ;
#3006 = FACE_OUTER_BOUND ( 'NONE', #6852, .T. ) ;
#3007 = FACE_OUTER_BOUND ( 'NONE', #2145, .T. ) ;
#3008 = CARTESIAN_POINT ( 'NONE',  ( -1.354314575050763469, 1.749999999999999778, 1.419554108468271902 ) ) ;
#3009 = CYLINDRICAL_SURFACE ( 'NONE', #4569, 0.1000000000000000472 ) ;
#3010 = FACE_OUTER_BOUND ( 'NONE', #5086, .T. ) ;
#3011 = DIRECTION ( 'NONE',  ( 0.000000000000000000, 0.000000000000000000, -1.000000000000000000 ) ) ;
#3012 =( BOUNDED_SURFACE ( )  B_SPLINE_SURFACE ( 3, 3, ( 
 ( #3275, #10556, #1588, #4858 ),
 ( #8146, #781, #6761, #10082 ),
 ( #4371, #991, #5127, #5191 ),
 ( #1851, #4318, #6816, #6059 ) ),
 .UNSPECIFIED., .F., .F., .F. ) 
 B_SPLINE_SURFACE_WITH_KNOTS ( ( 4, 4 ),
 ( 4, 4 ),
 ( 0.000000000000000000, 1.000000000000000000 ),
 ( 0.000000000000000000, 1.000000000000000000 ),
 .UNSPECIFIED. ) 
 GEOMETRIC_REPRESENTATION_ITEM ( )  RATIONAL_B_SPLINE_SURFACE ( (
 ( 1.000000000000000000, 0.8854898804334147000, 0.8854898804334147000, 1.000000000000000000),
 ( 0.8025111867385934517, 0.7106155347916348619, 0.7106155347916348619, 0.8025111867385934517),
 ( 0.8025111867385934517, 0.7106155347916348619, 0.7106155347916348619, 0.8025111867385934517),
 ( 1.000000000000000000, 0.8854898804334147000, 0.8854898804334147000, 1.000000000000000000) ) ) 
 REPRESENTATION_ITEM ( '' )  SURFACE ( )  );
#3013 = AXIS2_PLACEMENT_3D ( 'NONE', #8655, #4783, #8078 ) ;
#3014 = MECHANICAL_DESIGN_GEOMETRIC_PRESENTATION_REPRESENTATION (  '', ( #10253 ), #3881 ) ;
#3015 = CARTESIAN_POINT ( 'NONE',  ( -1.928730210289324010, 1.464166666666669725, 1.487990114549041953 ) ) ;
#3016 = FACE_OUTER_BOUND ( 'NONE', #5248, .T. ) ;
#3017 = EDGE_LOOP ( 'NONE', ( #9777, #9662, #331, #6570 ) ) ;
#3018 = DIRECTION ( 'NONE',  ( -0.000000000000000000, -1.000000000000000000, -0.000000000000000000 ) ) ;
#3019 = VECTOR ( 'NONE', #3419, 1000.000000000000000 ) ;
#3020 = CARTESIAN_POINT ( 'NONE',  ( -1.947942502722566083, 1.820038004349967098, 0.8110973381990249642 ) ) ;
#3021 = CARTESIAN_POINT ( 'NONE',  ( -1.933128639347975186, 1.449999999999999956, 1.485565012744130664 ) ) ;
#3022 = CARTESIAN_POINT ( 'NONE',  ( 1.919137802864846920, 2.049999999999999822, -0.8800000000000000044 ) ) ;
#3023 = DIRECTION ( 'NONE',  ( -1.000000000000000000, 0.000000000000000000, 0.000000000000000000 ) ) ;
#3024 = DIRECTION ( 'NONE',  ( 0.7071067811865475727, 0.000000000000000000, -0.7071067811865474617 ) ) ;
#3025 = ADVANCED_FACE ( 'NONE', ( #1063 ), #6014, .F. ) ;
#3026 = EDGE_CURVE ( 'NONE', #7685, #8065, #7091, .T. ) ;
#3027 = EDGE_CURVE ( 'NONE', #9342, #947, #6277, .T. ) ;
#3028 = EDGE_LOOP ( 'NONE', ( #9775, #7018, #2660, #8319 ) ) ;
#3029 = EDGE_LOOP ( 'NONE', ( #2532, #3138, #3141, #6235 ) ) ;
#3030 = VECTOR ( 'NONE', #3663, 1000.000000000000000 ) ;
#3031 = DIRECTION ( 'NONE',  ( -0.7071067811865501263, 2.168404344971007290E-15, -0.7071067811865447972 ) ) ;
#3032 = ORIENTED_EDGE ( 'NONE', *, *, #8113, .F. ) ;
#3033 = DIRECTION ( 'NONE',  ( 0.000000000000000000, 0.000000000000000000, -1.000000000000000000 ) ) ;
#3034 = ORIENTED_EDGE ( 'NONE', *, *, #10548, .F. ) ;
#3035 = EDGE_CURVE ( 'NONE', #9872, #5078, #7981, .T. ) ;
#3036 = DIRECTION ( 'NONE',  ( -0.000000000000000000, 0.000000000000000000, 1.000000000000000000 ) ) ;
#3037 = STYLED_ITEM ( 'NONE', ( #1860 ), #2108 ) ;
#3038 = DIRECTION ( 'NONE',  ( 0.7071067811865501263, 2.168404344971007290E-15, 0.7071067811865447972 ) ) ;
#3039 = COLOUR_RGB ( '',0.8431372549019607865, 0.8156862745098039102, 0.7529411764705882248 ) ;
#3040 = MECHANICAL_DESIGN_GEOMETRIC_PRESENTATION_REPRESENTATION (  '', ( #7358 ), #5467 ) ;
#3042 = EDGE_LOOP ( 'NONE', ( #1515, #9271, #7100 ) ) ;
#3041 = CIRCLE ( 'NONE', #9060, 0.1000000000000000472 ) ;
#3043 = CARTESIAN_POINT ( 'NONE',  ( 1.840142853498730302, 1.449999999999999956, -0.8892893218813450185 ) ) ;
#3044 = EDGE_CURVE ( 'NONE', #8864, #10130, #1273, .T. ) ;
#3045 = EDGE_LOOP ( 'NONE', ( #392, #1037, #7125 ) ) ;
#3046 = DIRECTION ( 'NONE',  ( -0.7071067811865464625, -0.000000000000000000, 0.7071067811865487940 ) ) ;
#3047 = CARTESIAN_POINT ( 'NONE',  ( 1.961421356237310176, 1.449999999999999734, 1.460975464705581484 ) ) ;
#3048 = DIRECTION ( 'NONE',  ( -0.7071067811865464625, 0.000000000000000000, 0.7071067811865487940 ) ) ;
#3049 = AXIS2_PLACEMENT_3D ( 'NONE', #7773, #1971, #7723 ) ;
#3050 = SURFACE_SIDE_STYLE ('',( #7915 ) ) ;
#3051 = FACE_OUTER_BOUND ( 'NONE', #6836, .T. ) ;
#3052 = CIRCLE ( 'NONE', #1014, 0.09999999999999982514 ) ;
#3053 = ORIENTED_EDGE ( 'NONE', *, *, #5359, .T. ) ;
#3054 = CARTESIAN_POINT ( 'NONE',  ( -2.100000000000000089, 1.399999999999999467, 1.500000000000000000 ) ) ;
#3055 = SURFACE_STYLE_USAGE ( .BOTH. , #8922 ) ;
#3056 = EDGE_CURVE ( 'NONE', #6076, #8814, #8573, .T. ) ;
#3057 = ORIENTED_EDGE ( 'NONE', *, *, #5741, .T. ) ;
#3058 = CYLINDRICAL_SURFACE ( 'NONE', #2326, 0.09999999999999983902 ) ;
#3059 = LINE ( 'NONE', #769, #7229 ) ;
#3060 = ORIENTED_EDGE ( 'NONE', *, *, #7720, .T. ) ;
#3061 = CARTESIAN_POINT ( 'NONE',  ( 1.919057536156685728, 1.826354171651158431, 1.312330037477088318 ) ) ;
#3062 = CARTESIAN_POINT ( 'NONE',  ( 1.210883117545685783, 1.649999999999999911, 1.376122650963194527 ) ) ;
#3063 = DIRECTION ( 'NONE',  ( 0.000000000000000000, 0.000000000000000000, -1.000000000000000000 ) ) ;
#3064 = DIRECTION ( 'NONE',  ( 0.000000000000000000, 0.000000000000000000, -1.000000000000000000 ) ) ;
#3065 = VECTOR ( 'NONE', #3926, 1000.000000000000000 ) ;
#3066 = CARTESIAN_POINT ( 'NONE',  ( -2.100000000000000089, 1.449999999999999956, -1.500000000000000000 ) ) ;
#3067 = COLOUR_RGB ( '',0.8431372549019607865, 0.8156862745098039102, 0.7529411764705882248 ) ;
#3068 = EDGE_CURVE ( 'NONE', #637, #3962, #2873, .T. ) ;
#3069 = VECTOR ( 'NONE', #6428, 1000.000000000000000 ) ;
#3070 = PRESENTATION_LAYER_ASSIGNMENT (  '', '', ( #2229 ) ) ;
#3071 = FILL_AREA_STYLE_COLOUR ( '', #7029 ) ;
#3072 = ORIENTED_EDGE ( 'NONE', *, *, #152, .T. ) ;
#3073 = CARTESIAN_POINT ( 'NONE',  ( 1.479999999999999982, 2.049999999999999822, 1.419554108468271902 ) ) ;
#3074 = CARTESIAN_POINT ( 'NONE',  ( -1.947942502722565861, 1.820427584973231872, 0.7697627741596239082 ) ) ;
#3075 = CARTESIAN_POINT ( 'NONE',  ( 1.761347234272320650, 1.849995558710894716, -1.418611644624958146 ) ) ;
#3076 = CARTESIAN_POINT ( 'NONE',  ( -1.988436006080640084, 1.464166666666514960, -1.428284318757787386 ) ) ;
#3077 = EDGE_CURVE ( 'NONE', #3413, #7050, #7032, .T. ) ;
#3078 = ADVANCED_FACE ( 'NONE', ( #5303 ), #6234, .F. ) ;
#3079 = CARTESIAN_POINT ( 'NONE',  ( 2.020000000000000018, 1.591421356237309626, 0.9214213562373093636 ) ) ;
#3080 = CARTESIAN_POINT ( 'NONE',  ( -1.354314575050763469, 2.049999999999999822, 1.519554108468272213 ) ) ;
#3081 = ADVANCED_FACE ( 'NONE', ( #3016 ), #2230, .F. ) ;
#3082 = ORIENTED_EDGE ( 'NONE', *, *, #1765, .T. ) ;
#3083 = VERTEX_POINT ( 'NONE', #6329 ) ;
#3084 =( GEOMETRIC_REPRESENTATION_CONTEXT ( 3 ) GLOBAL_UNCERTAINTY_ASSIGNED_CONTEXT ( ( #2477 ) ) GLOBAL_UNIT_ASSIGNED_CONTEXT ( ( #7983, #1243, #4451 ) ) REPRESENTATION_CONTEXT ( 'NONE', 'WORKASPACE' ) );
#3085 = CYLINDRICAL_SURFACE ( 'NONE', #3932, 0.09999999999999982514 ) ;
#3086 = ORIENTED_EDGE ( 'NONE', *, *, #7509, .T. ) ;
#3087 = FACE_OUTER_BOUND ( 'NONE', #9058, .T. ) ;
#3088 = VERTEX_POINT ( 'NONE', #9486 ) ;
#3089 = CARTESIAN_POINT ( 'NONE',  ( -1.354314575050763025, 1.749999999999999778, 1.419554108468271902 ) ) ;
#3090 = LINE ( 'NONE', #1345, #940 ) ;
#3091 = EDGE_CURVE ( 'NONE', #2343, #6941, #7583, .T. ) ;
#3092 = COLOUR_RGB ( '',1.000000000000000000, 1.000000000000000000, 1.000000000000000000 ) ;
#3093 = EDGE_CURVE ( 'NONE', #4769, #9495, #7396, .T. ) ;
#3094 = VERTEX_POINT ( 'NONE', #5721 ) ;
#3095 = FACE_OUTER_BOUND ( 'NONE', #3286, .T. ) ;
#3096 = ORIENTED_EDGE ( 'NONE', *, *, #3619, .F. ) ;
#3097 = SURFACE_STYLE_FILL_AREA ( #555 ) ;
#3098 = CARTESIAN_POINT ( 'NONE',  ( 1.846839578305846441, 1.537526402268321490, -0.8114972960866302376 ) ) ;
#3099 = LINE ( 'NONE', #6417, #1066 ) ;
#3100 = MECHANICAL_DESIGN_GEOMETRIC_PRESENTATION_REPRESENTATION (  '', ( #1751 ), #4310 ) ;
#3101 = DIRECTION ( 'NONE',  ( 0.000000000000000000, -1.000000000000000000, 0.000000000000000000 ) ) ;
#3102 = CARTESIAN_POINT ( 'NONE',  ( 1.919057536156685284, 1.591423957884232632, 0.7538731248081388392 ) ) ;
#3103 = DIRECTION ( 'NONE',  ( 0.000000000000000000, 0.000000000000000000, -1.000000000000000000 ) ) ;
#3104 = EDGE_CURVE ( 'NONE', #1148, #9609, #6681, .T. ) ;
#3105 = CARTESIAN_POINT ( 'NONE',  ( -1.978578643762690881, 1.549999999999999822, 0.8799999999999998934 ) ) ;
#3106 = SURFACE_STYLE_FILL_AREA ( #5654 ) ;
#3107 = ORIENTED_EDGE ( 'NONE', *, *, #3438, .T. ) ;
#3108 = DIRECTION ( 'NONE',  ( -1.000000000000000000, 0.000000000000000000, 0.000000000000000000 ) ) ;
#3109 = LINE ( 'NONE', #10542, #5674 ) ;
#3110 = ORIENTED_EDGE ( 'NONE', *, *, #5270, .T. ) ;
#3111 =( NAMED_UNIT ( * ) SI_UNIT ( $, .STERADIAN. ) SOLID_ANGLE_UNIT ( ) );
#3112 = FACE_OUTER_BOUND ( 'NONE', #1457, .T. ) ;
#3113 = CARTESIAN_POINT ( 'NONE',  ( 1.975604176770530573, 1.477260098308209368, -1.435869690629616890 ) ) ;
#3114 = LINE ( 'NONE', #8715, #3147 ) ;
#3115 = LINE ( 'NONE', #9648, #9393 ) ;
#3116 = CARTESIAN_POINT ( 'NONE',  ( -1.840142853498730302, 1.550000000000000266, -0.8892893218813450185 ) ) ;
#3117 = CARTESIAN_POINT ( 'NONE',  ( -1.961362347008591911, 1.449999999583023502, 1.461034455157655509 ) ) ;
#3118 = DIRECTION ( 'NONE',  ( 0.000000000000000000, 0.000000000000000000, -1.000000000000000000 ) ) ;
#3119 = DIRECTION ( 'NONE',  ( 0.000000000000000000, 0.000000000000000000, -1.000000000000000000 ) ) ;
#3120 = FACE_OUTER_BOUND ( 'NONE', #6291, .T. ) ;
#3121 = ORIENTED_EDGE ( 'NONE', *, *, #4514, .T. ) ;
#3122 =( NAMED_UNIT ( * ) SI_UNIT ( $, .STERADIAN. ) SOLID_ANGLE_UNIT ( ) );
#3123 = CARTESIAN_POINT ( 'NONE',  ( 2.100000000000000089, 0.1699999988211047808, 0.7949999999999999289 ) ) ;
#3124 = DIRECTION ( 'NONE',  ( 0.000000000000000000, -1.000000000000000000, 0.000000000000000000 ) ) ;
#3125 = CARTESIAN_POINT ( 'NONE',  ( 1.240172439427031037, 1.649999999999988365, 1.305411972844539470 ) ) ;
#3126 = LINE ( 'NONE', #8047, #3862 ) ;
#3127 = VECTOR ( 'NONE', #8526, 1000.000000000000000 ) ;
#3128 = LINE ( 'NONE', #9659, #1513 ) ;
#3129 = CARTESIAN_POINT ( 'NONE',  ( -2.020000000000000906, 1.809017335549510719, 0.8192971287692544236 ) ) ;
#3130 = CARTESIAN_POINT ( 'NONE',  ( 1.252810866969983339, 1.749999999999999556, 1.476674426722931477 ) ) ;
#3131 = ORIENTED_EDGE ( 'NONE', *, *, #6960, .T. ) ;
#3132 = VERTEX_POINT ( 'NONE', #2279 ) ;
#3133 = DIRECTION ( 'NONE',  ( -0.7071067811865464625, 0.000000000000000000, 0.7071067811865487940 ) ) ;
#3134 = ORIENTED_EDGE ( 'NONE', *, *, #1540, .T. ) ;
#3135 = CARTESIAN_POINT ( 'NONE',  ( -1.904864354683633021, 1.524734676614828199, -1.487586741505586119 ) ) ;
#3136 = ORIENTED_EDGE ( 'NONE', *, *, #1948, .T. ) ;
#3137 = CARTESIAN_POINT ( 'NONE',  ( -1.920000000000000373, 1.849999999999999867, -0.8538686835190338886 ) ) ;
#3138 = ORIENTED_EDGE ( 'NONE', *, *, #4297, .F. ) ;
#3139 = EDGE_LOOP ( 'NONE', ( #4807, #2676, #7625, #7647 ) ) ;
#3140 = EDGE_LOOP ( 'NONE', ( #6963, #7582, #8260, #4021, #10578, #7169 ) ) ;
#3141 = ORIENTED_EDGE ( 'NONE', *, *, #5903, .F. ) ;
#3142 = SURFACE_SIDE_STYLE ('',( #7265 ) ) ;
#3143 = CARTESIAN_POINT ( 'NONE',  ( 1.805194582267281467, 1.608663600091573054, -0.7403961109355764458 ) ) ;
#3144 = EDGE_CURVE ( 'NONE', #645, #6892, #9652, .T. ) ;
#3145 = CARTESIAN_POINT ( 'NONE',  ( -1.947942502722566083, 1.579961995650032813, -0.8110973381990250752 ) ) ;
#3146 = CARTESIAN_POINT ( 'NONE',  ( 2.100000000000000089, 1.449999999999999956, -0.8600000000000000977 ) ) ;
#3147 = VECTOR ( 'NONE', #2321, 1000.000000000000000 ) ;
#3148 = CARTESIAN_POINT ( 'NONE',  ( -1.360000000000000098, 1.550000000000000266, -1.600000000000000089 ) ) ;
#3149 = DIRECTION ( 'NONE',  ( -0.7071067811865489050, 0.000000000000000000, 0.7071067811865460184 ) ) ;
#3150 = AXIS2_PLACEMENT_3D ( 'NONE', #7769, #413, #6321 ) ;
#3151 = CARTESIAN_POINT ( 'NONE',  ( 1.848427124746192307, 2.049999999999999822, -0.9092893218813448142 ) ) ;
#3152 = EDGE_LOOP ( 'NONE', ( #9283, #3385, #1951, #8365, #4552, #2904 ) ) ;
#3153 = CARTESIAN_POINT ( 'NONE',  ( 2.109781476726269478, 0.1779208829390094837, 1.355000000000000204 ) ) ;
#3154 = ADVANCED_FACE ( 'NONE', ( #6542 ), #1477, .F. ) ;
#3155 = EDGE_CURVE ( 'NONE', #2901, #4561, #2696, .T. ) ;
#3156 = EDGE_CURVE ( 'NONE', #8838, #746, #4255, .T. ) ;
#3157 = DIRECTION ( 'NONE',  ( 9.866381877431726115E-16, 0.000000000000000000, -1.000000000000000000 ) ) ;
#3158 = LINE ( 'NONE', #4143, #7934 ) ;
#3159 = CARTESIAN_POINT ( 'NONE',  ( 2.049999999999999822, 1.449999999999999956, 1.586602540378444282 ) ) ;
#3160 =( NAMED_UNIT ( * ) SI_UNIT ( $, .STERADIAN. ) SOLID_ANGLE_UNIT ( ) );
#3161 = DIRECTION ( 'NONE',  ( 0.000000000000000000, -1.000000000000000000, 0.000000000000000000 ) ) ;
#3162 = AXIS2_PLACEMENT_3D ( 'NONE', #10066, #981, #4470 ) ;
#3163 = DIRECTION ( 'NONE',  ( 0.000000000000000000, -0.000000000000000000, 1.000000000000000000 ) ) ;
#3164 = SURFACE_STYLE_USAGE ( .BOTH. , #10553 ) ;
#3165 = CARTESIAN_POINT ( 'NONE',  ( -1.961362346857312700, 1.449999999999992184, -1.461034454975369101 ) ) ;
#3166 = MECHANICAL_DESIGN_GEOMETRIC_PRESENTATION_REPRESENTATION (  '', ( #5766 ), #4390 ) ;
#3167 = ORIENTED_EDGE ( 'NONE', *, *, #9884, .F. ) ;
#3168 = CARTESIAN_POINT ( 'NONE',  ( 1.888614069061014034, 1.465648472318086926, -1.510108403874999006 ) ) ;
#3169 = CARTESIAN_POINT ( 'NONE',  ( 1.988032633253842052, 1.777260257245602659, -1.303233017659358284 ) ) ;
#3170 = DIRECTION ( 'NONE',  ( -0.3447561378323560355, -0.7001135404623790581, 0.6252873226670683238 ) ) ;
#3171 = FILL_AREA_STYLE_COLOUR ( '', #6326 ) ;
#3172 = DIRECTION ( 'NONE',  ( -0.000000000000000000, 0.000000000000000000, -1.000000000000000000 ) ) ;
#3173 = VECTOR ( 'NONE', #6756, 1000.000000000000000 ) ;
#3174 = CIRCLE ( 'NONE', #7330, 0.1000000000000001443 ) ;
#3175 = CARTESIAN_POINT ( 'NONE',  ( 1.920000000000000373, 1.550000000000000266, 0.8799999999999998934 ) ) ;
#3176 = DIRECTION ( 'NONE',  ( 0.000000000000000000, 0.000000000000000000, -1.000000000000000000 ) ) ;
#3177 =( NAMED_UNIT ( * ) PLANE_ANGLE_UNIT ( ) SI_UNIT ( $, .RADIAN. ) );
#3178 = CARTESIAN_POINT ( 'NONE',  ( 1.210883117545685561, 1.750000000000000222, 1.376122650963194971 ) ) ;
#3179 = EDGE_CURVE ( 'NONE', #4129, #5074, #832, .T. ) ;
#3180 = ORIENTED_EDGE ( 'NONE', *, *, #6386, .T. ) ;
#3181 = EDGE_CURVE ( 'NONE', #1568, #10029, #8235, .T. ) ;
#3182 = EDGE_LOOP ( 'NONE', ( #10235, #1989, #8117, #1867 ) ) ;
#3183 = ORIENTED_EDGE ( 'NONE', *, *, #9833, .T. ) ;
#3184 = PRESENTATION_LAYER_ASSIGNMENT (  '', '', ( #123 ) ) ;
#3185 = CARTESIAN_POINT ( 'NONE',  ( -1.921608451931494654, 1.493727452132818101, -1.483267048186025727 ) ) ;
#3186 = ORIENTED_EDGE ( 'NONE', *, *, #9492, .F. ) ;
#3187 = LINE ( 'NONE', #7302, #183 ) ;
#3188 = VECTOR ( 'NONE', #868, 1000.000000000000000 ) ;
#3189 = VECTOR ( 'NONE', #3268, 1000.000000000000000 ) ;
#3190 = ORIENTED_EDGE ( 'NONE', *, *, #5359, .F. ) ;
#3191 = EDGE_LOOP ( 'NONE', ( #9487, #8894, #7264, #2451 ) ) ;
#3192 = ADVANCED_FACE ( 'NONE', ( #2329 ), #2479, .T. ) ;
#3193 = VERTEX_POINT ( 'NONE', #778 ) ;
#3194 = ORIENTED_EDGE ( 'NONE', *, *, #8359, .T. ) ;
#3195 = CYLINDRICAL_SURFACE ( 'NONE', #8357, 0.1000000000000000472 ) ;
#3196 = CARTESIAN_POINT ( 'NONE',  ( 2.020000000000000462, 1.497472741345100777, 1.353218896075736533 ) ) ;
#3197 = CARTESIAN_POINT ( 'NONE',  ( 1.876568542494923664, 1.749999999999999778, 0.8104372260139569573 ) ) ;
#3198 = CARTESIAN_POINT ( 'NONE',  ( -1.846839578305846441, 1.537526402268321934, -0.8114972960866299045 ) ) ;
#3199 = FACE_OUTER_BOUND ( 'NONE', #9396, .T. ) ;
#3200 = ADVANCED_FACE ( 'NONE', ( #3120, #6439 ), #9699, .F. ) ;
#3201 = VECTOR ( 'NONE', #3504, 1000.000000000000000 ) ;
#3202 = EDGE_CURVE ( 'NONE', #7300, #10145, #4805, .T. ) ;
#3203 = CARTESIAN_POINT ( 'NONE',  ( 0.3999999999999998557, 2.400000000000000355, -1.100000000000000089 ) ) ;
#3204 = ORIENTED_EDGE ( 'NONE', *, *, #6089, .F. ) ;
#3205 = PRESENTATION_STYLE_ASSIGNMENT (( #7935 ) ) ;
#3206 =( GEOMETRIC_REPRESENTATION_CONTEXT ( 3 ) GLOBAL_UNCERTAINTY_ASSIGNED_CONTEXT ( ( #9319 ) ) GLOBAL_UNIT_ASSIGNED_CONTEXT ( ( #10557, #9815, #896 ) ) REPRESENTATION_CONTEXT ( 'NONE', 'WORKASPACE' ) );
#3207 = EDGE_CURVE ( 'NONE', #455, #9139, #1962, .T. ) ;
#3208 = VECTOR ( 'NONE', #1320, 1000.000000000000000 ) ;
#3209 = CYLINDRICAL_SURFACE ( 'NONE', #6228, 0.2000000000000005107 ) ;
#3210 = CARTESIAN_POINT ( 'NONE',  ( -2.020000000000000462, 1.795064199120776971, 1.280722272325592659 ) ) ;
#3211 = CARTESIAN_POINT ( 'NONE',  ( -1.380000000000000115, 1.449999999999999956, 1.419137802864844922 ) ) ;
#3212 = CARTESIAN_POINT ( 'NONE',  ( -1.283271467065781435, 1.820373552379055404, 1.418890833723894573 ) ) ;
#3213 = CARTESIAN_POINT ( 'NONE',  ( -1.210883117545685783, 1.749999999999999778, 1.376122650963194527 ) ) ;
#3214 = CARTESIAN_POINT ( 'NONE',  ( 0.4000000000000000222, 1.449999999999999956, 0.000000000000000000 ) ) ;
#3215 = VECTOR ( 'NONE', #5677, 1000.000000000000000 ) ;
#3216 = CARTESIAN_POINT ( 'NONE',  ( -1.966372846565301868, 1.458843412017269303, 1.452480473634054636 ) ) ;
#3217 = EDGE_CURVE ( 'NONE', #934, #7919, #10104, .T. ) ;
#3218 = AXIS2_PLACEMENT_3D ( 'NONE', #2607, #1123, #7626 ) ;
#3219 = FILL_AREA_STYLE_COLOUR ( '', #2496 ) ;
#3220 = DIRECTION ( 'NONE',  ( 0.000000000000000000, -1.000000000000000000, 0.000000000000000000 ) ) ;
#3221 = ADVANCED_FACE ( 'NONE', ( #933 ), #9138, .F. ) ;
#3222 = CARTESIAN_POINT ( 'NONE',  ( -1.961391846773589798, 1.449999999999999956, -1.461004955062114030 ) ) ;
#3223 = EDGE_LOOP ( 'NONE', ( #4176, #4284, #50, #5859 ) ) ;
#3224 = PRESENTATION_LAYER_ASSIGNMENT (  '', '', ( #9779 ) ) ;
#3225 = DIRECTION ( 'NONE',  ( 0.000000000000000000, 0.000000000000000000, 1.000000000000000000 ) ) ;
#3226 = DIRECTION ( 'NONE',  ( 0.7071067811865501263, 0.000000000000000000, 0.7071067811865447972 ) ) ;
#3227 = CARTESIAN_POINT ( 'NONE',  ( 1.990710678118655652, 1.749999999999999778, 0.7831580054003791647 ) ) ;
#3228 = CARTESIAN_POINT ( 'NONE',  ( -1.210883117545685561, 1.750000000000000222, -1.376122650963194971 ) ) ;
#3229 = MECHANICAL_DESIGN_GEOMETRIC_PRESENTATION_REPRESENTATION (  '', ( #7722 ), #10301 ) ;
#3230 = CARTESIAN_POINT ( 'NONE',  ( 1.735646275937245075, 1.749999999999999778, -1.419554108468272124 ) ) ;
#3231 = DIRECTION ( 'NONE',  ( 0.000000000000000000, 0.000000000000000000, -1.000000000000000000 ) ) ;
#3232 = ADVANCED_FACE ( 'NONE', ( #3548 ), #2583, .F. ) ;
#3233 =( GEOMETRIC_REPRESENTATION_CONTEXT ( 3 ) GLOBAL_UNCERTAINTY_ASSIGNED_CONTEXT ( ( #6119 ) ) GLOBAL_UNIT_ASSIGNED_CONTEXT ( ( #9161, #3627, #8527 ) ) REPRESENTATION_CONTEXT ( 'NONE', 'WORKASPACE' ) );
#3234 = AXIS2_PLACEMENT_3D ( 'NONE', #1318, #5514, #1422 ) ;
#3235 = CIRCLE ( 'NONE', #7741, 0.1000000000000000749 ) ;
#3236 = DIRECTION ( 'NONE',  ( 0.000000000000000000, 0.000000000000000000, -1.000000000000000000 ) ) ;
#3237 = CARTESIAN_POINT ( 'NONE',  ( -1.240172439427031259, 1.749999999999999778, 1.305411972844539470 ) ) ;
#3238 = FILL_AREA_STYLE ('',( #7348 ) ) ;
#3239 = CARTESIAN_POINT ( 'NONE',  ( 1.988032633253842940, 1.566741114999317785, 1.387586741722114159 ) ) ;
#3240 = ORIENTED_EDGE ( 'NONE', *, *, #3956, .T. ) ;
#3241 = VERTEX_POINT ( 'NONE', #5996 ) ;
#3242 = FACE_OUTER_BOUND ( 'NONE', #6463, .T. ) ;
#3243 = EDGE_LOOP ( 'NONE', ( #3818, #8155, #5689, #7564, #6783, #9871, #7781, #1232, #1781, #5870, #475, #6718 ) ) ;
#3244 = LINE ( 'NONE', #9056, #9678 ) ;
#3245 = VECTOR ( 'NONE', #9379, 1000.000000000000000 ) ;
#3246 = ORIENTED_EDGE ( 'NONE', *, *, #8873, .T. ) ;
#3247 = PLANE ( 'NONE',  #5672 ) ;
#3248 = MECHANICAL_DESIGN_GEOMETRIC_PRESENTATION_REPRESENTATION (  '', ( #3421 ), #10482 ) ;
#3249 = MECHANICAL_DESIGN_GEOMETRIC_PRESENTATION_REPRESENTATION (  '', ( #4478 ), #4989 ) ;
#3250 = ORIENTED_EDGE ( 'NONE', *, *, #9349, .T. ) ;
#3251 = VERTEX_POINT ( 'NONE', #3384 ) ;
#3252 = VERTEX_POINT ( 'NONE', #75 ) ;
#3253 = DIRECTION ( 'NONE',  ( 1.000000000000000000, 0.000000000000000000, -2.710505431213766015E-16 ) ) ;
#3254 = DIRECTION ( 'NONE',  ( -0.7071067811865456854, -0.000000000000000000, -0.7071067811865493491 ) ) ;
#3255 = CARTESIAN_POINT ( 'NONE',  ( 1.820000000000000062, 2.049999999999999822, 1.519554108468272435 ) ) ;
#3256 = LINE ( 'NONE', #9730, #7834 ) ;
#3257 = CARTESIAN_POINT ( 'NONE',  ( 1.978072250575702684, 1.549448224240262961, 0.7949668169996780831 ) ) ;
#3258 = CARTESIAN_POINT ( 'NONE',  ( 1.360000000000000098, 1.550000000000000266, -1.410853531617383139 ) ) ;
#3259 = VECTOR ( 'NONE', #3225, 1000.000000000000000 ) ;
#3260 = CARTESIAN_POINT ( 'NONE',  ( 1.990710678118655208, 1.749999999999999778, -0.7831580054003791647 ) ) ;
#3261 = ORIENTED_EDGE ( 'NONE', *, *, #6922, .F. ) ;
#3262 = FILL_AREA_STYLE_COLOUR ( '', #2658 ) ;
#3263 = CIRCLE ( 'NONE', #5185, 0.1000000000000000472 ) ;
#3264 = CARTESIAN_POINT ( 'NONE',  ( -1.354314575050763025, 1.749999999999999778, 1.419554108468272124 ) ) ;
#3265 = CARTESIAN_POINT ( 'NONE',  ( 1.910853531617384693, 1.550000000000000266, 0.8600000000000000977 ) ) ;
#3266 = CARTESIAN_POINT ( 'NONE',  ( 1.906297506684001775, 1.863099222843527691, 0.7451183755087182892 ) ) ;
#3267 = DIRECTION ( 'NONE',  ( -0.7071067811865441310, 0.000000000000000000, -0.7071067811865510144 ) ) ;
#3268 = DIRECTION ( 'NONE',  ( 1.000000000000000000, 0.000000000000000000, -4.928191693115927811E-16 ) ) ;
#3269 = CARTESIAN_POINT ( 'NONE',  ( -1.310883117545685872, 1.550000000000000266, -1.376122650963194749 ) ) ;
#3270 = CARTESIAN_POINT ( 'NONE',  ( -2.020000000000000462, 1.590982664450489636, 0.8538686835190346658 ) ) ;
#3271 = VECTOR ( 'NONE', #7368, 1000.000000000000000 ) ;
#3272 = CYLINDRICAL_SURFACE ( 'NONE', #3741, 0.09999999999999985290 ) ;
#3273 = DIRECTION ( 'NONE',  ( 0.7071067811865501263, 0.000000000000000000, -0.7071067811865447972 ) ) ;
#3274 = VERTEX_POINT ( 'NONE', #1847 ) ;
#3275 = CARTESIAN_POINT ( 'NONE',  ( -2.020000000000000462, 1.749999999999999778, -1.235200384405516161 ) ) ;
#3276 = DIRECTION ( 'NONE',  ( -0.7071067811865496822, -4.336808689942024836E-15, -0.7071067811865453523 ) ) ;
#3277 = ADVANCED_FACE ( 'NONE', ( #1100 ), #6868, .T. ) ;
#3278 = SURFACE_STYLE_FILL_AREA ( #4972 ) ;
#3279 = CARTESIAN_POINT ( 'NONE',  ( 1.970386938242996377, 1.454427687308505135, 1.450235923475676758 ) ) ;
#3280 = CARTESIAN_POINT ( 'NONE',  ( 1.936315674237726991, 1.477260257245611719, -1.475158129477182722 ) ) ;
#3281 = CARTESIAN_POINT ( 'NONE',  ( -1.990710678118655652, 1.649999999999999911, 0.7831580054003790536 ) ) ;
#3282 = DIRECTION ( 'NONE',  ( -0.000000000000000000, 1.000000000000000000, -0.000000000000000000 ) ) ;
#3283 = ORIENTED_EDGE ( 'NONE', *, *, #199, .T. ) ;
#3284 = DIRECTION ( 'NONE',  ( -0.000000000000000000, -1.000000000000000000, -0.000000000000000000 ) ) ;
#3285 = CARTESIAN_POINT ( 'NONE',  ( 1.846839578305846219, 1.583618131211381952, 0.6979586327827720371 ) ) ;
#3286 = EDGE_LOOP ( 'NONE', ( #8521, #4721, #6971, #6020 ) ) ;
#3287 = ORIENTED_EDGE ( 'NONE', *, *, #8808, .T. ) ;
#3288 = CARTESIAN_POINT ( 'NONE',  ( 1.853664787607363085, 1.497472741345223790, -1.519554108468272657 ) ) ;
#3289 = ORIENTED_EDGE ( 'NONE', *, *, #10227, .F. ) ;
#3290 = CARTESIAN_POINT ( 'NONE',  ( 1.582866740853977827, 2.131287453943200738, -1.419554108468271902 ) ) ;
#3291 = EDGE_CURVE ( 'NONE', #1494, #9991, #5814, .T. ) ;
#3292 = EDGE_CURVE ( 'NONE', #7362, #423, #192, .T. ) ;
#3293 = EDGE_LOOP ( 'NONE', ( #1276, #4583, #7298, #4771 ) ) ;
#3294 = DIRECTION ( 'NONE',  ( -9.866381877431726115E-16, 0.000000000000000000, 1.000000000000000000 ) ) ;
#3295 = ORIENTED_EDGE ( 'NONE', *, *, #4777, .T. ) ;
#3296 = VERTEX_POINT ( 'NONE', #2531 ) ;
#3297 = ORIENTED_EDGE ( 'NONE', *, *, #6473, .T. ) ;
#3298 = CARTESIAN_POINT ( 'NONE',  ( 1.310883117545685872, 1.849999999999999867, -1.376122650963194305 ) ) ;
#3299 = VECTOR ( 'NONE', #4616, 1000.000000000000000 ) ;
#3300 = CARTESIAN_POINT ( 'NONE',  ( 1.399999999999999911, 0.07000000000000000666, -1.449999999999999956 ) ) ;
#3301 = DIRECTION ( 'NONE',  ( 0.000000000000000000, -0.000000000000000000, -1.000000000000000000 ) ) ;
#3302 = ORIENTED_EDGE ( 'NONE', *, *, #6552, .T. ) ;
#3303 = CARTESIAN_POINT ( 'NONE',  ( -2.100000000000000089, 1.550000000000000266, -0.8599999999999999867 ) ) ;
#3304 = DIRECTION ( 'NONE',  ( -9.866381877431726115E-16, -0.000000000000000000, -1.000000000000000000 ) ) ;
#3305 = FILL_AREA_STYLE_COLOUR ( '', #10089 ) ;
#3306 = DIRECTION ( 'NONE',  ( 1.000000000000000000, -0.000000000000000000, -4.928191693115927811E-16 ) ) ;
#3307 = ORIENTED_EDGE ( 'NONE', *, *, #2908, .F. ) ;
#3308 = CARTESIAN_POINT ( 'NONE',  ( -1.906297506684001553, 1.749999999999999778, -0.6979586327827718151 ) ) ;
#3309 = EDGE_CURVE ( 'NONE', #481, #8368, #1181, .T. ) ;
#3310 = PRESENTATION_STYLE_ASSIGNMENT (( #7643 ) ) ;
#3311 = SURFACE_SIDE_STYLE ('',( #1992 ) ) ;
#3312 = DIRECTION ( 'NONE',  ( -1.000000000000000000, -0.000000000000000000, -0.000000000000000000 ) ) ;
#3313 = FILL_AREA_STYLE_COLOUR ( '', #3039 ) ;
#3314 = CARTESIAN_POINT ( 'NONE',  ( -1.920000000000000373, 1.979372890325909351, 1.143292079575958242 ) ) ;
#3315 = CARTESIAN_POINT ( 'NONE',  ( -1.500000000000000222, 0.07000000000000000666, -0.6500000000000007994 ) ) ;
#3316 = AXIS2_PLACEMENT_3D ( 'NONE', #7558, #3170, #783 ) ;
#3317 = UNCERTAINTY_MEASURE_WITH_UNIT (LENGTH_MEASURE( 1.000000000000000082E-05 ), #5939, 'distance_accuracy_value', 'NONE');
#3318 = CARTESIAN_POINT ( 'NONE',  ( -2.020000000000000018, 1.449999999999999956, 0.8800000000000000044 ) ) ;
#3319 =( NAMED_UNIT ( * ) PLANE_ANGLE_UNIT ( ) SI_UNIT ( $, .RADIAN. ) );
#3320 = DIRECTION ( 'NONE',  ( 0.000000000000000000, -1.000000000000000000, 0.000000000000000000 ) ) ;
#3321 = VECTOR ( 'NONE', #2698, 1000.000000000000000 ) ;
#3322 = ORIENTED_EDGE ( 'NONE', *, *, #5135, .T. ) ;
#3323 = CYLINDRICAL_SURFACE ( 'NONE', #9456, 0.09999999999999985290 ) ;
#3324 = PRESENTATION_STYLE_ASSIGNMENT (( #3450 ) ) ;
#3325 = CARTESIAN_POINT ( 'NONE',  ( 2.049999999999999822, 1.449999999999999956, 0.8600000000000000977 ) ) ;
#3326 = VECTOR ( 'NONE', #1370, 1000.000000000000227 ) ;
#3327 = CARTESIAN_POINT ( 'NONE',  ( -1.805857864376268385, 1.649999999999999911, 0.7397265478953024553 ) ) ;
#3328 = CARTESIAN_POINT ( 'NONE',  ( 1.310883117545685650, 1.649999999999999911, 1.376122650963194527 ) ) ;
#3329 = CARTESIAN_POINT ( 'NONE',  ( 1.876568542494923664, 1.749999999999999778, 0.8104372260139570683 ) ) ;
#3330 = EDGE_CURVE ( 'NONE', #8726, #8481, #3447, .T. ) ;
#3331 = VECTOR ( 'NONE', #1403, 1000.000000000000000 ) ;
#3332 = ADVANCED_FACE ( 'NONE', ( #9967 ), #5060, .T. ) ;
#3333 = PLANE ( 'NONE',  #1872 ) ;
#3334 = ORIENTED_EDGE ( 'NONE', *, *, #104, .F. ) ;
#3335 = DIRECTION ( 'NONE',  ( 0.000000000000000000, -1.000000000000000000, 0.000000000000000000 ) ) ;
#3336 = ORIENTED_EDGE ( 'NONE', *, *, #2862, .F. ) ;
#3337 = ORIENTED_EDGE ( 'NONE', *, *, #7648, .T. ) ;
#3338 = CYLINDRICAL_SURFACE ( 'NONE', #4798, 0.09999999999999997780 ) ;
#3339 = ORIENTED_EDGE ( 'NONE', *, *, #5739, .T. ) ;
#3340 = CARTESIAN_POINT ( 'NONE',  ( 1.947942502722565861, 1.791336399908425969, -0.7403961109355766679 ) ) ;
#3341 = ADVANCED_FACE ( 'NONE', ( #8400 ), #10179, .T. ) ;
#3342 = ORIENTED_EDGE ( 'NONE', *, *, #6888, .F. ) ;
#3343 = FACE_OUTER_BOUND ( 'NONE', #2098, .T. ) ;
#3344 = CIRCLE ( 'NONE', #9368, 0.09999999999999985290 ) ;
#3345 =( BOUNDED_SURFACE ( )  B_SPLINE_SURFACE ( 3, 3, ( 
 ( #6799, #8236, #7641, #882 ),
 ( #3308, #6628, #3369, #8492 ),
 ( #3596, #3811, #2735, #1140 ),
 ( #3701, #1203, #9511, #1252 ) ),
 .UNSPECIFIED., .F., .F., .F. ) 
 B_SPLINE_SURFACE_WITH_KNOTS ( ( 4, 4 ),
 ( 4, 4 ),
 ( 0.000000000000000000, 1.000000000000000000 ),
 ( 0.000000000000000000, 1.000000000000000000 ),
 .UNSPECIFIED. ) 
 GEOMETRIC_REPRESENTATION_ITEM ( )  RATIONAL_B_SPLINE_SURFACE ( (
 ( 1.000000000000000000, 0.8025111867385934517, 0.8025111867385934517, 1.000000000000000000),
 ( 0.8002741005225355586, 0.6422289181265004032, 0.6422289181265004032, 0.8002741005225355586),
 ( 0.8002741005225355586, 0.6422289181265004032, 0.6422289181265004032, 0.8002741005225355586),
 ( 1.000000000000000000, 0.8025111867385934517, 0.8025111867385934517, 1.000000000000000000) ) ) 
 REPRESENTATION_ITEM ( '' )  SURFACE ( )  );
#3346 = PRESENTATION_LAYER_ASSIGNMENT (  '', '', ( #1326 ) ) ;
#3347 = EDGE_CURVE ( 'NONE', #3444, #7524, #2216, .T. ) ;
#3348 = ADVANCED_FACE ( 'NONE', ( #10233, #4535 ), #2073, .F. ) ;
#3349 = ORIENTED_EDGE ( 'NONE', *, *, #4499, .T. ) ;
#3350 = DIRECTION ( 'NONE',  ( 0.000000000000000000, 0.000000000000000000, -1.000000000000000000 ) ) ;
#3351 = CIRCLE ( 'NONE', #9734, 0.1000000000000000472 ) ;
#3352 = ORIENTED_EDGE ( 'NONE', *, *, #6153, .T. ) ;
#3353 = ORIENTED_EDGE ( 'NONE', *, *, #2765, .T. ) ;
#3354 = EDGE_CURVE ( 'NONE', #2709, #4883, #7765, .T. ) ;
#3355 = DIRECTION ( 'NONE',  ( 1.602269220421927623E-16, -0.000000000000000000, 1.000000000000000000 ) ) ;
#3356 = FILL_AREA_STYLE ('',( #3963 ) ) ;
#3357 = DIRECTION ( 'NONE',  ( 0.000000000000000000, -0.9282544343432640455, -0.3719458362746743130 ) ) ;
#3358 = ORIENTED_EDGE ( 'NONE', *, *, #3409, .F. ) ;
#3359 = CARTESIAN_POINT ( 'NONE',  ( -1.983712939717728885, 1.493727452132623812, 1.421162560399869212 ) ) ;
#3360 = DIRECTION ( 'NONE',  ( 0.000000000000000000, 1.000000000000000000, 0.000000000000000000 ) ) ;
#3361 = VECTOR ( 'NONE', #7909, 1000.000000000000000 ) ;
#3362 = DIRECTION ( 'NONE',  ( 0.000000000000000000, -1.000000000000000000, 0.000000000000000000 ) ) ;
#3363 = CARTESIAN_POINT ( 'NONE',  ( -1.360000000000000098, 1.550000000000000266, -1.600000000000000089 ) ) ;
#3364 = EDGE_CURVE ( 'NONE', #144, #1327, #9266, .T. ) ;
#3365 = DIRECTION ( 'NONE',  ( 0.000000000000000000, 0.000000000000000000, -1.000000000000000000 ) ) ;
#3366 = ORIENTED_EDGE ( 'NONE', *, *, #8188, .T. ) ;
#3367 = ADVANCED_FACE ( 'NONE', ( #6106 ), #2953, .T. ) ;
#3368 = PLANE ( 'NONE',  #3694 ) ;
#3369 = CARTESIAN_POINT ( 'NONE',  ( -1.906297506684001775, 1.863099222843527691, -0.7451183755087182892 ) ) ;
#3370 = AXIS2_PLACEMENT_3D ( 'NONE', #3978, #1468, #9748 ) ;
#3371 = CARTESIAN_POINT ( 'NONE',  ( 1.360000000000000098, 1.550000000000000266, -1.600000000000000089 ) ) ;
#3372 = DIRECTION ( 'NONE',  ( 0.000000000000000000, 0.000000000000000000, -1.000000000000000000 ) ) ;
#3373 = LINE ( 'NONE', #4957, #7304 ) ;
#3374 = DIRECTION ( 'NONE',  ( -0.000000000000000000, 1.000000000000000000, -0.000000000000000000 ) ) ;
#3375 = FILL_AREA_STYLE_COLOUR ( '', #3533 ) ;
#3376 = VECTOR ( 'NONE', #4867, 1000.000000000000000 ) ;
#3377 = VECTOR ( 'NONE', #3284, 1000.000000000000000 ) ;
#3378 = CARTESIAN_POINT ( 'NONE',  ( 2.020000000000000462, 1.650000000000000133, -0.8538686835190338886 ) ) ;
#3379 = ADVANCED_FACE ( 'NONE', ( #3659 ), #5349, .F. ) ;
#3380 = VECTOR ( 'NONE', #1956, 1000.000000000000000 ) ;
#3381 = ORIENTED_EDGE ( 'NONE', *, *, #4891, .T. ) ;
#3382 = CARTESIAN_POINT ( 'NONE',  ( -0.3999999999999999667, 2.400000000000000355, 0.000000000000000000 ) ) ;
#3383 = PRESENTATION_LAYER_ASSIGNMENT (  '', '', ( #7358 ) ) ;
#3384 = CARTESIAN_POINT ( 'NONE',  ( 2.100000000000000089, 0.1699999988211047808, 1.355000000000000204 ) ) ;
#3385 = ORIENTED_EDGE ( 'NONE', *, *, #2389, .F. ) ;
#3386 = DIRECTION ( 'NONE',  ( 0.7071067811865475727, 0.000000000000000000, -0.7071067811865474617 ) ) ;
#3387 = CARTESIAN_POINT ( 'NONE',  ( 2.000000000000000888, 0.000000000000000000, -1.500000000000000000 ) ) ;
#3388 = CARTESIAN_POINT ( 'NONE',  ( -2.100000000000000089, 0.1699999985300154615, -0.5003071667619851670 ) ) ;
#3389 = DIRECTION ( 'NONE',  ( 0.000000000000000000, -1.000000000000000000, 0.000000000000000000 ) ) ;
#3390 = DIRECTION ( 'NONE',  ( -9.866381877431726115E-16, 0.000000000000000000, 1.000000000000000000 ) ) ;
#3391 = CARTESIAN_POINT ( 'NONE',  ( 1.479999999999999982, 1.550000000000000266, 1.419137802864844700 ) ) ;
#3392 = PRESENTATION_LAYER_ASSIGNMENT (  '', '', ( #7374 ) ) ;
#3393 = EDGE_CURVE ( 'NONE', #4221, #1568, #6529, .T. ) ;
#3394 = CARTESIAN_POINT ( 'NONE',  ( 1.820000000000000062, 1.849999999999999867, -1.319554108468271814 ) ) ;
#3395 = VECTOR ( 'NONE', #6493, 1000.000000000000000 ) ;
#3396 = PRESENTATION_LAYER_ASSIGNMENT (  '', '', ( #1202 ) ) ;
#3397 = ORIENTED_EDGE ( 'NONE', *, *, #4295, .T. ) ;
#3398 = DIRECTION ( 'NONE',  ( -0.9282544343432641565, -0.3719458362746743130, -1.301042606982603743E-14 ) ) ;
#3399 = CARTESIAN_POINT ( 'NONE',  ( -2.100000000000000089, 0.1699999985300154615, 0.7950000000000002620 ) ) ;
#3400 = EDGE_LOOP ( 'NONE', ( #3240, #1820, #9643, #1715 ) ) ;
#3401 = ORIENTED_EDGE ( 'NONE', *, *, #9621, .F. ) ;
#3402 = PRESENTATION_LAYER_ASSIGNMENT (  '', '', ( #7890 ) ) ;
#3403 = DIRECTION ( 'NONE',  ( 0.000000000000000000, 0.000000000000000000, -1.000000000000000000 ) ) ;
#3404 = ORIENTED_EDGE ( 'NONE', *, *, #8303, .T. ) ;
#3405 = CARTESIAN_POINT ( 'NONE',  ( 2.102842712474619180, 1.749999999999999778, -1.036711395993654694 ) ) ;
#3406 = EDGE_CURVE ( 'NONE', #3962, #6290, #3109, .T. ) ;
#3407 = ORIENTED_EDGE ( 'NONE', *, *, #1815, .F. ) ;
#3408 = CARTESIAN_POINT ( 'NONE',  ( -1.804007243629380142, 1.823387492217884542, 1.461938012730517267 ) ) ;
#3409 = EDGE_CURVE ( 'NONE', #1138, #8270, #1563, .T. ) ;
#3410 = MECHANICAL_DESIGN_GEOMETRIC_PRESENTATION_REPRESENTATION (  '', ( #7056 ), #2223 ) ;
#3411 = EDGE_CURVE ( 'NONE', #10098, #4769, #3059, .T. ) ;
#3412 = ORIENTED_EDGE ( 'NONE', *, *, #309, .F. ) ;
#3413 = VERTEX_POINT ( 'NONE', #4846 ) ;
#3414 = SURFACE_STYLE_FILL_AREA ( #157 ) ;
#3415 = ADVANCED_FACE ( 'NONE', ( #4789 ), #8182, .T. ) ;
#3416 = ORIENTED_EDGE ( 'NONE', *, *, #3207, .F. ) ;
#3417 = VERTEX_POINT ( 'NONE', #4898 ) ;
#3418 = CIRCLE ( 'NONE', #4976, 0.09999999999999997780 ) ;
#3419 = DIRECTION ( 'NONE',  ( 0.000000000000000000, 1.000000000000000000, 0.000000000000000000 ) ) ;
#3420 = AXIS2_PLACEMENT_3D ( 'NONE', #8934, #9750, #8033 ) ;
#3421 = STYLED_ITEM ( 'NONE', ( #10287 ), #3379 ) ;
#3422 = CARTESIAN_POINT ( 'NONE',  ( -1.302305608210474253, 1.750000000000000000, -1.509145170888289256 ) ) ;
#3423 = CARTESIAN_POINT ( 'NONE',  ( -1.389289321881345574, 1.449999999999999956, -1.340142853498728082 ) ) ;
#3424 = ORIENTED_EDGE ( 'NONE', *, *, #9418, .T. ) ;
#3425 = DIRECTION ( 'NONE',  ( 0.7071067811865456854, 0.000000000000000000, -0.7071067811865493491 ) ) ;
#3426 = CARTESIAN_POINT ( 'NONE',  ( 1.947461660202185030, 1.449999999999999734, 1.473942938474330111 ) ) ;
#3427 = EDGE_CURVE ( 'NONE', #5583, #947, #9848, .T. ) ;
#3428 = CARTESIAN_POINT ( 'NONE',  ( 2.000000000000000888, 0.000000000000000000, 0.5500000000000001554 ) ) ;
#3429 = CARTESIAN_POINT ( 'NONE',  ( 1.311825581389000739, 1.949991117421790321, -1.276127092252300033 ) ) ;
#3430 =( BOUNDED_CURVE ( )  B_SPLINE_CURVE ( 3, ( #3976, #7280, #20, #3159 ),
 .UNSPECIFIED., .F., .F. ) 
 B_SPLINE_CURVE_WITH_KNOTS ( ( 4, 4 ),
 ( 0.000000000000000000, 1.047197551196610066 ),
 .UNSPECIFIED. ) 
 CURVE ( )  GEOMETRIC_REPRESENTATION_ITEM ( )  RATIONAL_B_SPLINE_CURVE ( ( 1.000000000000000000, 0.9106836025229571030, 0.9106836025229571030, 1.000000000000000000 ) ) 
 REPRESENTATION_ITEM ( '' )  );
#3431 = AXIS2_PLACEMENT_3D ( 'NONE', #5540, #2414, #1508 ) ;
#3432 = CARTESIAN_POINT ( 'NONE',  ( 1.310883117545686094, 1.649999999999999911, -1.376122650963194971 ) ) ;
#3433 = ORIENTED_EDGE ( 'NONE', *, *, #6015, .F. ) ;
#3434 = LINE ( 'NONE', #7321, #1135 ) ;
#3435 = CARTESIAN_POINT ( 'NONE',  ( 2.020000000000000462, 1.750000000000000000, -1.235200384405516161 ) ) ;
#3436 = CARTESIAN_POINT ( 'NONE',  ( -1.876568542494923664, 1.649999999999999911, -0.8104372260139570683 ) ) ;
#3437 = CARTESIAN_POINT ( 'NONE',  ( 2.020000000000000018, 1.649999999999999911, 0.9799999999999999822 ) ) ;
#3438 = EDGE_CURVE ( 'NONE', #746, #425, #815, .T. ) ;
#3439 = EDGE_CURVE ( 'NONE', #5203, #2136, #7395, .T. ) ;
#3440 =( NAMED_UNIT ( * ) PLANE_ANGLE_UNIT ( ) SI_UNIT ( $, .RADIAN. ) );
#3441 = LINE ( 'NONE', #5667, #8018 ) ;
#3442 = CARTESIAN_POINT ( 'NONE',  ( 2.020000000000000462, 1.649999999999999911, -0.8538686835190337776 ) ) ;
#3443 = STYLED_ITEM ( 'NONE', ( #3310 ), #4216 ) ;
#3444 = VERTEX_POINT ( 'NONE', #8926 ) ;
#3445 = CARTESIAN_POINT ( 'NONE',  ( -1.399999999999999911, 0.000000000000000000, 1.449999999999999956 ) ) ;
#3446 = CARTESIAN_POINT ( 'NONE',  ( -2.100000000000000089, 1.550000000000000266, 0.8600000000000000977 ) ) ;
#3447 = LINE ( 'NONE', #1747, #4766 ) ;
#3448 = EDGE_LOOP ( 'NONE', ( #912, #9887, #2550, #2493, #833, #1877, #2937 ) ) ;
#3449 = CARTESIAN_POINT ( 'NONE',  ( -1.210883117545685561, 1.749999999999999556, 1.376122650963194749 ) ) ;
#3450 = SURFACE_STYLE_USAGE ( .BOTH. , #6060 ) ;
#3451 = CARTESIAN_POINT ( 'NONE',  ( 1.539999999999999591, 1.550000000000000266, 0.2144761058952749655 ) ) ;
#3452 = LINE ( 'NONE', #9585, #4932 ) ;
#3453 = AXIS2_PLACEMENT_3D ( 'NONE', #8975, #10600, #10545 ) ;
#3454 = DIRECTION ( 'NONE',  ( -0.000000000000000000, 1.000000000000000000, -0.000000000000000000 ) ) ;
#3455 = LINE ( 'NONE', #6766, #7212 ) ;
#3456 = DIRECTION ( 'NONE',  ( 0.000000000000000000, -1.000000000000000000, 0.000000000000000000 ) ) ;
#3457 = ORIENTED_EDGE ( 'NONE', *, *, #2260, .T. ) ;
#3458 = LINE ( 'NONE', #8257, #3321 ) ;
#3459 = DIRECTION ( 'NONE',  ( 0.7071067811865486830, 0.000000000000000000, -0.7071067811865464625 ) ) ;
#3460 = ORIENTED_EDGE ( 'NONE', *, *, #9001, .F. ) ;
#3461 = ORIENTED_EDGE ( 'NONE', *, *, #6823, .T. ) ;
#3462 = ORIENTED_EDGE ( 'NONE', *, *, #6461, .T. ) ;
#3463 = CARTESIAN_POINT ( 'NONE',  ( 1.805194582267281245, 1.791336399908425969, -0.7403961109355766679 ) ) ;
#3464 = ORIENTED_EDGE ( 'NONE', *, *, #1858, .F. ) ;
#3465 = DIRECTION ( 'NONE',  ( 0.000000000000000000, -1.000000000000000000, 0.000000000000000000 ) ) ;
#3466 = ORIENTED_EDGE ( 'NONE', *, *, #10420, .F. ) ;
#3467 = FILL_AREA_STYLE ('',( #217 ) ) ;
#3468 = EDGE_LOOP ( 'NONE', ( #10032, #2013, #3603, #6667, #10285, #9254, #5692, #8906, #7619, #9385, #8196 ) ) ;
#3469 = ORIENTED_EDGE ( 'NONE', *, *, #5746, .T. ) ;
#3470 = CARTESIAN_POINT ( 'NONE',  ( 1.354314575050763469, 1.849999999999999867, -1.419554108468271680 ) ) ;
#3471 = DIRECTION ( 'NONE',  ( -0.000000000000000000, 1.000000000000000000, -0.000000000000000000 ) ) ;
#3472 = SURFACE_STYLE_USAGE ( .BOTH. , #4134 ) ;
#3473 = ORIENTED_EDGE ( 'NONE', *, *, #10216, .F. ) ;
#3474 =( NAMED_UNIT ( * ) PLANE_ANGLE_UNIT ( ) SI_UNIT ( $, .RADIAN. ) );
#3475 = CARTESIAN_POINT ( 'NONE',  ( -2.201952593834479277, 0.6115518992456836500, 0.7950000000000002620 ) ) ;
#3476 = DIRECTION ( 'NONE',  ( -1.000000000000000000, 0.000000000000000000, 0.000000000000000000 ) ) ;
#3477 = CARTESIAN_POINT ( 'NONE',  ( 1.500000000000000222, 0.07000000000000000666, -0.6500000000000006883 ) ) ;
#3478 = VECTOR ( 'NONE', #8592, 1000.000000000000114 ) ;
#3479 = AXIS2_PLACEMENT_3D ( 'NONE', #2861, #6183, #9440 ) ;
#3480 = CARTESIAN_POINT ( 'NONE',  ( -1.460000000000000187, 1.449999999999999956, 1.410853531617383361 ) ) ;
#3481 = ORIENTED_EDGE ( 'NONE', *, *, #7813, .F. ) ;
#3482 = LINE ( 'NONE', #6798, #6813 ) ;
#3483 = DIRECTION ( 'NONE',  ( 0.000000000000000000, -1.000000000000000000, 0.000000000000000000 ) ) ;
#3484 = UNCERTAINTY_MEASURE_WITH_UNIT (LENGTH_MEASURE( 1.000000000000000082E-05 ), #7945, 'distance_accuracy_value', 'NONE');
#3485 = LINE ( 'NONE', #2681, #5589 ) ;
#3486 = FILL_AREA_STYLE ('',( #345 ) ) ;
#3487 = FACE_OUTER_BOUND ( 'NONE', #4258, .T. ) ;
#3488 = EDGE_LOOP ( 'NONE', ( #949, #2743, #4343, #8723 ) ) ;
#3489 = EDGE_CURVE ( 'NONE', #8360, #8361, #8130, .T. ) ;
#3490 = ADVANCED_FACE ( 'NONE', ( #8767 ), #2423, .F. ) ;
#3491 = DIRECTION ( 'NONE',  ( 0.000000000000000000, -1.000000000000000000, 0.000000000000000000 ) ) ;
#3492 = EDGE_CURVE ( 'NONE', #2407, #5090, #7225, .T. ) ;
#3493 = CARTESIAN_POINT ( 'NONE',  ( 2.399999999999999467, 2.500000000000000000, -1.000000000000000222 ) ) ;
#3494 = DIRECTION ( 'NONE',  ( 0.000000000000000000, -1.000000000000000000, 0.000000000000000000 ) ) ;
#3495 = ORIENTED_EDGE ( 'NONE', *, *, #8805, .F. ) ;
#3496 = CARTESIAN_POINT ( 'NONE',  ( 1.252810866969983339, 1.448896448480526900, -1.476674426722931255 ) ) ;
#3497 = EDGE_CURVE ( 'NONE', #5153, #10193, #2316, .T. ) ;
#3498 = DIRECTION ( 'NONE',  ( 0.000000000000000000, 0.000000000000000000, 1.000000000000000000 ) ) ;
#3499 = CARTESIAN_POINT ( 'NONE',  ( -1.919999999999999263, 1.539480857753714904, 1.319554108468271592 ) ) ;
#3500 = UNCERTAINTY_MEASURE_WITH_UNIT (LENGTH_MEASURE( 1.000000000000000082E-05 ), #334, 'distance_accuracy_value', 'NONE');
#3501 = LINE ( 'NONE', #2914, #1322 ) ;
#3502 = VECTOR ( 'NONE', #6110, 1000.000000000000114 ) ;
#3503 = PLANE ( 'NONE',  #3588 ) ;
#3504 = DIRECTION ( 'NONE',  ( -1.000000000000000000, -0.000000000000000000, -0.000000000000000000 ) ) ;
#3505 = FACE_OUTER_BOUND ( 'NONE', #8234, .T. ) ;
#3506 = PLANE ( 'NONE',  #9598 ) ;
#3507 = AXIS2_PLACEMENT_3D ( 'NONE', #7329, #5762, #8239 ) ;
#3508 = EDGE_LOOP ( 'NONE', ( #4334, #7462, #5156, #1708 ) ) ;
#3509 = ORIENTED_EDGE ( 'NONE', *, *, #39, .F. ) ;
#3510 = CARTESIAN_POINT ( 'NONE',  ( 1.360000000000000098, 1.550000000000000266, 1.419554108468271902 ) ) ;
#3511 = ORIENTED_EDGE ( 'NONE', *, *, #2387, .T. ) ;
#3512 = CARTESIAN_POINT ( 'NONE',  ( 1.920000000000000373, 1.849999999999999867, 0.8538686835190337776 ) ) ;
#3513 = ORIENTED_EDGE ( 'NONE', *, *, #4295, .F. ) ;
#3514 = CARTESIAN_POINT ( 'NONE',  ( 1.399999999999999911, 0.07000000000000000666, -1.449999999999999956 ) ) ;
#3515 = STYLED_ITEM ( 'NONE', ( #10427 ), #653 ) ;
#3516 = AXIS2_PLACEMENT_3D ( 'NONE', #9630, #3761, #10431 ) ;
#3517 = ADVANCED_FACE ( 'NONE', ( #8974 ), #25, .T. ) ;
#3518 = EDGE_CURVE ( 'NONE', #9517, #9872, #9238, .T. ) ;
#3519 = ORIENTED_EDGE ( 'NONE', *, *, #7519, .T. ) ;
#3520 = AXIS2_PLACEMENT_3D ( 'NONE', #2877, #1082, #6141 ) ;
#3521 = SURFACE_SIDE_STYLE ('',( #9219 ) ) ;
#3522 = ORIENTED_EDGE ( 'NONE', *, *, #2557, .T. ) ;
#3523 = ORIENTED_EDGE ( 'NONE', *, *, #4680, .T. ) ;
#3524 = LINE ( 'NONE', #6841, #5151 ) ;
#3525 = VERTEX_POINT ( 'NONE', #2678 ) ;
#3526 = VECTOR ( 'NONE', #8821, 1000.000000000000000 ) ;
#3527 = LINE ( 'NONE', #7688, #6901 ) ;
#3528 = CARTESIAN_POINT ( 'NONE',  ( -1.820000000000000062, 1.550000000000000266, -0.8800000000000000044 ) ) ;
#3529 = PLANE ( 'NONE',  #8563 ) ;
#3530 = CARTESIAN_POINT ( 'NONE',  ( -2.100000000000000089, 1.449999999999999956, 0.000000000000000000 ) ) ;
#3531 = AXIS2_PLACEMENT_3D ( 'NONE', #3480, #10167, #10060 ) ;
#3532 = EDGE_CURVE ( 'NONE', #6727, #7211, #7062, .T. ) ;
#3533 = COLOUR_RGB ( '',1.000000000000000000, 1.000000000000000000, 1.000000000000000000 ) ;
#3534 = DIRECTION ( 'NONE',  ( -0.000000000000000000, -0.000000000000000000, -1.000000000000000000 ) ) ;
#3535 = ORIENTED_EDGE ( 'NONE', *, *, #3411, .F. ) ;
#3536 = CARTESIAN_POINT ( 'NONE',  ( 2.020000000000000018, 1.749999999999999778, 0.8538686835190342217 ) ) ;
#3537 = CARTESIAN_POINT ( 'NONE',  ( 2.000000000000000888, 1.449999999999999956, 1.500000000000000000 ) ) ;
#3538 = LINE ( 'NONE', #1785, #1639 ) ;
#3539 = EDGE_CURVE ( 'NONE', #5463, #5164, #8747, .T. ) ;
#3540 = CARTESIAN_POINT ( 'NONE',  ( 2.100000000000000977, 1.399999999999999689, -1.536602540378444459 ) ) ;
#3541 = EDGE_CURVE ( 'NONE', #8553, #1364, #8410, .T. ) ;
#3542 = ORIENTED_EDGE ( 'NONE', *, *, #4324, .T. ) ;
#3543 = CARTESIAN_POINT ( 'NONE',  ( -1.389289321881345574, 1.550000000000000266, -1.340142853498727860 ) ) ;
#3544 = PRESENTATION_STYLE_ASSIGNMENT (( #3164 ) ) ;
#3545 = EDGE_CURVE ( 'NONE', #9342, #8726, #1834, .T. ) ;
#3546 = AXIS2_PLACEMENT_3D ( 'NONE', #3556, #7717, #4321 ) ;
#3547 = PRESENTATION_STYLE_ASSIGNMENT (( #4819 ) ) ;
#3548 = FACE_OUTER_BOUND ( 'NONE', #4831, .T. ) ;
#3549 = ORIENTED_EDGE ( 'NONE', *, *, #10420, .T. ) ;
#3550 = CARTESIAN_POINT ( 'NONE',  ( -1.311825581389000739, 1.949991117421790321, 1.276127092252300033 ) ) ;
#3551 = ADVANCED_FACE ( 'NONE', ( #8443 ), #4303, .T. ) ;
#3552 = AXIS2_PLACEMENT_3D ( 'NONE', #8991, #40, #634 ) ;
#3553 = FACE_OUTER_BOUND ( 'NONE', #8531, .T. ) ;
#3554 = VECTOR ( 'NONE', #790, 1000.000000000000000 ) ;
#3555 = CARTESIAN_POINT ( 'NONE',  ( 1.920000000000000595, 1.539480857753715570, 1.319554108468272258 ) ) ;
#3556 = CARTESIAN_POINT ( 'NONE',  ( -1.920000000000000373, 1.749999999999999778, -0.8538686835190337776 ) ) ;
#3557 = DIRECTION ( 'NONE',  ( -0.6252873226670321305, -0.7001135404624571068, 0.3447561378322632764 ) ) ;
#3558 = ADVANCED_FACE ( 'NONE', ( #1039 ), #3345, .T. ) ;
#3559 = CARTESIAN_POINT ( 'NONE',  ( -1.988032633253842940, 1.523913479700161666, -1.404747511482704159 ) ) ;
#3560 = AXIS2_PLACEMENT_3D ( 'NONE', #1794, #3320, #6640 ) ;
#3561 = ADVANCED_FACE ( 'NONE', ( #2004 ), #8544, .F. ) ;
#3562 = DIRECTION ( 'NONE',  ( 1.000000000000000000, -0.000000000000000000, 0.000000000000000000 ) ) ;
#3563 = CIRCLE ( 'NONE', #4079, 0.1000000000000000472 ) ;
#3564 = DIRECTION ( 'NONE',  ( 0.000000000000000000, 0.000000000000000000, -1.000000000000000000 ) ) ;
#3565 = CARTESIAN_POINT ( 'NONE',  ( 1.920000000000000373, 2.049999999999999822, 0.9799999999999999822 ) ) ;
#3566 = CARTESIAN_POINT ( 'NONE',  ( -1.210883117545685783, 1.649999999999999911, -1.376122650963194527 ) ) ;
#3567 = ORIENTED_EDGE ( 'NONE', *, *, #7477, .T. ) ;
#3568 = VERTEX_POINT ( 'NONE', #9346 ) ;
#3569 = MECHANICAL_DESIGN_GEOMETRIC_PRESENTATION_REPRESENTATION (  '', ( #837 ), #4437 ) ;
#3570 = CARTESIAN_POINT ( 'NONE',  ( 0.3999999999999998557, 2.500000000000000000, -1.100000000000000089 ) ) ;
#3571 = VERTEX_POINT ( 'NONE', #556 ) ;
#3572 = DIRECTION ( 'NONE',  ( -0.7071067811865456854, 0.000000000000000000, -0.7071067811865493491 ) ) ;
#3573 = AXIS2_PLACEMENT_3D ( 'NONE', #416, #3666, #8620 ) ;
#3574 = ORIENTED_EDGE ( 'NONE', *, *, #5670, .F. ) ;
#3575 = CARTESIAN_POINT ( 'NONE',  ( -1.785249455757842219, 1.840550181944157870, 1.418700667839627672 ) ) ;
#3576 = COLOUR_RGB ( '',1.000000000000000000, 1.000000000000000000, 1.000000000000000000 ) ;
#3577 = ADVANCED_FACE ( 'NONE', ( #8647 ), #6047, .F. ) ;
#3578 = AXIS2_PLACEMENT_3D ( 'NONE', #6040, #5102, #6791 ) ;
#3579 = CIRCLE ( 'NONE', #8905, 0.1000000000000000472 ) ;
#3580 = ORIENTED_EDGE ( 'NONE', *, *, #1236, .F. ) ;
#3581 = ORIENTED_EDGE ( 'NONE', *, *, #10464, .F. ) ;
#3582 = VERTEX_POINT ( 'NONE', #4525 ) ;
#3583 = CARTESIAN_POINT ( 'NONE',  ( -1.327268482960745510, 1.849995558710894938, -1.418611644624957036 ) ) ;
#3584 = DIRECTION ( 'NONE',  ( -0.000000000000000000, 0.000000000000000000, 1.000000000000000000 ) ) ;
#3585 = ORIENTED_EDGE ( 'NONE', *, *, #3695, .F. ) ;
#3586 = DIRECTION ( 'NONE',  ( 0.000000000000000000, 0.000000000000000000, -1.000000000000000000 ) ) ;
#3587 = AXIS2_PLACEMENT_3D ( 'NONE', #6407, #4668, #2934 ) ;
#3588 = AXIS2_PLACEMENT_3D ( 'NONE', #10026, #1919, #1109 ) ;
#3589 = CARTESIAN_POINT ( 'NONE',  ( 1.939901486651313345, 1.449999999999999734, 1.479607111958076704 ) ) ;
#3590 = FACE_OUTER_BOUND ( 'NONE', #3042, .T. ) ;
#3591 = DIRECTION ( 'NONE',  ( -0.000000000000000000, -1.000000000000000000, -0.000000000000000000 ) ) ;
#3592 = AXIS2_PLACEMENT_3D ( 'NONE', #7937, #10399, #10306 ) ;
#3593 = DIRECTION ( 'NONE',  ( 0.000000000000000000, 0.000000000000000000, -1.000000000000000000 ) ) ;
#3594 = ORIENTED_EDGE ( 'NONE', *, *, #3068, .T. ) ;
#3595 = SURFACE_SIDE_STYLE ('',( #339 ) ) ;
#3596 = CARTESIAN_POINT ( 'NONE',  ( -1.846839578305846441, 1.749999999999999778, -0.6979586327827718151 ) ) ;
#3597 = UNCERTAINTY_MEASURE_WITH_UNIT (LENGTH_MEASURE( 1.000000000000000082E-05 ), #9484, 'distance_accuracy_value', 'NONE');
#3598 = FACE_OUTER_BOUND ( 'NONE', #5852, .T. ) ;
#3599 = LINE ( 'NONE', #10007, #4894 ) ;
#3600 = AXIS2_PLACEMENT_3D ( 'NONE', #10406, #3891, #2973 ) ;
#3601 = DIRECTION ( 'NONE',  ( 0.000000000000000000, -1.000000000000000000, 0.000000000000000000 ) ) ;
#3602 = CARTESIAN_POINT ( 'NONE',  ( -1.876568542494923886, 1.849999999999999867, -0.8104372260139570683 ) ) ;
#3603 = ORIENTED_EDGE ( 'NONE', *, *, #864, .T. ) ;
#3604 = CARTESIAN_POINT ( 'NONE',  ( -2.599999999999999645, 2.399999999999999911, -1.099999999999999867 ) ) ;
#3605 = FILL_AREA_STYLE ('',( #4586 ) ) ;
#3606 = STYLED_ITEM ( 'NONE', ( #7698 ), #3561 ) ;
#3607 = CARTESIAN_POINT ( 'NONE',  ( 1.310000000000000275, 0.07000000000000061728, -0.8435786437626897616 ) ) ;
#3608 = ORIENTED_EDGE ( 'NONE', *, *, #3827, .T. ) ;
#3609 = FACE_OUTER_BOUND ( 'NONE', #9622, .T. ) ;
#3610 = CARTESIAN_POINT ( 'NONE',  ( 2.201952593834479277, 0.6115518992456836500, -0.7949999999999999289 ) ) ;
#3611 = CARTESIAN_POINT ( 'NONE',  ( -1.409289321881345591, 2.049999999999999822, 1.348427124746190087 ) ) ;
#3612 = CYLINDRICAL_SURFACE ( 'NONE', #6533, 0.1000000000000000472 ) ;
#3613 = MECHANICAL_DESIGN_GEOMETRIC_PRESENTATION_REPRESENTATION (  '', ( #8091 ), #10153 ) ;
#3614 = PRESENTATION_STYLE_ASSIGNMENT (( #3725 ) ) ;
#3615 = DIRECTION ( 'NONE',  ( 0.000000000000000000, 0.000000000000000000, -1.000000000000000000 ) ) ;
#3616 = DIRECTION ( 'NONE',  ( 0.000000000000000000, -1.000000000000000000, 0.000000000000000000 ) ) ;
#3617 = UNCERTAINTY_MEASURE_WITH_UNIT (LENGTH_MEASURE( 1.000000000000000082E-05 ), #6038, 'distance_accuracy_value', 'NONE');
#3618 = LINE ( 'NONE', #9320, #2215 ) ;
#3619 = EDGE_CURVE ( 'NONE', #9548, #8844, #7008, .T. ) ;
#3620 = ORIENTED_EDGE ( 'NONE', *, *, #2633, .T. ) ;
#3621 = ORIENTED_EDGE ( 'NONE', *, *, #9482, .T. ) ;
#3622 = AXIS2_PLACEMENT_3D ( 'NONE', #5492, #8753, #10172 ) ;
#3623 =( NAMED_UNIT ( * ) PLANE_ANGLE_UNIT ( ) SI_UNIT ( $, .RADIAN. ) );
#3624 = VERTEX_POINT ( 'NONE', #6208 ) ;
#3625 = CARTESIAN_POINT ( 'NONE',  ( 1.310883117545685872, 1.550000000000000266, -1.376122650963194305 ) ) ;
#3626 = ORIENTED_EDGE ( 'NONE', *, *, #236, .T. ) ;
#3627 =( NAMED_UNIT ( * ) PLANE_ANGLE_UNIT ( ) SI_UNIT ( $, .RADIAN. ) );
#3628 = CARTESIAN_POINT ( 'NONE',  ( -1.354314575050763025, 1.849999999999999867, -1.419554108468271680 ) ) ;
#3629 = FILL_AREA_STYLE_COLOUR ( '', #7200 ) ;
#3630 = ADVANCED_FACE ( 'NONE', ( #9462 ), #6410, .T. ) ;
#3631 = EDGE_CURVE ( 'NONE', #4282, #1768, #6723, .T. ) ;
#3632 = EDGE_CURVE ( 'NONE', #5710, #1722, #5857, .T. ) ;
#3633 = VERTEX_POINT ( 'NONE', #650 ) ;
#3634 = EDGE_LOOP ( 'NONE', ( #2700, #7515, #218, #4874 ) ) ;
#3635 = CARTESIAN_POINT ( 'NONE',  ( -2.020000000000000018, 1.750000000000000000, -0.8538686835190338886 ) ) ;
#3636 = CARTESIAN_POINT ( 'NONE',  ( 1.820000000000000062, 1.749999999999999778, 1.419554108468272124 ) ) ;
#3637 = VERTEX_POINT ( 'NONE', #6364 ) ;
#3638 = CARTESIAN_POINT ( 'NONE',  ( -1.920000000000000373, 1.849999999999999645, -0.8538686835190343327 ) ) ;
#3639 = SURFACE_STYLE_USAGE ( .BOTH. , #3311 ) ;
#3640 = CARTESIAN_POINT ( 'NONE',  ( -2.020000000000000462, 1.539480857753715792, -1.319554108468272258 ) ) ;
#3641 = CARTESIAN_POINT ( 'NONE',  ( -1.961421356237310176, 1.449999999999999512, -1.460975464705581484 ) ) ;
#3642 = LINE ( 'NONE', #9999, #2306 ) ;
#3643 = ORIENTED_EDGE ( 'NONE', *, *, #4655, .T. ) ;
#3644 = PLANE ( 'NONE',  #2679 ) ;
#3645 = EDGE_LOOP ( 'NONE', ( #9010, #9388, #8895, #8525 ) ) ;
#3646 = SURFACE_STYLE_USAGE ( .BOTH. , #3595 ) ;
#3647 = FILL_AREA_STYLE_COLOUR ( '', #5171 ) ;
#3648 = LINE ( 'NONE', #399, #2590 ) ;
#3649 = CARTESIAN_POINT ( 'NONE',  ( -1.210883117545685783, 1.649999999999999911, -1.376122650963194527 ) ) ;
#3650 = CARTESIAN_POINT ( 'NONE',  ( 1.947279220613579165, 1.849999999999999867, -0.7397265478953026774 ) ) ;
#3651 = CARTESIAN_POINT ( 'NONE',  ( 2.201952593834479277, 0.6115518992456836500, 0.7949999999999999289 ) ) ;
#3652 = AXIS2_PLACEMENT_3D ( 'NONE', #3290, #1812, #6613 ) ;
#3653 = VERTEX_POINT ( 'NONE', #8802 ) ;
#3654 = EDGE_CURVE ( 'NONE', #1381, #58, #8752, .T. ) ;
#3655 = FILL_AREA_STYLE_COLOUR ( '', #9018 ) ;
#3656 = DIRECTION ( 'NONE',  ( 0.000000000000000000, 0.000000000000000000, -1.000000000000000000 ) ) ;
#3657 = ADVANCED_FACE ( 'NONE', ( #6416 ), #6466, .T. ) ;
#3658 = ORIENTED_EDGE ( 'NONE', *, *, #1285, .F. ) ;
#3659 = FACE_OUTER_BOUND ( 'NONE', #3732, .T. ) ;
#3660 = ORIENTED_EDGE ( 'NONE', *, *, #7572, .T. ) ;
#3661 = CARTESIAN_POINT ( 'NONE',  ( 1.311825581389000295, 1.649999999999999911, -1.476118209674089465 ) ) ;
#3662 = CARTESIAN_POINT ( 'NONE',  ( 1.283271467065781213, 1.608465559789774346, 1.489930786479060520 ) ) ;
#3663 = DIRECTION ( 'NONE',  ( 0.000000000000000000, -1.000000000000000000, 0.000000000000000000 ) ) ;
#3664 = DIRECTION ( 'NONE',  ( -0.7071067811865464625, 0.000000000000000000, 0.7071067811865486830 ) ) ;
#3665 = LINE ( 'NONE', #2915, #4280 ) ;
#3666 = DIRECTION ( 'NONE',  ( -1.000000000000000000, -0.000000000000000000, 4.928191693115927811E-16 ) ) ;
#3667 = CIRCLE ( 'NONE', #5703, 1.259999999999999787 ) ;
#3668 = CARTESIAN_POINT ( 'NONE',  ( -1.389289321881345574, 1.550000000000000266, 1.340142853498728082 ) ) ;
#3669 = DIRECTION ( 'NONE',  ( 0.000000000000000000, -1.000000000000000000, 0.000000000000000000 ) ) ;
#3670 = FILL_AREA_STYLE_COLOUR ( '', #10610 ) ;
#3671 = ORIENTED_EDGE ( 'NONE', *, *, #8888, .T. ) ;
#3672 = EDGE_LOOP ( 'NONE', ( #4763, #3787, #6396, #9066 ) ) ;
#3673 = DIRECTION ( 'NONE',  ( -1.000000000000000000, 0.000000000000000000, 0.000000000000000000 ) ) ;
#3674 = ORIENTED_EDGE ( 'NONE', *, *, #74, .F. ) ;
#3675 = ORIENTED_EDGE ( 'NONE', *, *, #741, .F. ) ;
#3676 = DIRECTION ( 'NONE',  ( 0.000000000000000000, 1.000000000000000000, 0.000000000000000000 ) ) ;
#3677 = EDGE_CURVE ( 'NONE', #5045, #317, #7266, .T. ) ;
#3678 = AXIS2_PLACEMENT_3D ( 'NONE', #9144, #10616, #7494 ) ;
#3679 = LINE ( 'NONE', #479, #2107 ) ;
#3680 = DIRECTION ( 'NONE',  ( 1.000000000000000000, -0.000000000000000000, 4.928191693115927811E-16 ) ) ;
#3681 = ORIENTED_EDGE ( 'NONE', *, *, #2863, .T. ) ;
#3682 = LINE ( 'NONE', #7101, #170 ) ;
#3683 = EDGE_CURVE ( 'NONE', #8674, #5052, #808, .T. ) ;
#3684 = ORIENTED_EDGE ( 'NONE', *, *, #7189, .T. ) ;
#3685 = ORIENTED_EDGE ( 'NONE', *, *, #6824, .F. ) ;
#3686 = CARTESIAN_POINT ( 'NONE',  ( -1.920000000000000151, 1.649999999999999911, -0.8538686835190334445 ) ) ;
#3687 = PRESENTATION_STYLE_ASSIGNMENT (( #8826 ) ) ;
#3688 = ORIENTED_EDGE ( 'NONE', *, *, #3409, .T. ) ;
#3689 = DIRECTION ( 'NONE',  ( -0.000000000000000000, 0.000000000000000000, 1.000000000000000000 ) ) ;
#3690 = DIRECTION ( 'NONE',  ( -1.000000000000000000, -0.000000000000000000, -4.928191693115927811E-16 ) ) ;
#3691 = LINE ( 'NONE', #9455, #5831 ) ;
#3692 = DIRECTION ( 'NONE',  ( 1.000000000000000000, 0.000000000000000000, 0.000000000000000000 ) ) ;
#3693 = EDGE_CURVE ( 'NONE', #3801, #5463, #7160, .T. ) ;
#3694 = AXIS2_PLACEMENT_3D ( 'NONE', #6685, #9955, #5053 ) ;
#3695 = EDGE_CURVE ( 'NONE', #6514, #8116, #775, .T. ) ;
#3696 = EDGE_LOOP ( 'NONE', ( #2031, #1607, #4060, #4564 ) ) ;
#3697 = COLOUR_RGB ( '',0.8431372549019607865, 0.8156862745098039102, 0.7529411764705882248 ) ;
#3698 = CARTESIAN_POINT ( 'NONE',  ( 2.100000000000000089, 0.1800000000000006317, 0.7949999999999999289 ) ) ;
#3699 = EDGE_LOOP ( 'NONE', ( #1019, #6506, #7504 ) ) ;
#3700 = CARTESIAN_POINT ( 'NONE',  ( 1.876568542494923664, 1.849999999999999867, 0.8104372260139570683 ) ) ;
#3701 = CARTESIAN_POINT ( 'NONE',  ( -1.805194582267281467, 1.749999999999999778, -0.7403961109355765569 ) ) ;
#3702 = CARTESIAN_POINT ( 'NONE',  ( -2.020000000000000462, 2.049999999999999822, 1.319554108468272036 ) ) ;
#3703 = DIRECTION ( 'NONE',  ( 0.6803263325384226734, 0.2726025724560242613, 0.6803263325384205640 ) ) ;
#3704 = VECTOR ( 'NONE', #9187, 1000.000000000000114 ) ;
#3705 = LINE ( 'NONE', #2785, #9753 ) ;
#3706 = DIRECTION ( 'NONE',  ( 0.000000000000000000, 0.000000000000000000, -1.000000000000000000 ) ) ;
#3707 = B_SPLINE_CURVE_WITH_KNOTS ( 'NONE', 3,
 ( #611, #5555, #1416, #8815 ),
 .UNSPECIFIED., .F., .F.,
 ( 4, 4 ),
 ( 0.000000000000000000, 1.000000000000000000 ),
 .UNSPECIFIED. ) ;
#3708 = CIRCLE ( 'NONE', #2839, 0.1000000000000180744 ) ;
#3709 = EDGE_CURVE ( 'NONE', #2177, #3582, #3855, .T. ) ;
#3710 =( BOUNDED_SURFACE ( )  B_SPLINE_SURFACE ( 3, 3, ( 
 ( #8402, #10131, #3550, #5126 ),
 ( #5938, #7608, #6108, #9191 ),
 ( #5999, #8557, #5235, #9255 ),
 ( #8347, #3449, #10236, #4259 ) ),
 .UNSPECIFIED., .F., .F., .F. ) 
 B_SPLINE_SURFACE_WITH_KNOTS ( ( 4, 4 ),
 ( 4, 4 ),
 ( 0.000000000000000000, 1.000000000000000000 ),
 ( 0.000000000000000000, 1.000000000000000000 ),
 .UNSPECIFIED. ) 
 GEOMETRIC_REPRESENTATION_ITEM ( )  RATIONAL_B_SPLINE_SURFACE ( (
 ( 1.000000000000000000, 0.3333333333333334259, 0.3333333333333334259, 1.000000000000000000),
 ( 0.8025111867385923414, 0.2675037289128641693, 0.2675037289128641693, 0.8025111867385923414),
 ( 0.8025111867385923414, 0.2675037289128641693, 0.2675037289128641693, 0.8025111867385923414),
 ( 1.000000000000000000, 0.3333333333333334259, 0.3333333333333334259, 1.000000000000000000) ) ) 
 REPRESENTATION_ITEM ( '' )  SURFACE ( )  );
#3711 = EDGE_LOOP ( 'NONE', ( #4984, #8542, #3973, #10094, #4686, #6919, #159 ) ) ;
#3712 = DIRECTION ( 'NONE',  ( 0.000000000000000000, 0.000000000000000000, -1.000000000000000000 ) ) ;
#3713 = ORIENTED_EDGE ( 'NONE', *, *, #9546, .F. ) ;
#3714 = DIRECTION ( 'NONE',  ( 0.000000000000000000, -1.000000000000000000, 0.000000000000000000 ) ) ;
#3715 = VECTOR ( 'NONE', #9183, 1000.000000000000114 ) ;
#3716 = ORIENTED_EDGE ( 'NONE', *, *, #2147, .F. ) ;
#3717 = CARTESIAN_POINT ( 'NONE',  ( 1.310883117545685650, 1.849999999999999867, 1.376122650963194527 ) ) ;
#3718 = FACE_OUTER_BOUND ( 'NONE', #6026, .T. ) ;
#3719 = PLANE ( 'NONE',  #7882 ) ;
#3720 = PLANE ( 'NONE',  #8666 ) ;
#3721 = FACE_OUTER_BOUND ( 'NONE', #2187, .T. ) ;
#3722 = VECTOR ( 'NONE', #595, 1000.000000000000114 ) ;
#3723 = CARTESIAN_POINT ( 'NONE',  ( -1.876568542494923442, 1.550000000000000266, -0.8104372260139570683 ) ) ;
#3724 = EDGE_CURVE ( 'NONE', #2980, #4398, #8760, .T. ) ;
#3725 = SURFACE_STYLE_USAGE ( .BOTH. , #1972 ) ;
#3726 = VECTOR ( 'NONE', #4031, 1000.000000000000114 ) ;
#3727 = DIRECTION ( 'NONE',  ( -9.866381877431726115E-16, -0.000000000000000000, 1.000000000000000000 ) ) ;
#3728 = DIRECTION ( 'NONE',  ( -0.7071067811865486830, 0.000000000000000000, -0.7071067811865464625 ) ) ;
#3729 = VERTEX_POINT ( 'NONE', #7958 ) ;
#3730 = ORIENTED_EDGE ( 'NONE', *, *, #6432, .T. ) ;
#3731 = CARTESIAN_POINT ( 'NONE',  ( -1.805194582267281467, 1.649999999999999911, 0.7403961109355765569 ) ) ;
#3732 = EDGE_LOOP ( 'NONE', ( #1491, #2231, #7447, #10492, #6016, #282, #6165, #8295 ) ) ;
#3733 = PRESENTATION_LAYER_ASSIGNMENT (  '', '', ( #2527 ) ) ;
#3734 = CARTESIAN_POINT ( 'NONE',  ( -1.600000000000000311, 0.07000000000000000666, -0.6500000000000001332 ) ) ;
#3735 = CARTESIAN_POINT ( 'NONE',  ( -1.252810866969983339, 1.448896448480526900, 1.476674426722931255 ) ) ;
#3736 = CARTESIAN_POINT ( 'NONE',  ( -2.050000000000000266, 0.07000000000000000666, -0.5500000000000000444 ) ) ;
#3737 = CARTESIAN_POINT ( 'NONE',  ( -2.100000000000000089, 1.399999999999999689, 0.000000000000000000 ) ) ;
#3738 = VERTEX_POINT ( 'NONE', #9627 ) ;
#3739 = ORIENTED_EDGE ( 'NONE', *, *, #6750, .T. ) ;
#3740 = ADVANCED_FACE ( 'NONE', ( #2256 ), #8852, .F. ) ;
#3741 = AXIS2_PLACEMENT_3D ( 'NONE', #5562, #3220, #8035 ) ;
#3742 = FACE_OUTER_BOUND ( 'NONE', #9285, .T. ) ;
#3743 = ORIENTED_EDGE ( 'NONE', *, *, #2885, .F. ) ;
#3744 = SURFACE_STYLE_USAGE ( .BOTH. , #6196 ) ;
#3745 = ADVANCED_FACE ( 'NONE', ( #1613, #4772 ), #8072, .F. ) ;
#3746 = LINE ( 'NONE', #1441, #10462 ) ;
#3747 = FACE_OUTER_BOUND ( 'NONE', #8247, .T. ) ;
#3748 = VECTOR ( 'NONE', #6644, 1000.000000000000000 ) ;
#3749 = CARTESIAN_POINT ( 'NONE',  ( 0.000000000000000000, 0.000000000000000000, 0.000000000000000000 ) ) ;
#3750 = EDGE_CURVE ( 'NONE', #5583, #5259, #1079, .T. ) ;
#3751 = CIRCLE ( 'NONE', #3573, 0.1000000000000000472 ) ;
#3752 = CIRCLE ( 'NONE', #2055, 0.1000000000000000472 ) ;
#3753 = EDGE_LOOP ( 'NONE', ( #6017, #2939, #9830, #6134 ) ) ;
#3754 = DIRECTION ( 'NONE',  ( -0.000000000000000000, 0.000000000000000000, 1.000000000000000000 ) ) ;
#3755 = ORIENTED_EDGE ( 'NONE', *, *, #6794, .T. ) ;
#3756 = DIRECTION ( 'NONE',  ( 2.168404344971007685E-15, 0.000000000000000000, -1.000000000000000000 ) ) ;
#3757 = AXIS2_PLACEMENT_3D ( 'NONE', #9230, #5916, #112 ) ;
#3758 = EDGE_CURVE ( 'NONE', #6123, #8360, #5683, .T. ) ;
#3759 = CARTESIAN_POINT ( 'NONE',  ( -2.100000000000000089, 0.07000000000000029809, -1.500000000000000000 ) ) ;
#3760 = PRESENTATION_LAYER_ASSIGNMENT (  '', '', ( #7722 ) ) ;
#3761 = DIRECTION ( 'NONE',  ( 0.000000000000000000, -1.000000000000000000, 0.000000000000000000 ) ) ;
#3762 = DIRECTION ( 'NONE',  ( 0.000000000000000000, 0.000000000000000000, -1.000000000000000000 ) ) ;
#3763 = ORIENTED_EDGE ( 'NONE', *, *, #2757, .T. ) ;
#3764 = CARTESIAN_POINT ( 'NONE',  ( -2.100000000000000089, 0.06999999926500789782, -1.354999999999999982 ) ) ;
#3765 = PRESENTATION_STYLE_ASSIGNMENT (( #7867 ) ) ;
#3766 = ORIENTED_EDGE ( 'NONE', *, *, #2391, .F. ) ;
#3767 = SURFACE_STYLE_FILL_AREA ( #1309 ) ;
#3768 = EDGE_CURVE ( 'NONE', #9353, #10217, #2612, .T. ) ;
#3769 = VERTEX_POINT ( 'NONE', #5862 ) ;
#3770 = EDGE_CURVE ( 'NONE', #4575, #8844, #541, .T. ) ;
#3771 = DIRECTION ( 'NONE',  ( -0.000000000000000000, 1.000000000000000000, -0.000000000000000000 ) ) ;
#3772 = AXIS2_PLACEMENT_3D ( 'NONE', #6662, #4224, #1763 ) ;
#3773 = VECTOR ( 'NONE', #4291, 1000.000000000000000 ) ;
#3774 = CARTESIAN_POINT ( 'NONE',  ( 1.240172439427031259, 1.749999999999999778, -1.305411972844539470 ) ) ;
#3775 = PRESENTATION_LAYER_ASSIGNMENT (  '', '', ( #187 ) ) ;
#3776 = CARTESIAN_POINT ( 'NONE',  ( 1.785249455757841774, 1.841057620061887556, 1.472539930166274491 ) ) ;
#3777 = DIRECTION ( 'NONE',  ( 0.000000000000000000, 0.000000000000000000, -1.000000000000000000 ) ) ;
#3778 = CARTESIAN_POINT ( 'NONE',  ( 1.919057536156685506, 1.849995558710894716, -0.8538686835190339997 ) ) ;
#3779 = CARTESIAN_POINT ( 'NONE',  ( -2.049999999999999822, 1.449999999999999956, -1.500000000000000000 ) ) ;
#3780 = CYLINDRICAL_SURFACE ( 'NONE', #3234, 0.09999999999999997780 ) ;
#3781 =( BOUNDED_SURFACE ( )  B_SPLINE_SURFACE ( 3, 2, ( 
 ( #2181, #8678, #477 ),
 ( #7942, #7887, #3021 ),
 ( #7187, #3790, #1383 ),
 ( #7987, #7097, #628 ) ),
 .UNSPECIFIED., .F., .F., .F. ) 
 B_SPLINE_SURFACE_WITH_KNOTS ( ( 4, 4 ),
 ( 3, 3 ),
 ( 0.0002758777686983616929, 0.0003154662155146101504 ),
 ( 0.000000000000000000, 1.000000000000000000 ),
 .UNSPECIFIED. ) 
 GEOMETRIC_REPRESENTATION_ITEM ( )  RATIONAL_B_SPLINE_SURFACE ( (
 ( 1.000000000000000000, 0.9808805871844664681, 1.000000000000000000),
 ( 1.000000000000000000, 0.9937896904765570749, 1.000000000000000000),
 ( 1.000000000000000000, 1.000037153824648417, 1.000000000000000000),
 ( 1.000000000000000000, 1.000000000000000000, 1.000000000000000000) ) ) 
 REPRESENTATION_ITEM ( '' )  SURFACE ( )  );
#3782 = CARTESIAN_POINT ( 'NONE',  ( 1.876568542494923442, 1.550000000000000266, 0.8104372260139570683 ) ) ;
#3783 = AXIS2_PLACEMENT_3D ( 'NONE', #3636, #10107, #6035 ) ;
#3784 = CARTESIAN_POINT ( 'NONE',  ( 1.240172439427031481, 1.849999999999999867, 1.305411972844539248 ) ) ;
#3785 = CARTESIAN_POINT ( 'NONE',  ( -1.947461660202185030, 1.449999999999999734, -1.473942938474330111 ) ) ;
#3786 = ORIENTED_EDGE ( 'NONE', *, *, #5346, .F. ) ;
#3787 = ORIENTED_EDGE ( 'NONE', *, *, #228, .T. ) ;
#3788 = LINE ( 'NONE', #7095, #6623 ) ;
#3789 = VERTEX_POINT ( 'NONE', #6621 ) ;
#3790 = CARTESIAN_POINT ( 'NONE',  ( -1.950681815005425701, 1.454427687307430439, 1.469941046709572374 ) ) ;
#3791 = MECHANICAL_DESIGN_GEOMETRIC_PRESENTATION_REPRESENTATION (  '', ( #6049 ), #7922 ) ;
#3792 = CARTESIAN_POINT ( 'NONE',  ( -1.210883117545685561, 1.650000000000000355, 1.376122650963194305 ) ) ;
#3793 = VECTOR ( 'NONE', #6966, 1000.000000000000114 ) ;
#3794 = ORIENTED_EDGE ( 'NONE', *, *, #3093, .F. ) ;
#3795 = SURFACE_STYLE_USAGE ( .BOTH. , #3521 ) ;
#3796 = ORIENTED_EDGE ( 'NONE', *, *, #1880, .T. ) ;
#3797 = ORIENTED_EDGE ( 'NONE', *, *, #2128, .F. ) ;
#3798 =( NAMED_UNIT ( * ) PLANE_ANGLE_UNIT ( ) SI_UNIT ( $, .RADIAN. ) );
#3799 = ORIENTED_EDGE ( 'NONE', *, *, #6554, .T. ) ;
#3800 = LINE ( 'NONE', #8739, #6779 ) ;
#3801 = VERTEX_POINT ( 'NONE', #3423 ) ;
#3802 = DIRECTION ( 'NONE',  ( 0.7071067811865486830, 0.000000000000000000, 0.7071067811865464625 ) ) ;
#3803 = CARTESIAN_POINT ( 'NONE',  ( -1.735646275937244853, 1.849995558710894716, -1.418611644624957924 ) ) ;
#3804 = CARTESIAN_POINT ( 'NONE',  ( -1.848427124746192307, 2.049999999999999822, -0.9092893218813449252 ) ) ;
#3805 = VECTOR ( 'NONE', #3837, 1000.000000000000000 ) ;
#3806 = ORIENTED_EDGE ( 'NONE', *, *, #10352, .T. ) ;
#3807 = CARTESIAN_POINT ( 'NONE',  ( 1.360000000000000098, 1.550000000000000266, 1.600000000000000089 ) ) ;
#3808 = ORIENTED_EDGE ( 'NONE', *, *, #1949, .T. ) ;
#3810 = SURFACE_STYLE_USAGE ( .BOTH. , #9510 ) ;
#3809 = DIRECTION ( 'NONE',  ( -1.000000000000000000, -0.000000000000000000, 0.000000000000000000 ) ) ;
#3811 = CARTESIAN_POINT ( 'NONE',  ( -1.846839578305846441, 1.816381868788617515, -0.6979586327827720371 ) ) ;
#3812 = PLANE ( 'NONE',  #3622 ) ;
#3813 = LINE ( 'NONE', #7914, #5247 ) ;
#3814 = DIRECTION ( 'NONE',  ( 0.000000000000000000, -1.000000000000000000, 0.000000000000000000 ) ) ;
#3815 = DIRECTION ( 'NONE',  ( 0.000000000000000000, 0.000000000000000000, -1.000000000000000000 ) ) ;
#3816 = DIRECTION ( 'NONE',  ( -0.9781476007338063550, 0.2079116908177557344, 0.000000000000000000 ) ) ;
#3817 = DIRECTION ( 'NONE',  ( 0.7071067811865489050, 0.000000000000000000, -0.7071067811865461294 ) ) ;
#3818 = ORIENTED_EDGE ( 'NONE', *, *, #4356, .F. ) ;
#3819 = SURFACE_STYLE_FILL_AREA ( #8610 ) ;
#3820 = ORIENTED_EDGE ( 'NONE', *, *, #3077, .T. ) ;
#3821 = DIRECTION ( 'NONE',  ( 0.6803263325384151239, 0.2726025724560347530, 0.6803263325384238946 ) ) ;
#3822 = CARTESIAN_POINT ( 'NONE',  ( 1.327268482960745732, 1.549448224240262517, 1.477626359043974658 ) ) ;
#3823 = FILL_AREA_STYLE_COLOUR ( '', #7544 ) ;
#3824 = DIRECTION ( 'NONE',  ( 0.000000000000000000, -1.000000000000000000, 0.000000000000000000 ) ) ;
#3825 = FACE_OUTER_BOUND ( 'NONE', #3000, .T. ) ;
#3826 = CARTESIAN_POINT ( 'NONE',  ( -1.360000000000000098, 1.550000000000000266, 1.600000000000000089 ) ) ;
#3827 = EDGE_CURVE ( 'NONE', #8115, #9700, #6573, .T. ) ;
#3828 = ADVANCED_FACE ( 'NONE', ( #6671 ), #499, .T. ) ;
#3829 = DIRECTION ( 'NONE',  ( -0.7071067811865465735, 0.000000000000000000, 0.7071067811865483499 ) ) ;
#3830 = EDGE_CURVE ( 'NONE', #6609, #7423, #19, .T. ) ;
#3831 = VECTOR ( 'NONE', #5264, 1000.000000000000000 ) ;
#3832 =( NAMED_UNIT ( * ) PLANE_ANGLE_UNIT ( ) SI_UNIT ( $, .RADIAN. ) );
#3833 = VERTEX_POINT ( 'NONE', #5969 ) ;
#3834 = LINE ( 'NONE', #4810, #5410 ) ;
#3835 = DIRECTION ( 'NONE',  ( -0.000000000000000000, 1.000000000000000000, -0.000000000000000000 ) ) ;
#3836 = EDGE_CURVE ( 'NONE', #3083, #9991, #4939, .T. ) ;
#3837 = DIRECTION ( 'NONE',  ( 0.000000000000000000, -1.000000000000000000, 0.000000000000000000 ) ) ;
#3838 = DIRECTION ( 'NONE',  ( -0.000000000000000000, 1.000000000000000000, -0.000000000000000000 ) ) ;
#3839 = DIRECTION ( 'NONE',  ( -0.000000000000000000, 1.000000000000000000, 0.000000000000000000 ) ) ;
#3840 = ORIENTED_EDGE ( 'NONE', *, *, #6469, .F. ) ;
#3841 = ORIENTED_EDGE ( 'NONE', *, *, #10269, .T. ) ;
#3842 = CARTESIAN_POINT ( 'NONE',  ( -1.920000000000000373, 1.750000000000000000, 1.235200384405516161 ) ) ;
#3843 = LINE ( 'NONE', #7997, #7388 ) ;
#3844 = ORIENTED_EDGE ( 'NONE', *, *, #3179, .T. ) ;
#3845 = LINE ( 'NONE', #701, #4700 ) ;
#3846 = ORIENTED_EDGE ( 'NONE', *, *, #4427, .F. ) ;
#3847 = CARTESIAN_POINT ( 'NONE',  ( -1.310883117545685650, 1.649999999999999911, -1.376122650963194527 ) ) ;
#3848 =( NAMED_UNIT ( * ) SI_UNIT ( $, .STERADIAN. ) SOLID_ANGLE_UNIT ( ) );
#3849 = ADVANCED_FACE ( 'NONE', ( #1884 ), #383, .T. ) ;
#3850 = CIRCLE ( 'NONE', #3150, 0.1000000000000000472 ) ;
#3851 = EDGE_CURVE ( 'NONE', #2927, #2548, #4397, .T. ) ;
#3852 = ORIENTED_EDGE ( 'NONE', *, *, #5800, .F. ) ;
#3853 = VECTOR ( 'NONE', #1549, 1000.000000000000000 ) ;
#3854 = ORIENTED_EDGE ( 'NONE', *, *, #3632, .F. ) ;
#3855 = LINE ( 'NONE', #10586, #8084 ) ;
#3856 = AXIS2_PLACEMENT_3D ( 'NONE', #7116, #3048, #1354 ) ;
#3857 = CARTESIAN_POINT ( 'NONE',  ( 2.100000000000000089, 0.1800000000000006317, 1.355000000000000204 ) ) ;
#3858 = DIRECTION ( 'NONE',  ( -1.000000000000000000, 0.000000000000000000, 2.710505431213766015E-16 ) ) ;
#3859 =( LENGTH_UNIT ( ) NAMED_UNIT ( * ) SI_UNIT ( .MILLI., .METRE. ) );
#3860 = ADVANCED_FACE ( 'NONE', ( #7630 ), #6842, .F. ) ;
#3861 = AXIS2_PLACEMENT_3D ( 'NONE', #8973, #2571, #10597 ) ;
#3862 = VECTOR ( 'NONE', #5569, 1000.000000000000000 ) ;
#3863 = ORIENTED_EDGE ( 'NONE', *, *, #818, .T. ) ;
#3864 = LINE ( 'NONE', #721, #1489 ) ;
#3865 = VERTEX_POINT ( 'NONE', #2721 ) ;
#3866 = FACE_OUTER_BOUND ( 'NONE', #9448, .T. ) ;
#3867 = SURFACE_SIDE_STYLE ('',( #10495 ) ) ;
#3868 = AXIS2_PLACEMENT_3D ( 'NONE', #3445, #932, #4197 ) ;
#3869 = ORIENTED_EDGE ( 'NONE', *, *, #7546, .F. ) ;
#3870 = CARTESIAN_POINT ( 'NONE',  ( 1.978072250575702906, 1.826778885434150901, 1.312759064811529042 ) ) ;
#3871 = EDGE_CURVE ( 'NONE', #3729, #9101, #4669, .T. ) ;
#3872 = FILL_AREA_STYLE ('',( #4538 ) ) ;
#3873 = CARTESIAN_POINT ( 'NONE',  ( -2.207596236799650224, 0.1571297138572338437, -1.355000000000000204 ) ) ;
#3874 = DIRECTION ( 'NONE',  ( -0.000000000000000000, 1.000000000000000000, -0.000000000000000000 ) ) ;
#3875 = VECTOR ( 'NONE', #1544, 1000.000000000000000 ) ;
#3876 = EDGE_CURVE ( 'NONE', #8609, #3898, #9595, .T. ) ;
#3877 = DIRECTION ( 'NONE',  ( -0.7071067811865487940, 0.000000000000000000, -0.7071067811865463515 ) ) ;
#3878 = FACE_OUTER_BOUND ( 'NONE', #5036, .T. ) ;
#3879 = FILL_AREA_STYLE ('',( #7875 ) ) ;
#3880 = ADVANCED_FACE ( 'NONE', ( #9288 ), #2232, .F. ) ;
#3881 =( GEOMETRIC_REPRESENTATION_CONTEXT ( 3 ) GLOBAL_UNCERTAINTY_ASSIGNED_CONTEXT ( ( #1452 ) ) GLOBAL_UNIT_ASSIGNED_CONTEXT ( ( #9133, #5716, #6589 ) ) REPRESENTATION_CONTEXT ( 'NONE', 'WORKASPACE' ) );
#3882 = FILL_AREA_STYLE_COLOUR ( '', #7879 ) ;
#3883 = EDGE_CURVE ( 'NONE', #2213, #3833, #2816, .T. ) ;
#3884 = EDGE_CURVE ( 'NONE', #5078, #1310, #8780, .T. ) ;
#3885 = SURFACE_SIDE_STYLE ('',( #4651 ) ) ;
#3886 = ORIENTED_EDGE ( 'NONE', *, *, #6285, .F. ) ;
#3887 = CARTESIAN_POINT ( 'NONE',  ( -2.010554295406563163, 1.465648472317697015, 1.388168177529784275 ) ) ;
#3888 = VECTOR ( 'NONE', #3754, 1000.000000000000000 ) ;
#3889 = ADVANCED_FACE ( 'NONE', ( #9654 ), #1127, .T. ) ;
#3890 = CARTESIAN_POINT ( 'NONE',  ( -1.906297506684001553, 1.863099222843527691, 0.7451183755087182892 ) ) ;
#3891 = DIRECTION ( 'NONE',  ( 0.000000000000000000, -1.000000000000000000, 0.000000000000000000 ) ) ;
#3892 = CARTESIAN_POINT ( 'NONE',  ( -1.600000000000000311, 0.07000000000000000666, 0.6500000000000001332 ) ) ;
#3893 = AXIS2_PLACEMENT_3D ( 'NONE', #761, #9733, #8970 ) ;
#3894 = EDGE_CURVE ( 'NONE', #6869, #1116, #1061, .T. ) ;
#3895 = CARTESIAN_POINT ( 'NONE',  ( 1.354314575050763025, 1.749999999999999778, -1.419554108468271902 ) ) ;
#3896 = DIRECTION ( 'NONE',  ( 0.7071067811865501263, 0.000000000000000000, -0.7071067811865447972 ) ) ;
#3897 = ORIENTED_EDGE ( 'NONE', *, *, #6922, .T. ) ;
#3898 = VERTEX_POINT ( 'NONE', #330 ) ;
#3899 = CIRCLE ( 'NONE', #5978, 0.1000000000000180883 ) ;
#3900 = CARTESIAN_POINT ( 'NONE',  ( -2.020000000000000462, 1.590982664450488970, -0.8538686835190336666 ) ) ;
#3901 = EDGE_LOOP ( 'NONE', ( #3096, #7053, #6725, #6237 ) ) ;
#3902 = CARTESIAN_POINT ( 'NONE',  ( -1.961450846593843167, 1.449999999999999956, 1.460945955241861327 ) ) ;
#3903 = EDGE_CURVE ( 'NONE', #6076, #2846, #8590, .T. ) ;
#3904 = EDGE_LOOP ( 'NONE', ( #1305, #7094, #3136, #6460 ) ) ;
#3905 = CARTESIAN_POINT ( 'NONE',  ( 1.961509827306908926, 1.449999999999991962, -1.460886936314421014 ) ) ;
#3906 = VECTOR ( 'NONE', #6767, 1000.000000000000000 ) ;
#3907 = CIRCLE ( 'NONE', #323, 0.1100000014699854534 ) ;
#3908 = ORIENTED_EDGE ( 'NONE', *, *, #5457, .T. ) ;
#3909 = PRESENTATION_STYLE_ASSIGNMENT (( #1443 ) ) ;
#3910 = ORIENTED_EDGE ( 'NONE', *, *, #10403, .F. ) ;
#3911 = DIRECTION ( 'NONE',  ( 0.000000000000000000, 1.000000000000000000, 0.000000000000000000 ) ) ;
#3912 = CARTESIAN_POINT ( 'NONE',  ( -1.539999999999999591, 1.550000000000000266, 0.2144761058952749655 ) ) ;
#3913 = FACE_OUTER_BOUND ( 'NONE', #3711, .T. ) ;
#3914 = CARTESIAN_POINT ( 'NONE',  ( 1.919057536156685506, 1.550004441289105195, 0.8538686835190336666 ) ) ;
#3915 = SURFACE_STYLE_USAGE ( .BOTH. , #8016 ) ;
#3916 =( GEOMETRIC_REPRESENTATION_CONTEXT ( 3 ) GLOBAL_UNCERTAINTY_ASSIGNED_CONTEXT ( ( #7596 ) ) GLOBAL_UNIT_ASSIGNED_CONTEXT ( ( #9330, #6782, #10204 ) ) REPRESENTATION_CONTEXT ( 'NONE', 'WORKASPACE' ) );
#3917 = VECTOR ( 'NONE', #1852, 1000.000000000000000 ) ;
#3918 = AXIS2_PLACEMENT_3D ( 'NONE', #2149, #2052, #10369 ) ;
#3919 = FILL_AREA_STYLE_COLOUR ( '', #2014 ) ;
#3920 = CARTESIAN_POINT ( 'NONE',  ( 2.020000000000000462, 1.539480857672253178, -1.319554108264968217 ) ) ;
#3921 = VERTEX_POINT ( 'NONE', #6079 ) ;
#3922 = DIRECTION ( 'NONE',  ( 1.000000000000000000, 0.000000000000000000, 0.000000000000000000 ) ) ;
#3923 = VECTOR ( 'NONE', #2342, 1000.000000000000000 ) ;
#3924 = VERTEX_POINT ( 'NONE', #9334 ) ;
#3925 = SURFACE_STYLE_FILL_AREA ( #666 ) ;
#3926 = DIRECTION ( 'NONE',  ( -1.000000000000000000, -0.000000000000000000, 4.928191693115927811E-16 ) ) ;
#3927 = CARTESIAN_POINT ( 'NONE',  ( 1.920000000000000373, 1.979372890325909351, -1.143292079575958242 ) ) ;
#3928 = COLOUR_RGB ( '',0.8431372549019607865, 0.8156862745098039102, 0.7529411764705882248 ) ;
#3929 = CARTESIAN_POINT ( 'NONE',  ( -1.283271467065781213, 1.791534440210225565, 1.489930786479060520 ) ) ;
#3930 = CIRCLE ( 'NONE', #8403, 0.09999999999999982514 ) ;
#3931 = CARTESIAN_POINT ( 'NONE',  ( -1.961421356237310176, 1.449999999999999512, -1.460975464705581484 ) ) ;
#3932 = AXIS2_PLACEMENT_3D ( 'NONE', #7104, #8737, #2931 ) ;
#3933 = DIRECTION ( 'NONE',  ( -0.7071067811865477948, 0.000000000000000000, -0.7071067811865473507 ) ) ;
#3934 = CARTESIAN_POINT ( 'NONE',  ( 0.4000000000000000222, 1.449999999999999956, 0.000000000000000000 ) ) ;
#3935 = DIRECTION ( 'NONE',  ( -1.000000000000000000, 0.000000000000000000, 0.000000000000000000 ) ) ;
#3936 = VECTOR ( 'NONE', #5117, 1000.000000000000000 ) ;
#3937 = CIRCLE ( 'NONE', #691, 0.1000000000000000472 ) ;
#3938 = FILL_AREA_STYLE ('',( #3071 ) ) ;
#3939 = VERTEX_POINT ( 'NONE', #1426 ) ;
#3940 = CARTESIAN_POINT ( 'NONE',  ( 1.988436006080599228, 1.464166666666575800, -1.428284318757803595 ) ) ;
#3941 = CYLINDRICAL_SURFACE ( 'NONE', #4718, 0.1000000000000001166 ) ;
#3942 = CARTESIAN_POINT ( 'NONE',  ( -1.311825581389000295, 1.749999999999999556, -1.276127092252300033 ) ) ;
#3943 = DIRECTION ( 'NONE',  ( 0.000000000000000000, 0.000000000000000000, -1.000000000000000000 ) ) ;
#3944 = EDGE_CURVE ( 'NONE', #907, #7339, #4004, .T. ) ;
#3945 = DIRECTION ( 'NONE',  ( -0.3719458362746736468, -0.9282544343432644895, -2.090662742047476139E-16 ) ) ;
#3946 = LINE ( 'NONE', #4756, #4251 ) ;
#3947 = ORIENTED_EDGE ( 'NONE', *, *, #280, .F. ) ;
#3948 = ORIENTED_EDGE ( 'NONE', *, *, #3770, .F. ) ;
#3949 = AXIS2_PLACEMENT_3D ( 'NONE', #3912, #8967, #8913 ) ;
#3950 = CARTESIAN_POINT ( 'NONE',  ( 1.888032633253842407, 1.566741114999319784, -1.487586741722114470 ) ) ;
#3951 = ORIENTED_EDGE ( 'NONE', *, *, #7382, .F. ) ;
#3952 = DIRECTION ( 'NONE',  ( 0.000000000000000000, 0.000000000000000000, 1.000000000000000000 ) ) ;
#3953 = EDGE_LOOP ( 'NONE', ( #10629, #753, #2954, #8861, #6070, #1755, #9372, #703, #1212, #3204, #508, #1505 ) ) ;
#3954 = CARTESIAN_POINT ( 'NONE',  ( -1.302305608210474475, 1.560412916578076681, 1.418709745098122088 ) ) ;
#3955 = AXIS2_PLACEMENT_3D ( 'NONE', #6000, #7658, #10182 ) ;
#3956 = EDGE_CURVE ( 'NONE', #5205, #3251, #4041, .T. ) ;
#3957 = EDGE_CURVE ( 'NONE', #2968, #8645, #9701, .T. ) ;
#3958 = ADVANCED_FACE ( 'NONE', ( #2332 ), #6687, .T. ) ;
#3959 = ORIENTED_EDGE ( 'NONE', *, *, #6419, .F. ) ;
#3960 = ORIENTED_EDGE ( 'NONE', *, *, #2573, .T. ) ;
#3961 = ORIENTED_EDGE ( 'NONE', *, *, #4324, .F. ) ;
#3962 = VERTEX_POINT ( 'NONE', #2435 ) ;
#3963 = FILL_AREA_STYLE_COLOUR ( '', #9300 ) ;
#3964 = CARTESIAN_POINT ( 'NONE',  ( 1.906297506684001775, 1.583618131211382174, -0.6979586327827720371 ) ) ;
#3965 = CARTESIAN_POINT ( 'NONE',  ( 2.100000000000000089, 0.07000000000000061728, 0.000000000000000000 ) ) ;
#3966 = VECTOR ( 'NONE', #7267, 1000.000000000000000 ) ;
#3967 = CARTESIAN_POINT ( 'NONE',  ( 0.3999999999999999667, 2.400000000000000355, -1.000000000000000000 ) ) ;
#3968 = SURFACE_SIDE_STYLE ('',( #7164 ) ) ;
#3969 = LINE ( 'NONE', #5391, #5780 ) ;
#3970 = VERTEX_POINT ( 'NONE', #895 ) ;
#3971 = PLANE ( 'NONE',  #620 ) ;
#3972 = DIRECTION ( 'NONE',  ( 0.7071067811865475727, 0.000000000000000000, 0.7071067811865474617 ) ) ;
#3973 = ORIENTED_EDGE ( 'NONE', *, *, #565, .T. ) ;
#3974 = FACE_OUTER_BOUND ( 'NONE', #8023, .T. ) ;
#3975 = LINE ( 'NONE', #2469, #1577 ) ;
#3976 = CARTESIAN_POINT ( 'NONE',  ( 2.100000000000000089, 1.399999999999999467, 1.500000000000000000 ) ) ;
#3977 = LINE ( 'NONE', #6631, #4383 ) ;
#3978 = CARTESIAN_POINT ( 'NONE',  ( 1.600000000000000311, 0.07000000000000000666, 0.6500000000000001332 ) ) ;
#3979 = CARTESIAN_POINT ( 'NONE',  ( 1.990710678118655208, 1.849999999999999867, 0.7831580054003788316 ) ) ;
#3980 = DIRECTION ( 'NONE',  ( 0.000000000000000000, -1.000000000000000000, 0.000000000000000000 ) ) ;
#3981 = EDGE_CURVE ( 'NONE', #425, #934, #2382, .T. ) ;
#3982 = ADVANCED_FACE ( 'NONE', ( #8984 ), #3323, .F. ) ;
#3983 = CARTESIAN_POINT ( 'NONE',  ( 1.979721439802715865, 1.449999999999999956, 1.439896895774223751 ) ) ;
#3984 = DIRECTION ( 'NONE',  ( 0.000000000000000000, -1.000000000000000000, -0.000000000000000000 ) ) ;
#3985 = ORIENTED_EDGE ( 'NONE', *, *, #4802, .T. ) ;
#3986 = DIRECTION ( 'NONE',  ( 1.000000000000000000, 0.000000000000000000, 0.000000000000000000 ) ) ;
#3987 = DIRECTION ( 'NONE',  ( 0.000000000000000000, 0.000000000000000000, -1.000000000000000000 ) ) ;
#3988 = CARTESIAN_POINT ( 'NONE',  ( -1.210883117545685783, 1.749999999999999778, -1.376122650963194749 ) ) ;
#3989 = CARTESIAN_POINT ( 'NONE',  ( 1.930724102706342649, -1.145451261138598076, 1.355000000000000648 ) ) ;
#3990 = AXIS2_PLACEMENT_3D ( 'NONE', #9613, #4715, #3952 ) ;
#3991 =( BOUNDED_CURVE ( )  B_SPLINE_CURVE ( 3, ( #1455, #9574, #3105, #5443 ),
 .UNSPECIFIED., .F., .F. ) 
 B_SPLINE_CURVE_WITH_KNOTS ( ( 4, 4 ),
 ( 1.570796326794896114, 3.141592653589792228 ),
 .UNSPECIFIED. ) 
 CURVE ( )  GEOMETRIC_REPRESENTATION_ITEM ( )  RATIONAL_B_SPLINE_CURVE ( ( 1.000000000000000000, 0.8047378541243650485, 0.8047378541243650485, 1.000000000000000000 ) ) 
 REPRESENTATION_ITEM ( '' )  );
#3992 = CARTESIAN_POINT ( 'NONE',  ( 2.000000000000000888, 0.000000000000000000, -0.5500000000000000444 ) ) ;
#3993 = LINE ( 'NONE', #7408, #8038 ) ;
#3994 = CYLINDRICAL_SURFACE ( 'NONE', #10254, 0.01000000146998518413 ) ;
#3995 = DIRECTION ( 'NONE',  ( -0.000000000000000000, 1.000000000000000000, -0.000000000000000000 ) ) ;
#3996 = EDGE_LOOP ( 'NONE', ( #8851, #10516, #2133, #4871, #3869, #7581 ) ) ;
#3997 = VERTEX_POINT ( 'NONE', #7288 ) ;
#3998 = CARTESIAN_POINT ( 'NONE',  ( -1.919057536156685284, 1.591423957884232854, -0.7538731248081388392 ) ) ;
#3999 = ORIENTED_EDGE ( 'NONE', *, *, #7990, .T. ) ;
#4000 = DIRECTION ( 'NONE',  ( -0.7071067811865456854, 0.000000000000000000, -0.7071067811865493491 ) ) ;
#4001 = EDGE_CURVE ( 'NONE', #2399, #6158, #9282, .T. ) ;
#4002 = ORIENTED_EDGE ( 'NONE', *, *, #104, .T. ) ;
#4003 = DIRECTION ( 'NONE',  ( 0.7071067811865486830, 0.000000000000000000, -0.7071067811865464625 ) ) ;
#4004 = B_SPLINE_CURVE_WITH_KNOTS ( 'NONE', 3,
 ( #78, #6441, #3168, #5617 ),
 .UNSPECIFIED., .F., .F.,
 ( 4, 4 ),
 ( 0.000000000000000000, 1.000000000000000000 ),
 .UNSPECIFIED. ) ;
#4005 = ADVANCED_FACE ( 'NONE', ( #683 ), #3012, .T. ) ;
#4006 = EDGE_CURVE ( 'NONE', #907, #610, #2096, .T. ) ;
#4007 = ORIENTED_EDGE ( 'NONE', *, *, #2757, .F. ) ;
#4008 = VERTEX_POINT ( 'NONE', #9257 ) ;
#4009 = ORIENTED_EDGE ( 'NONE', *, *, #5418, .T. ) ;
#4010 = ORIENTED_EDGE ( 'NONE', *, *, #10506, .T. ) ;
#4011 = CARTESIAN_POINT ( 'NONE',  ( -1.240172439427031259, 1.849999999999999867, 1.446833329081849584 ) ) ;
#4012 = CARTESIAN_POINT ( 'NONE',  ( 1.906297506684001775, 1.536900777156471998, -0.7451183755087186222 ) ) ;
#4013 = CARTESIAN_POINT ( 'NONE',  ( -1.846839578305846441, 1.649999999999999689, -0.6979586327827719261 ) ) ;
#4014 = EDGE_CURVE ( 'NONE', #10385, #4116, #5236, .T. ) ;
#4015 = COLOUR_RGB ( '',0.8431372549019607865, 0.8156862745098039102, 0.7529411764705882248 ) ;
#4016 = DIRECTION ( 'NONE',  ( -9.866381877431726115E-16, -0.000000000000000000, -1.000000000000000000 ) ) ;
#4017 = CARTESIAN_POINT ( 'NONE',  ( 1.354314575050763025, 1.749999999999999778, 1.419554108468271902 ) ) ;
#4018 = ADVANCED_FACE ( 'NONE', ( #5021 ), #10020, .F. ) ;
#4019 = DIRECTION ( 'NONE',  ( -0.7071067811865456854, 0.000000000000000000, 0.7071067811865493491 ) ) ;
#4020 =( NAMED_UNIT ( * ) SI_UNIT ( $, .STERADIAN. ) SOLID_ANGLE_UNIT ( ) );
#4021 = ORIENTED_EDGE ( 'NONE', *, *, #4199, .T. ) ;
#4023 = LINE ( 'NONE', #5711, #4901 ) ;
#4022 = FACE_OUTER_BOUND ( 'NONE', #2139, .T. ) ;
#4024 = DIRECTION ( 'NONE',  ( 0.7071067811865474617, 0.000000000000000000, -0.7071067811865474617 ) ) ;
#4025 = CARTESIAN_POINT ( 'NONE',  ( 1.840142853498729858, 1.449999999999999956, -0.8892893218813450185 ) ) ;
#4026 = DIRECTION ( 'NONE',  ( 0.2079116908177564282, -0.9781476007338062439, -0.000000000000000000 ) ) ;
#4027 = CARTESIAN_POINT ( 'NONE',  ( -1.210883117545685783, 1.749999999999999778, -1.376122650963194527 ) ) ;
#4028 = DIRECTION ( 'NONE',  ( 0.000000000000000000, 0.000000000000000000, -1.000000000000000000 ) ) ;
#4029 =( GEOMETRIC_REPRESENTATION_CONTEXT ( 3 ) GLOBAL_UNCERTAINTY_ASSIGNED_CONTEXT ( ( #4357 ) ) GLOBAL_UNIT_ASSIGNED_CONTEXT ( ( #926, #4186, #881 ) ) REPRESENTATION_CONTEXT ( 'NONE', 'WORKASPACE' ) );
#4030 = EDGE_CURVE ( 'NONE', #8540, #10093, #9641, .T. ) ;
#4031 = DIRECTION ( 'NONE',  ( -0.2079116875743489690, -0.9781476014232136640, 0.000000000000000000 ) ) ;
#4032 = CARTESIAN_POINT ( 'NONE',  ( -1.360000000000000098, 1.449999999999999956, 1.600000000000000089 ) ) ;
#4033 = VECTOR ( 'NONE', #1825, 1000.000000000000000 ) ;
#4034 = CARTESIAN_POINT ( 'NONE',  ( -1.961391846821392448, 1.449999999999999734, 1.461004955125402516 ) ) ;
#4035 = FACE_OUTER_BOUND ( 'NONE', #9332, .T. ) ;
#4036 = VECTOR ( 'NONE', #7603, 1000.000000000000000 ) ;
#4037 = CARTESIAN_POINT ( 'NONE',  ( 1.593725830020304546, 1.749999999999999778, -1.093279938488576075 ) ) ;
#4038 = CARTESIAN_POINT ( 'NONE',  ( 1.884571170791653705, 1.512602837497275310, 1.512741078632244163 ) ) ;
#4039 = CARTESIAN_POINT ( 'NONE',  ( -0.3999999999999998557, 2.500000000000000000, -1.100000000000000089 ) ) ;
#4040 = ORIENTED_EDGE ( 'NONE', *, *, #553, .T. ) ;
#4041 = LINE ( 'NONE', #4971, #3259 ) ;
#4042 = CYLINDRICAL_SURFACE ( 'NONE', #6874, 0.1000000000000000749 ) ;
#4043 = DIRECTION ( 'NONE',  ( 1.000000000000000000, 0.000000000000000000, 4.928191693115927811E-16 ) ) ;
#4044 = CARTESIAN_POINT ( 'NONE',  ( -1.868283040983865328, 1.450000000000017053, 1.407125496223330829 ) ) ;
#4045 = FACE_OUTER_BOUND ( 'NONE', #8735, .T. ) ;
#4046 = AXIS2_PLACEMENT_3D ( 'NONE', #5771, #7438, #8607 ) ;
#4047 = DIRECTION ( 'NONE',  ( 1.000000000000000000, -0.000000000000000000, -5.732077271949496718E-16 ) ) ;
#4048 = AXIS2_PLACEMENT_3D ( 'NONE', #1584, #2473, #9853 ) ;
#4049 = CARTESIAN_POINT ( 'NONE',  ( -2.100000000000000089, 1.399999999999999467, -1.500000000000000000 ) ) ;
#4050 =( BOUNDED_CURVE ( )  B_SPLINE_CURVE ( 3, ( #8448, #1095, #10225, #6052 ),
 .UNSPECIFIED., .F., .T. ) 
 B_SPLINE_CURVE_WITH_KNOTS ( ( 4, 4 ),
 ( 1.570796326794896114, 3.141592653589792228 ),
 .UNSPECIFIED. ) 
 CURVE ( )  GEOMETRIC_REPRESENTATION_ITEM ( )  RATIONAL_B_SPLINE_CURVE ( ( 1.000000000000000000, 0.8047378541243650485, 0.8047378541243650485, 1.000000000000000000 ) ) 
 REPRESENTATION_ITEM ( '' )  );
#4051 = FACE_OUTER_BOUND ( 'NONE', #1298, .T. ) ;
#4052 = FACE_OUTER_BOUND ( 'NONE', #6243, .T. ) ;
#4053 = VECTOR ( 'NONE', #924, 1000.000000000000000 ) ;
#4054 = CARTESIAN_POINT ( 'NONE',  ( 1.210883117545686005, 1.749999999999999556, 1.317105315413684030 ) ) ;
#4055 = ORIENTED_EDGE ( 'NONE', *, *, #5445, .T. ) ;
#4056 = ORIENTED_EDGE ( 'NONE', *, *, #6931, .F. ) ;
#4057 = DIRECTION ( 'NONE',  ( 0.7071067811865486830, 0.000000000000000000, 0.7071067811865464625 ) ) ;
#4058 = EDGE_LOOP ( 'NONE', ( #5792, #6924, #6603, #5700 ) ) ;
#4059 = DIRECTION ( 'NONE',  ( 1.301042606982604690E-14, 0.000000000000000000, -1.000000000000000000 ) ) ;
#4060 = ORIENTED_EDGE ( 'NONE', *, *, #7051, .F. ) ;
#4061 = DIRECTION ( 'NONE',  ( 0.000000000000000000, -1.000000000000000000, 0.000000000000000000 ) ) ;
#4062 = VECTOR ( 'NONE', #2558, 1000.000000000000000 ) ;
#4063 = EDGE_CURVE ( 'NONE', #9517, #6158, #7578, .T. ) ;
#4064 = COLOUR_RGB ( '',0.8431372549019607865, 0.8156862745098039102, 0.7529411764705882248 ) ;
#4065 = ORIENTED_EDGE ( 'NONE', *, *, #6807, .F. ) ;
#4066 = ORIENTED_EDGE ( 'NONE', *, *, #4864, .T. ) ;
#4067 = EDGE_CURVE ( 'NONE', #9714, #3571, #8454, .T. ) ;
#4068 = ORIENTED_EDGE ( 'NONE', *, *, #4680, .F. ) ;
#4069 = ORIENTED_EDGE ( 'NONE', *, *, #7905, .T. ) ;
#4070 = LINE ( 'NONE', #6669, #4062 ) ;
#4071 = VECTOR ( 'NONE', #3355, 1000.000000000000000 ) ;
#4072 = CARTESIAN_POINT ( 'NONE',  ( 2.002658917572334829, 1.480980449765604057, 1.407324227906264325 ) ) ;
#4073 = CARTESIAN_POINT ( 'NONE',  ( -1.240172439427031481, 1.849999999999999867, 1.305411972844539248 ) ) ;
#4074 = LINE ( 'NONE', #4135, #8172 ) ;
#4075 = PLANE ( 'NONE',  #6006 ) ;
#4076 = CIRCLE ( 'NONE', #663, 0.01000000146998518413 ) ;
#4077 = DIRECTION ( 'NONE',  ( 0.000000000000000000, 0.000000000000000000, -1.000000000000000000 ) ) ;
#4078 = STYLED_ITEM ( 'NONE', ( #8451 ), #3221 ) ;
#4079 = AXIS2_PLACEMENT_3D ( 'NONE', #1745, #1845, #5992 ) ;
#4080 = ADVANCED_FACE ( 'NONE', ( #300 ), #9969, .F. ) ;
#4081 = LINE ( 'NONE', #879, #1149 ) ;
#4082 = VERTEX_POINT ( 'NONE', #3774 ) ;
#4083 = CARTESIAN_POINT ( 'NONE',  ( 1.919137802864846698, 1.550000000000000266, 0.8799999999999998934 ) ) ;
#4084 = CARTESIAN_POINT ( 'NONE',  ( 1.639999999999999680, 1.550000000000000266, 0.2144761058952750765 ) ) ;
#4085 =( NAMED_UNIT ( * ) SI_UNIT ( $, .STERADIAN. ) SOLID_ANGLE_UNIT ( ) );
#4086 = AXIS2_PLACEMENT_3D ( 'NONE', #2379, #10507, #3119 ) ;
#4087 = DIRECTION ( 'NONE',  ( 1.000000000000000000, -0.000000000000000000, 0.000000000000000000 ) ) ;
#4088 = DIRECTION ( 'NONE',  ( 0.000000000000000000, -1.000000000000000000, 0.000000000000000000 ) ) ;
#4089 = CARTESIAN_POINT ( 'NONE',  ( -1.379999999999999893, 1.550000000000000044, 1.419554108468271902 ) ) ;
#4090 = CARTESIAN_POINT ( 'NONE',  ( 1.360000000000000098, 1.449999999999999956, 1.410853531617383139 ) ) ;
#4091 = DIRECTION ( 'NONE',  ( 0.000000000000000000, 0.9282544343432640455, 0.3719458362746743130 ) ) ;
#4092 = VECTOR ( 'NONE', #1966, 1000.000000000000000 ) ;
#4093 = VECTOR ( 'NONE', #4347, 1000.000000000000000 ) ;
#4094 = VECTOR ( 'NONE', #6075, 1000.000000000000000 ) ;
#4095 = UNCERTAINTY_MEASURE_WITH_UNIT (LENGTH_MEASURE( 1.000000000000000082E-05 ), #7959, 'distance_accuracy_value', 'NONE');
#4096 = ADVANCED_FACE ( 'NONE', ( #3007 ), #2956, .F. ) ;
#4097 = CARTESIAN_POINT ( 'NONE',  ( 1.860487750466343737, 1.555704050069236954, 1.519554108468272213 ) ) ;
#4098 = EDGE_CURVE ( 'NONE', #6045, #7677, #5450, .T. ) ;
#4099 = CARTESIAN_POINT ( 'NONE',  ( 1.500000000000000222, 0.000000000000000000, -1.500000000000000000 ) ) ;
#4100 = ORIENTED_EDGE ( 'NONE', *, *, #9295, .F. ) ;
#4101 = STYLED_ITEM ( 'NONE', ( #7751 ), #5614 ) ;
#4102 = PRESENTATION_LAYER_ASSIGNMENT (  '', '', ( #7056 ) ) ;
#4103 = CARTESIAN_POINT ( 'NONE',  ( 1.974407258455723957, 1.449999877060272890, -1.447989611748359051 ) ) ;
#4104 = DIRECTION ( 'NONE',  ( -0.000000000000000000, -1.000000000000000000, 1.224646799147353207E-16 ) ) ;
#4105 = CARTESIAN_POINT ( 'NONE',  ( 1.933128639347975186, 1.449999999999999956, -1.485565012744130664 ) ) ;
#4106 = AXIS2_PLACEMENT_3D ( 'NONE', #5528, #10467, #3896 ) ;
#4107 = DIRECTION ( 'NONE',  ( -0.7071067811865449082, -0.000000000000000000, 0.7071067811865502373 ) ) ;
#4108 = DIRECTION ( 'NONE',  ( -0.000000000000000000, 0.000000000000000000, 1.000000000000000000 ) ) ;
#4109 = VECTOR ( 'NONE', #9140, 1000.000000000000000 ) ;
#4110 = AXIS2_PLACEMENT_3D ( 'NONE', #5793, #1599, #7452 ) ;
#4111 = CARTESIAN_POINT ( 'NONE',  ( 1.919999999999999929, 1.849999999999999867, -1.235200384405516161 ) ) ;
#4112 = ORIENTED_EDGE ( 'NONE', *, *, #1789, .F. ) ;
#4113 = LINE ( 'NONE', #693, #2039 ) ;
#4114 = CARTESIAN_POINT ( 'NONE',  ( 1.947740966925223693, 1.449999999999999734, -1.473701331080870647 ) ) ;
#4115 = CARTESIAN_POINT ( 'NONE',  ( 1.906297506684001331, 1.536900777156472886, 0.7451183755087185112 ) ) ;
#4116 = VERTEX_POINT ( 'NONE', #7768 ) ;
#4117 = ORIENTED_EDGE ( 'NONE', *, *, #4958, .F. ) ;
#4118 = DIRECTION ( 'NONE',  ( 0.7071067811865449082, -0.000000000000000000, -0.7071067811865502373 ) ) ;
#4119 = ORIENTED_EDGE ( 'NONE', *, *, #280, .T. ) ;
#4120 = CARTESIAN_POINT ( 'NONE',  ( 1.947942502722566083, 1.749999999999999556, -0.7403961109355766679 ) ) ;
#4121 = AXIS2_PLACEMENT_3D ( 'NONE', #3514, #3465, #2037 ) ;
#4122 = ORIENTED_EDGE ( 'NONE', *, *, #689, .T. ) ;
#4123 = CARTESIAN_POINT ( 'NONE',  ( -1.819999998572660704, 1.539480857181791063, -1.519554108468272435 ) ) ;
#4124 = VECTOR ( 'NONE', #8865, 1000.000000000000000 ) ;
#4125 = COLOUR_RGB ( '',0.8431372549019607865, 0.8156862745098039102, 0.7529411764705882248 ) ;
#4126 =( BOUNDED_CURVE ( )  B_SPLINE_CURVE ( 3, ( #9132, #9961, #3540, #2577 ),
 .UNSPECIFIED., .F., .F. ) 
 B_SPLINE_CURVE_WITH_KNOTS ( ( 4, 4 ),
 ( 5.235987755982977276, 6.283185307179586232 ),
 .UNSPECIFIED. ) 
 CURVE ( )  GEOMETRIC_REPRESENTATION_ITEM ( )  RATIONAL_B_SPLINE_CURVE ( ( 1.000000000000000000, 0.9106836025229571030, 0.9106836025229571030, 1.000000000000000000 ) ) 
 REPRESENTATION_ITEM ( '' )  );
#4127 = ORIENTED_EDGE ( 'NONE', *, *, #8761, .F. ) ;
#4128 = PRESENTATION_LAYER_ASSIGNMENT (  '', '', ( #1390 ) ) ;
#4129 = VERTEX_POINT ( 'NONE', #8713 ) ;
#4130 = ORIENTED_EDGE ( 'NONE', *, *, #529, .T. ) ;
#4131 = ORIENTED_EDGE ( 'NONE', *, *, #2109, .T. ) ;
#4132 = FACE_OUTER_BOUND ( 'NONE', #3191, .T. ) ;
#4133 = DIRECTION ( 'NONE',  ( 0.000000000000000000, 0.000000000000000000, -1.000000000000000000 ) ) ;
#4134 = SURFACE_SIDE_STYLE ('',( #5808 ) ) ;
#4135 = CARTESIAN_POINT ( 'NONE',  ( 1.389289321881345574, 1.550000000000000266, 1.340142853498727860 ) ) ;
#4136 = DIRECTION ( 'NONE',  ( -0.000000000000000000, -0.000000000000000000, 1.000000000000000000 ) ) ;
#4137 = FILL_AREA_STYLE ('',( #3305 ) ) ;
#4138 = VECTOR ( 'NONE', #9387, 1000.000000000000000 ) ;
#4139 = FACE_OUTER_BOUND ( 'NONE', #7397, .T. ) ;
#4140 = ORIENTED_EDGE ( 'NONE', *, *, #8567, .T. ) ;
#4141 = CIRCLE ( 'NONE', #33, 0.1000000000000000472 ) ;
#4142 = SURFACE_SIDE_STYLE ('',( #4244 ) ) ;
#4143 = CARTESIAN_POINT ( 'NONE',  ( -2.026363480482510138, -0.6955033648010471303, -0.7949999999999999289 ) ) ;
#4144 =( LENGTH_UNIT ( ) NAMED_UNIT ( * ) SI_UNIT ( .MILLI., .METRE. ) );
#4145 = LINE ( 'NONE', #7432, #8500 ) ;
#4146 = CARTESIAN_POINT ( 'NONE',  ( -1.327268482960745732, 1.850551775759736950, 1.477626359043974880 ) ) ;
#4147 = CARTESIAN_POINT ( 'NONE',  ( 1.983889762505499199, 1.494086527115527252, -1.420841858477391195 ) ) ;
#4148 = DIRECTION ( 'NONE',  ( 0.000000000000000000, 0.000000000000000000, -1.000000000000000000 ) ) ;
#4149 = SURFACE_SIDE_STYLE ('',( #6812 ) ) ;
#4150 = ORIENTED_EDGE ( 'NONE', *, *, #10213, .T. ) ;
#4151 = CARTESIAN_POINT ( 'NONE',  ( 1.639999999999999458, 1.550000000000000266, 1.410853531617383361 ) ) ;
#4152 = CARTESIAN_POINT ( 'NONE',  ( 1.389289321881345574, 1.550000000000000266, -1.340142853498727860 ) ) ;
#4153 =( NAMED_UNIT ( * ) SI_UNIT ( $, .STERADIAN. ) SOLID_ANGLE_UNIT ( ) );
#4154 = CARTESIAN_POINT ( 'NONE',  ( -1.310883117545685872, 1.649999999999999911, -1.376122650963194305 ) ) ;
#4155 = CARTESIAN_POINT ( 'NONE',  ( -1.968055582405832560, 1.449999999583023502, -1.454332697246821349 ) ) ;
#4156 = ADVANCED_FACE ( 'NONE', ( #1417 ), #5989, .T. ) ;
#4157 = EDGE_CURVE ( 'NONE', #4709, #7607, #6561, .T. ) ;
#4158 = FACE_OUTER_BOUND ( 'NONE', #8710, .T. ) ;
#4159 = ADVANCED_FACE ( 'NONE', ( #2077 ), #5353, .T. ) ;
#4160 = ADVANCED_FACE ( 'NONE', ( #3718 ), #3209, .T. ) ;
#4161 = FACE_OUTER_BOUND ( 'NONE', #494, .T. ) ;
#4162 = EDGE_LOOP ( 'NONE', ( #3886, #10613, #9115, #2860 ) ) ;
#4163 = CARTESIAN_POINT ( 'NONE',  ( 1.354314575050763025, 1.649999999999999911, 1.419554108468272124 ) ) ;
#4164 = CARTESIAN_POINT ( 'NONE',  ( 1.988032633253842940, 1.523913479700161666, 1.404747511482704159 ) ) ;
#4165 = VERTEX_POINT ( 'NONE', #6584 ) ;
#4166 = ORIENTED_EDGE ( 'NONE', *, *, #2563, .F. ) ;
#4167 = FILL_AREA_STYLE_COLOUR ( '', #6895 ) ;
#4168 = VERTEX_POINT ( 'NONE', #5662 ) ;
#4169 = FACE_OUTER_BOUND ( 'NONE', #7201, .T. ) ;
#4170 = VERTEX_POINT ( 'NONE', #9645 ) ;
#4171 = CARTESIAN_POINT ( 'NONE',  ( 1.930724102706342649, -1.145451261138598076, 0.7950000000000003730 ) ) ;
#4172 = ADVANCED_FACE ( 'NONE', ( #18 ), #1532, .T. ) ;
#4173 = ORIENTED_EDGE ( 'NONE', *, *, #8946, .T. ) ;
#4174 = ORIENTED_EDGE ( 'NONE', *, *, #6271, .F. ) ;
#4175 = ORIENTED_EDGE ( 'NONE', *, *, #5483, .T. ) ;
#4176 = ORIENTED_EDGE ( 'NONE', *, *, #2764, .T. ) ;
#4177 = SURFACE_STYLE_FILL_AREA ( #2459 ) ;
#4178 = CARTESIAN_POINT ( 'NONE',  ( 0.4000000000000000777, 1.449999999999999956, 1.099999999999999867 ) ) ;
#4179 = ORIENTED_EDGE ( 'NONE', *, *, #417, .F. ) ;
#4180 = SURFACE_SIDE_STYLE ('',( #4941 ) ) ;
#4181 = ADVANCED_FACE ( 'NONE', ( #3112 ), #9849, .T. ) ;
#4182 = DIRECTION ( 'NONE',  ( 0.000000000000000000, 1.000000000000000000, 0.000000000000000000 ) ) ;
#4183 = DIRECTION ( 'NONE',  ( 0.000000000000000000, 0.000000000000000000, -1.000000000000000000 ) ) ;
#4184 = CARTESIAN_POINT ( 'NONE',  ( -1.848427124746192307, 2.049999999999999822, 0.9092893218813449252 ) ) ;
#4185 = ORIENTED_EDGE ( 'NONE', *, *, #4030, .T. ) ;
#4186 =( NAMED_UNIT ( * ) PLANE_ANGLE_UNIT ( ) SI_UNIT ( $, .RADIAN. ) );
#4187 = CARTESIAN_POINT ( 'NONE',  ( 1.919057536156685506, 1.849995558710894938, -1.235200384405516161 ) ) ;
#4188 = PLANE ( 'NONE',  #8268 ) ;
#4189 = EDGE_CURVE ( 'NONE', #6514, #4450, #3975, .T. ) ;
#4190 =( NAMED_UNIT ( * ) SI_UNIT ( $, .STERADIAN. ) SOLID_ANGLE_UNIT ( ) );
#4191 = DIRECTION ( 'NONE',  ( -0.3447561378323560355, -0.7001135404623790581, -0.6252873226670683238 ) ) ;
#4192 = CARTESIAN_POINT ( 'NONE',  ( 2.100000000000000089, 0.06999999926500789782, -1.354999999999999982 ) ) ;
#4193 = CYLINDRICAL_SURFACE ( 'NONE', #1664, 0.1000000000000000472 ) ;
#4194 = CARTESIAN_POINT ( 'NONE',  ( 2.020000000000000462, 1.590982664450489414, -0.8192971287692552007 ) ) ;
#4195 = VECTOR ( 'NONE', #5238, 1000.000000000000000 ) ;
#4196 = EDGE_LOOP ( 'NONE', ( #6371, #7257, #2058, #7037 ) ) ;
#4197 = DIRECTION ( 'NONE',  ( 0.000000000000000000, 0.000000000000000000, -1.000000000000000000 ) ) ;
#4198 = LINE ( 'NONE', #7549, #831 ) ;
#4199 = EDGE_CURVE ( 'NONE', #2251, #2153, #3158, .T. ) ;
#4200 = DIRECTION ( 'NONE',  ( -1.000000000000000000, 0.000000000000000000, 0.000000000000000000 ) ) ;
#4201 = EDGE_CURVE ( 'NONE', #7954, #373, #7327, .T. ) ;
#4202 = ORIENTED_EDGE ( 'NONE', *, *, #5573, .F. ) ;
#4203 = FACE_OUTER_BOUND ( 'NONE', #3634, .T. ) ;
#4204 = CARTESIAN_POINT ( 'NONE',  ( 1.820000000000000062, 1.449999999999999956, -1.319554108468271814 ) ) ;
#4205 = CIRCLE ( 'NONE', #3507, 0.1000000000000002554 ) ;
#4206 =( LENGTH_UNIT ( ) NAMED_UNIT ( * ) SI_UNIT ( .MILLI., .METRE. ) );
#4207 = DIRECTION ( 'NONE',  ( 0.7071067811865456854, 0.000000000000000000, 0.7071067811865493491 ) ) ;
#4208 = CARTESIAN_POINT ( 'NONE',  ( -1.920000000000000373, 1.649999999999999911, 0.8538686835190338886 ) ) ;
#4209 = ADVANCED_FACE ( 'NONE', ( #7279 ), #2319, .F. ) ;
#4210 = MECHANICAL_DESIGN_GEOMETRIC_PRESENTATION_REPRESENTATION (  '', ( #6632 ), #4029 ) ;
#4211 = CIRCLE ( 'NONE', #2488, 0.1000000000000000472 ) ;
#4212 = DIRECTION ( 'NONE',  ( -0.7071067811865475727, -0.000000000000000000, 0.7071067811865474617 ) ) ;
#4213 = ORIENTED_EDGE ( 'NONE', *, *, #9959, .T. ) ;
#4214 = CARTESIAN_POINT ( 'NONE',  ( 0.4000000000000000222, 1.550000000000000266, 0.000000000000000000 ) ) ;
#4215 =( NAMED_UNIT ( * ) PLANE_ANGLE_UNIT ( ) SI_UNIT ( $, .RADIAN. ) );
#4216 = ADVANCED_FACE ( 'NONE', ( #4954 ), #8083, .F. ) ;
#4217 = ORIENTED_EDGE ( 'NONE', *, *, #5769, .F. ) ;
#4218 = ORIENTED_EDGE ( 'NONE', *, *, #7140, .F. ) ;
#4219 = CYLINDRICAL_SURFACE ( 'NONE', #7877, 0.1000000000000002554 ) ;
#4220 = VECTOR ( 'NONE', #8009, 1000.000000000000000 ) ;
#4221 = VERTEX_POINT ( 'NONE', #5822 ) ;
#4222 = FACE_OUTER_BOUND ( 'NONE', #2766, .T. ) ;
#4223 = ORIENTED_EDGE ( 'NONE', *, *, #5929, .F. ) ;
#4224 = DIRECTION ( 'NONE',  ( 0.3719458362746736468, 0.9282544343432644895, 2.090662742047476139E-16 ) ) ;
#4225 = EDGE_LOOP ( 'NONE', ( #7707, #8983, #109, #5309 ) ) ;
#4226 = FACE_OUTER_BOUND ( 'NONE', #3140, .T. ) ;
#4227 = CIRCLE ( 'NONE', #8187, 0.09999999999999997780 ) ;
#4228 = ADVANCED_FACE ( 'NONE', ( #8495 ), #2336, .T. ) ;
#4229 = ORIENTED_EDGE ( 'NONE', *, *, #5801, .F. ) ;
#4230 = ORIENTED_EDGE ( 'NONE', *, *, #1986, .T. ) ;
#4231 = CARTESIAN_POINT ( 'NONE',  ( -2.100000000000000089, 0.1699999985300154615, -1.354999999999999982 ) ) ;
#4232 = CARTESIAN_POINT ( 'NONE',  ( -1.354314575050763247, 1.849995558710894716, -1.418611644624956591 ) ) ;
#4233 = EDGE_LOOP ( 'NONE', ( #7886, #1959, #2929, #5034, #7092, #9335 ) ) ;
#4234 = CARTESIAN_POINT ( 'NONE',  ( 1.600000000000000977, 0.07000000000000000666, -0.5500000000000000444 ) ) ;
#4235 = CARTESIAN_POINT ( 'NONE',  ( 1.961421356237310176, 1.449999999999999512, 1.460975464705581484 ) ) ;
#4236 = STYLED_ITEM ( 'NONE', ( #4674 ), #1307 ) ;
#4237 = CARTESIAN_POINT ( 'NONE',  ( -2.049999999999999822, 1.449999999999999956, -1.500000000000000000 ) ) ;
#4238 = CARTESIAN_POINT ( 'NONE',  ( 1.920000000000000151, 1.749999999999999778, -1.235200384405516605 ) ) ;
#4239 = VECTOR ( 'NONE', #2081, 1000.000000000000000 ) ;
#4240 = UNCERTAINTY_MEASURE_WITH_UNIT (LENGTH_MEASURE( 1.000000000000000082E-05 ), #7566, 'distance_accuracy_value', 'NONE');
#4241 = FACE_OUTER_BOUND ( 'NONE', #4523, .T. ) ;
#4242 = ORIENTED_EDGE ( 'NONE', *, *, #9267, .T. ) ;
#4243 = DIRECTION ( 'NONE',  ( -0.000000000000000000, 1.000000000000000000, -0.000000000000000000 ) ) ;
#4244 = SURFACE_STYLE_FILL_AREA ( #6688 ) ;
#4245 = AXIS2_PLACEMENT_3D ( 'NONE', #1094, #6693, #4361 ) ;
#4246 = DIRECTION ( 'NONE',  ( 0.000000000000000000, 0.000000000000000000, 1.000000000000000000 ) ) ;
#4247 = CARTESIAN_POINT ( 'NONE',  ( -1.639999999999999458, 1.449999999999999956, 0.2144761058952750210 ) ) ;
#4248 = DIRECTION ( 'NONE',  ( 0.000000000000000000, 0.000000000000000000, -1.000000000000000000 ) ) ;
#4249 = CARTESIAN_POINT ( 'NONE',  ( -1.928548720409129613, -0.6747121957192713237, -0.8435786437626897616 ) ) ;
#4250 = AXIS2_PLACEMENT_3D ( 'NONE', #3394, #9100, #942 ) ;
#4251 = VECTOR ( 'NONE', #5787, 1000.000000000000000 ) ;
#4252 = DIRECTION ( 'NONE',  ( 1.000000000000000000, 0.000000000000000000, -0.000000000000000000 ) ) ;
#4253 = ORIENTED_EDGE ( 'NONE', *, *, #7657, .T. ) ;
#4254 = CARTESIAN_POINT ( 'NONE',  ( -1.961421356237309732, 1.449999999999999512, -1.460975464705581706 ) ) ;
#4255 = CIRCLE ( 'NONE', #2369, 0.09999999999999985290 ) ;
#4256 = AXIS2_PLACEMENT_3D ( 'NONE', #9369, #5301, #9430 ) ;
#4257 = CARTESIAN_POINT ( 'NONE',  ( -2.000000000000000888, 1.449999999999999956, 1.500000000000000000 ) ) ;
#4258 = EDGE_LOOP ( 'NONE', ( #1766, #7075, #4494, #3863 ) ) ;
#4259 = CARTESIAN_POINT ( 'NONE',  ( -1.210883117545685783, 1.750000000000000000, 1.376122650963194305 ) ) ;
#4260 = SURFACE_STYLE_USAGE ( .BOTH. , #2640 ) ;
#4261 = PLANE ( 'NONE',  #10118 ) ;
#4262 = DIRECTION ( 'NONE',  ( -0.000000000000000000, -0.000000000000000000, 1.000000000000000000 ) ) ;
#4263 = COLOUR_RGB ( '',1.000000000000000000, 1.000000000000000000, 1.000000000000000000 ) ;
#4264 = DIRECTION ( 'NONE',  ( 0.000000000000000000, -1.000000000000000000, 0.000000000000000000 ) ) ;
#4265 = CARTESIAN_POINT ( 'NONE',  ( 1.820000000000000062, 1.449999999999999956, 1.519554108468272435 ) ) ;
#4266 = DIRECTION ( 'NONE',  ( -0.6803263325383779314, 0.2726025724559825725, -0.6803263325384819593 ) ) ;
#4267 = VECTOR ( 'NONE', #3817, 1000.000000000000114 ) ;
#4268 = CARTESIAN_POINT ( 'NONE',  ( -1.500000000000000000, 0.07000000000000032585, 1.449999999999999734 ) ) ;
#4269 = VECTOR ( 'NONE', #4087, 1000.000000000000000 ) ;
#4270 = DIRECTION ( 'NONE',  ( 0.000000000000000000, 0.000000000000000000, -1.000000000000000000 ) ) ;
#4271 = SURFACE_STYLE_FILL_AREA ( #9270 ) ;
#4272 = ORIENTED_EDGE ( 'NONE', *, *, #1970, .T. ) ;
#4273 = ORIENTED_EDGE ( 'NONE', *, *, #1321, .T. ) ;
#4274 = AXIS2_PLACEMENT_3D ( 'NONE', #2857, #471, #8623 ) ;
#4275 = FACE_OUTER_BOUND ( 'NONE', #5775, .T. ) ;
#4276 = ORIENTED_EDGE ( 'NONE', *, *, #3545, .T. ) ;
#4277 = SURFACE_SIDE_STYLE ('',( #9158 ) ) ;
#4278 = ORIENTED_EDGE ( 'NONE', *, *, #7864, .T. ) ;
#4279 = SURFACE_STYLE_USAGE ( .BOTH. , #4443 ) ;
#4280 = VECTOR ( 'NONE', #619, 1000.000000000000000 ) ;
#4281 = ADVANCED_FACE ( 'NONE', ( #8445 ), #4188, .F. ) ;
#4282 = VERTEX_POINT ( 'NONE', #6690 ) ;
#4283 = FACE_OUTER_BOUND ( 'NONE', #5376, .T. ) ;
#4284 = ORIENTED_EDGE ( 'NONE', *, *, #2834, .F. ) ;
#4285 = EDGE_LOOP ( 'NONE', ( #4566, #2300, #4508, #3961, #2331 ) ) ;
#4286 = PLANE ( 'NONE',  #4595 ) ;
#4287 = AXIS2_PLACEMENT_3D ( 'NONE', #5712, #664, #1412 ) ;
#4288 = CARTESIAN_POINT ( 'NONE',  ( -1.283271467065781213, 1.820764999460560141, -1.460423429269551931 ) ) ;
#4289 = CARTESIAN_POINT ( 'NONE',  ( 1.283271467065781435, 1.820373552379055404, -1.418890833723894573 ) ) ;
#4290 = VERTEX_POINT ( 'NONE', #927 ) ;
#4291 = DIRECTION ( 'NONE',  ( -0.3719458362746738689, -0.9282544343432642675, 0.000000000000000000 ) ) ;
#4292 = DIRECTION ( 'NONE',  ( 0.7071067811865449082, -0.000000000000000000, 0.7071067811865502373 ) ) ;
#4293 = DIRECTION ( 'NONE',  ( 0.000000000000000000, -1.000000000000000000, 0.000000000000000000 ) ) ;
#4294 = LINE ( 'NONE', #227, #1791 ) ;
#4295 = EDGE_CURVE ( 'NONE', #814, #455, #3263, .T. ) ;
#4296 = EDGE_CURVE ( 'NONE', #8378, #1936, #4141, .T. ) ;
#4297 = EDGE_CURVE ( 'NONE', #4986, #472, #9241, .T. ) ;
#4298 = EDGE_CURVE ( 'NONE', #5061, #8624, #7538, .T. ) ;
#4299 = VERTEX_POINT ( 'NONE', #4304 ) ;
#4300 = CARTESIAN_POINT ( 'NONE',  ( 1.460000000000000187, 1.550000000000000266, 0.8600000000000000977 ) ) ;
#4301 = ORIENTED_EDGE ( 'NONE', *, *, #1473, .T. ) ;
#4302 = FACE_BOUND ( 'NONE', #3953, .T. ) ;
#4303 = PLANE ( 'NONE',  #362 ) ;
#4304 = CARTESIAN_POINT ( 'NONE',  ( -1.399999999999999689, 0.07000000000000000666, 1.550000000000000266 ) ) ;
#4305 = AXIS2_PLACEMENT_3D ( 'NONE', #7183, #10161, #1988 ) ;
#4306 = CARTESIAN_POINT ( 'NONE',  ( -1.210883117545685783, 1.649999999999990141, -1.317105315413683586 ) ) ;
#4307 = FACE_OUTER_BOUND ( 'NONE', #1760, .T. ) ;
#4308 = CARTESIAN_POINT ( 'NONE',  ( 1.359999999999999876, 1.550000000000000266, 1.410853531617382917 ) ) ;
#4309 = CARTESIAN_POINT ( 'NONE',  ( 1.978072250575702462, 1.649999999999999911, -0.7533169077592972718 ) ) ;
#4310 =( GEOMETRIC_REPRESENTATION_CONTEXT ( 3 ) GLOBAL_UNCERTAINTY_ASSIGNED_CONTEXT ( ( #4095 ) ) GLOBAL_UNIT_ASSIGNED_CONTEXT ( ( #7959, #10430, #2359 ) ) REPRESENTATION_CONTEXT ( 'NONE', 'WORKASPACE' ) );
#4311 = EDGE_LOOP ( 'NONE', ( #6030, #492, #151, #8256 ) ) ;
#4312 = CARTESIAN_POINT ( 'NONE',  ( 2.020000000000000462, 2.049999999999999822, -1.319554108468272036 ) ) ;
#4313 = CARTESIAN_POINT ( 'NONE',  ( -1.952926365165766676, 1.458843412017418961, -1.465926955033529877 ) ) ;
#4314 =( NAMED_UNIT ( * ) SI_UNIT ( $, .STERADIAN. ) SOLID_ANGLE_UNIT ( ) );
#4315 = FILL_AREA_STYLE_COLOUR ( '', #3067 ) ;
#4316 = VERTEX_POINT ( 'NONE', #1090 ) ;
#4317 = FACE_OUTER_BOUND ( 'NONE', #10158, .T. ) ;
#4318 = CARTESIAN_POINT ( 'NONE',  ( -1.919057536156685728, 1.849995558710894494, -1.277388429508029555 ) ) ;
#4319 = CARTESIAN_POINT ( 'NONE',  ( 1.023599564173221177, 1.449999999999999956, -1.519554108468272435 ) ) ;
#4320 = DIRECTION ( 'NONE',  ( 1.000000000000000000, 0.000000000000000000, -9.866381877431726115E-16 ) ) ;
#4321 = DIRECTION ( 'NONE',  ( 0.000000000000000000, 0.000000000000000000, -1.000000000000000000 ) ) ;
#4322 = AXIS2_PLACEMENT_3D ( 'NONE', #6339, #10201, #5525 ) ;
#4323 = DIRECTION ( 'NONE',  ( -1.000000000000000000, 0.000000000000000000, -0.000000000000000000 ) ) ;
#4324 = EDGE_CURVE ( 'NONE', #6828, #8110, #8925, .T. ) ;
#4325 = CARTESIAN_POINT ( 'NONE',  ( -1.983889762505499199, 1.494086527115527252, -1.420841858477391195 ) ) ;
#4326 = EDGE_CURVE ( 'NONE', #2291, #793, #9464, .T. ) ;
#4327 = LINE ( 'NONE', #5845, #3906 ) ;
#4328 = DIRECTION ( 'NONE',  ( 9.866381877431726115E-16, 0.000000000000000000, -1.000000000000000000 ) ) ;
#4329 = ORIENTED_EDGE ( 'NONE', *, *, #9832, .F. ) ;
#4330 = ORIENTED_EDGE ( 'NONE', *, *, #6260, .T. ) ;
#4331 = CYLINDRICAL_SURFACE ( 'NONE', #7219, 0.09999999999999992228 ) ;
#4332 = VERTEX_POINT ( 'NONE', #4578 ) ;
#4333 = CARTESIAN_POINT ( 'NONE',  ( -1.906297506684001553, 1.537526402268321490, 0.8114972960866301266 ) ) ;
#4334 = ORIENTED_EDGE ( 'NONE', *, *, #722, .T. ) ;
#4335 = ADVANCED_FACE ( 'NONE', ( #3598 ), #3812, .F. ) ;
#4336 = ORIENTED_EDGE ( 'NONE', *, *, #1176, .T. ) ;
#4337 = DIRECTION ( 'NONE',  ( 0.3719458362746718705, 0.9282544343432650447, -2.868381840042504953E-15 ) ) ;
#4338 = VERTEX_POINT ( 'NONE', #3759 ) ;
#4339 = VERTEX_POINT ( 'NONE', #2156 ) ;
#4340 = EDGE_CURVE ( 'NONE', #2901, #7300, #6256, .T. ) ;
#4341 =( NAMED_UNIT ( * ) PLANE_ANGLE_UNIT ( ) SI_UNIT ( $, .RADIAN. ) );
#4342 = DIRECTION ( 'NONE',  ( 0.7071067811865492381, 0.000000000000000000, 0.7071067811865457964 ) ) ;
#4343 = ORIENTED_EDGE ( 'NONE', *, *, #889, .F. ) ;
#4344 = DIRECTION ( 'NONE',  ( 1.000000000000000000, 0.000000000000000000, -0.000000000000000000 ) ) ;
#4345 = EDGE_CURVE ( 'NONE', #2718, #4221, #10222, .T. ) ;
#4346 = FACE_OUTER_BOUND ( 'NONE', #5475, .T. ) ;
#4347 = DIRECTION ( 'NONE',  ( -1.000000000000000000, -0.000000000000000000, -0.000000000000000000 ) ) ;
#4348 = DIRECTION ( 'NONE',  ( 0.000000000000000000, -1.000000000000000000, 0.000000000000000000 ) ) ;
#4349 = EDGE_CURVE ( 'NONE', #9101, #7135, #2783, .T. ) ;
#4350 = CIRCLE ( 'NONE', #420, 0.1000000000000001582 ) ;
#4351 = CARTESIAN_POINT ( 'NONE',  ( 1.360000000000000098, 1.550000000000000266, -1.600000000000000089 ) ) ;
#4352 = VERTEX_POINT ( 'NONE', #450 ) ;
#4353 = DIRECTION ( 'NONE',  ( 0.000000000000000000, 1.000000000000000000, 0.000000000000000000 ) ) ;
#4354 = FILL_AREA_STYLE_COLOUR ( '', #4125 ) ;
#4355 = EDGE_CURVE ( 'NONE', #1231, #4129, #3648, .T. ) ;
#4356 = EDGE_CURVE ( 'NONE', #7841, #9501, #9402, .T. ) ;
#4357 = UNCERTAINTY_MEASURE_WITH_UNIT (LENGTH_MEASURE( 1.000000000000000082E-05 ), #926, 'distance_accuracy_value', 'NONE');
#4358 = CARTESIAN_POINT ( 'NONE',  ( -1.379878082740623846, 1.549878082740623553, 1.478021198630626420 ) ) ;
#4359 = CARTESIAN_POINT ( 'NONE',  ( -1.210883117545685783, 1.649999999999999911, -1.376122650963194305 ) ) ;
#4360 = EDGE_CURVE ( 'NONE', #10320, #8625, #6042, .T. ) ;
#4361 = DIRECTION ( 'NONE',  ( 0.000000000000000000, 0.000000000000000000, -1.000000000000000000 ) ) ;
#4362 = CARTESIAN_POINT ( 'NONE',  ( -1.638275862068965028, 1.550000000000000266, -0.2329654253690052468 ) ) ;
#4363 = EDGE_LOOP ( 'NONE', ( #1608, #3183, #8211, #5229 ) ) ;
#4364 = CIRCLE ( 'NONE', #5402, 0.1000000000000000472 ) ;
#4365 = CARTESIAN_POINT ( 'NONE',  ( 1.310883117545685650, 1.649999999999999911, -1.376122650963194527 ) ) ;
#4366 = CARTESIAN_POINT ( 'NONE',  ( 1.954778588778493198, 1.449999999583023502, -1.467609690874161377 ) ) ;
#4367 = CARTESIAN_POINT ( 'NONE',  ( 1.539999999999999591, 1.550000000000000266, -0.2144761058952749655 ) ) ;
#4368 = EDGE_CURVE ( 'NONE', #4352, #5304, #5434, .T. ) ;
#4369 = ORIENTED_EDGE ( 'NONE', *, *, #7791, .F. ) ;
#4370 = CARTESIAN_POINT ( 'NONE',  ( 2.100000000000000089, 0.07000000000000061728, 0.000000000000000000 ) ) ;
#4371 = CARTESIAN_POINT ( 'NONE',  ( -1.978072250575702906, 1.850551775759736506, -1.235200384405516827 ) ) ;
#4372 = DIRECTION ( 'NONE',  ( 0.000000000000000000, -1.000000000000000000, 0.000000000000000000 ) ) ;
#4373 = UNCERTAINTY_MEASURE_WITH_UNIT (LENGTH_MEASURE( 1.000000000000000082E-05 ), #786, 'distance_accuracy_value', 'NONE');
#4374 =( NAMED_UNIT ( * ) PLANE_ANGLE_UNIT ( ) SI_UNIT ( $, .RADIAN. ) );
#4375 = LINE ( 'NONE', #8617, #5088 ) ;
#4376 = AXIS2_PLACEMENT_3D ( 'NONE', #6171, #4320, #1916 ) ;
#4377 = CARTESIAN_POINT ( 'NONE',  ( 1.210883117545685783, 1.649999999999999911, -1.376122650963194527 ) ) ;
#4378 = AXIS2_PLACEMENT_3D ( 'NONE', #1112, #9977, #9102 ) ;
#4379 =( NAMED_UNIT ( * ) SI_UNIT ( $, .STERADIAN. ) SOLID_ANGLE_UNIT ( ) );
#4380 = FACE_OUTER_BOUND ( 'NONE', #7568, .T. ) ;
#4381 = UNCERTAINTY_MEASURE_WITH_UNIT (LENGTH_MEASURE( 1.000000000000000082E-05 ), #7948, 'distance_accuracy_value', 'NONE');
#4382 = DIRECTION ( 'NONE',  ( -0.000000000000000000, 1.000000000000000000, 0.000000000000000000 ) ) ;
#4383 = VECTOR ( 'NONE', #6692, 1000.000000000000227 ) ;
#4384 = ORIENTED_EDGE ( 'NONE', *, *, #4360, .T. ) ;
#4385 = EDGE_LOOP ( 'NONE', ( #140, #7460, #2919, #8964, #10574 ) ) ;
#4386 = ORIENTED_EDGE ( 'NONE', *, *, #10001, .F. ) ;
#4387 = LINE ( 'NONE', #4500, #3127 ) ;
#4388 = ORIENTED_EDGE ( 'NONE', *, *, #8952, .F. ) ;
#4389 = AXIS2_PLACEMENT_3D ( 'NONE', #608, #3616, #8081 ) ;
#4390 =( GEOMETRIC_REPRESENTATION_CONTEXT ( 3 ) GLOBAL_UNCERTAINTY_ASSIGNED_CONTEXT ( ( #9516 ) ) GLOBAL_UNIT_ASSIGNED_CONTEXT ( ( #4775, #8074, #716 ) ) REPRESENTATION_CONTEXT ( 'NONE', 'WORKASPACE' ) );
#4391 = ORIENTED_EDGE ( 'NONE', *, *, #5811, .T. ) ;
#4392 = CIRCLE ( 'NONE', #10074, 0.1000000000000180883 ) ;
#4393 = CARTESIAN_POINT ( 'NONE',  ( 1.389289321881345574, 1.550000000000000266, 1.340142853498728082 ) ) ;
#4394 = ORIENTED_EDGE ( 'NONE', *, *, #8756, .T. ) ;
#4395 = ORIENTED_EDGE ( 'NONE', *, *, #4485, .F. ) ;
#4396 = CARTESIAN_POINT ( 'NONE',  ( -1.283271467065781435, 1.820373552379055404, -1.418890833723893907 ) ) ;
#4397 = LINE ( 'NONE', #6904, #7404 ) ;
#4398 = VERTEX_POINT ( 'NONE', #1204 ) ;
#4399 = AXIS2_PLACEMENT_3D ( 'NONE', #9820, #10619, #6765 ) ;
#4400 = CARTESIAN_POINT ( 'NONE',  ( 2.399999999999999023, 2.500000000000000000, -1.000000000000000000 ) ) ;
#4401 = CARTESIAN_POINT ( 'NONE',  ( 1.302305608210474253, 1.802874257930792812, 1.509145170888288812 ) ) ;
#4402 = DIRECTION ( 'NONE',  ( 5.732077271949496718E-16, 0.000000000000000000, -1.000000000000000000 ) ) ;
#4403 = CARTESIAN_POINT ( 'NONE',  ( 1.924677895583243092, 1.449999999999999956, 1.490224383672699382 ) ) ;
#4404 = SURFACE_SIDE_STYLE ('',( #7057 ) ) ;
#4405 = CARTESIAN_POINT ( 'NONE',  ( 1.805857864376268385, 1.649999999999999911, 0.7397265478953024553 ) ) ;
#4406 =( GEOMETRIC_REPRESENTATION_CONTEXT ( 3 ) GLOBAL_UNCERTAINTY_ASSIGNED_CONTEXT ( ( #286 ) ) GLOBAL_UNIT_ASSIGNED_CONTEXT ( ( #9354, #7764, #404 ) ) REPRESENTATION_CONTEXT ( 'NONE', 'WORKASPACE' ) );
#4407 = VECTOR ( 'NONE', #10603, 1000.000000000000000 ) ;
#4408 = SURFACE_STYLE_FILL_AREA ( #1199 ) ;
#4409 = ORIENTED_EDGE ( 'NONE', *, *, #5993, .T. ) ;
#4410 = FILL_AREA_STYLE ('',( #1139 ) ) ;
#4411 = SURFACE_STYLE_FILL_AREA ( #6255 ) ;
#4412 = PRESENTATION_LAYER_ASSIGNMENT (  '', '', ( #1499 ) ) ;
#4413 = CARTESIAN_POINT ( 'NONE',  ( 2.013186970164015044, 1.512602837497155628, -1.384125279259983632 ) ) ;
#4414 = FACE_OUTER_BOUND ( 'NONE', #9079, .T. ) ;
#4415 = VECTOR ( 'NONE', #8279, 1000.000000000000000 ) ;
#4416 = EDGE_CURVE ( 'NONE', #3274, #7954, #391, .T. ) ;
#4417 = EDGE_LOOP ( 'NONE', ( #5501, #4100, #7838, #5970, #4065, #2100, #547 ) ) ;
#4418 = ORIENTED_EDGE ( 'NONE', *, *, #3957, .F. ) ;
#4419 = DIRECTION ( 'NONE',  ( 0.000000000000000000, -0.000000000000000000, -1.000000000000000000 ) ) ;
#4420 = CARTESIAN_POINT ( 'NONE',  ( 1.820000000000000062, 1.539480857753715792, -1.419554108468271236 ) ) ;
#4421 = AXIS2_PLACEMENT_3D ( 'NONE', #7320, #4786, #8080 ) ;
#4422 = CARTESIAN_POINT ( 'NONE',  ( 1.761347234272319984, 1.749057536156685799, 1.519549667179166619 ) ) ;
#4423 = DIRECTION ( 'NONE',  ( -0.000000000000000000, 1.000000000000000000, -0.000000000000000000 ) ) ;
#4424 = DIRECTION ( 'NONE',  ( -1.000000000000000000, 0.000000000000000000, -0.000000000000000000 ) ) ;
#4425 = CARTESIAN_POINT ( 'NONE',  ( -1.600000000000000977, 0.07000000000000000666, 0.5500000000000000444 ) ) ;
#4426 = FACE_OUTER_BOUND ( 'NONE', #8179, .T. ) ;
#4427 = EDGE_CURVE ( 'NONE', #8522, #8167, #10332, .T. ) ;
#4428 = EDGE_CURVE ( 'NONE', #5164, #6508, #2994, .T. ) ;
#4429 = AXIS2_PLACEMENT_3D ( 'NONE', #4367, #7490, #5233 ) ;
#4430 =( NAMED_UNIT ( * ) PLANE_ANGLE_UNIT ( ) SI_UNIT ( $, .RADIAN. ) );
#4431 = VECTOR ( 'NONE', #2843, 1000.000000000000000 ) ;
#4432 = CARTESIAN_POINT ( 'NONE',  ( -1.310883117545686316, 1.649999999999999911, 1.376122650963193861 ) ) ;
#4433 = CARTESIAN_POINT ( 'NONE',  ( 1.978072250575702906, 1.850551775759737394, 0.7949668169996787492 ) ) ;
#4434 = CARTESIAN_POINT ( 'NONE',  ( 1.876568542494923886, 1.849999999999999867, 0.8104372260139570683 ) ) ;
#4435 = VERTEX_POINT ( 'NONE', #6209 ) ;
#4436 = EDGE_LOOP ( 'NONE', ( #8401, #10443, #962, #4395, #2781, #2246, #2152, #3466, #3580, #8040, #3846, #2701 ) ) ;
#4437 =( GEOMETRIC_REPRESENTATION_CONTEXT ( 3 ) GLOBAL_UNCERTAINTY_ASSIGNED_CONTEXT ( ( #5245 ) ) GLOBAL_UNIT_ASSIGNED_CONTEXT ( ( #10402, #2233, #9488 ) ) REPRESENTATION_CONTEXT ( 'NONE', 'WORKASPACE' ) );
#4438 =( LENGTH_UNIT ( ) NAMED_UNIT ( * ) SI_UNIT ( .MILLI., .METRE. ) );
#4439 = VERTEX_POINT ( 'NONE', #8702 ) ;
#4440 = DIRECTION ( 'NONE',  ( -0.7071067811865486830, 0.000000000000000000, 0.7071067811865464625 ) ) ;
#4441 = COLOUR_RGB ( '',1.000000000000000000, 1.000000000000000000, 1.000000000000000000 ) ;
#4442 = ORIENTED_EDGE ( 'NONE', *, *, #4416, .F. ) ;
#4443 = SURFACE_SIDE_STYLE ('',( #374 ) ) ;
#4444 = VECTOR ( 'NONE', #2554, 1000.000000000000000 ) ;
#4445 = MECHANICAL_DESIGN_GEOMETRIC_PRESENTATION_REPRESENTATION (  '', ( #8902 ), #5313 ) ;
#4446 = VECTOR ( 'NONE', #4182, 1000.000000000000000 ) ;
#4447 = AXIS2_PLACEMENT_3D ( 'NONE', #10316, #6242, #4562 ) ;
#4448 = EDGE_LOOP ( 'NONE', ( #3297, #6995, #5757, #7453 ) ) ;
#4449 = ORIENTED_EDGE ( 'NONE', *, *, #1848, .F. ) ;
#4450 = VERTEX_POINT ( 'NONE', #5338 ) ;
#4451 =( NAMED_UNIT ( * ) SI_UNIT ( $, .STERADIAN. ) SOLID_ANGLE_UNIT ( ) );
#4452 = VERTEX_POINT ( 'NONE', #2114 ) ;
#4453 = CARTESIAN_POINT ( 'NONE',  ( 1.990710678118655652, 1.649999999999999911, 0.7831580054003790536 ) ) ;
#4454 = AXIS2_PLACEMENT_3D ( 'NONE', #3847, #7055, #8795 ) ;
#4455 = SURFACE_SIDE_STYLE ('',( #5265 ) ) ;
#4456 = COLOUR_RGB ( '',1.000000000000000000, 1.000000000000000000, 1.000000000000000000 ) ;
#4457 = CARTESIAN_POINT ( 'NONE',  ( -2.100000000000000977, 1.399999999999999689, 1.536602540378444459 ) ) ;
#4458 = DIRECTION ( 'NONE',  ( 0.000000000000000000, -0.3719458362746750346, -0.9282544343432637124 ) ) ;
#4459 = EDGE_CURVE ( 'NONE', #7570, #6045, #8103, .T. ) ;
#4460 = ADVANCED_FACE ( 'NONE', ( #8547 ), #9565, .T. ) ;
#4461 = AXIS2_PLACEMENT_3D ( 'NONE', #7360, #1561, #9876 ) ;
#4462 = AXIS2_PLACEMENT_3D ( 'NONE', #4234, #2318, #4344 ) ;
#4463 = VERTEX_POINT ( 'NONE', #2941 ) ;
#4464 = VECTOR ( 'NONE', #8589, 1000.000000000000000 ) ;
#4465 = PLANE ( 'NONE',  #5089 ) ;
#4466 = ORIENTED_EDGE ( 'NONE', *, *, #4485, .T. ) ;
#4467 = FACE_OUTER_BOUND ( 'NONE', #2791, .T. ) ;
#4468 = SURFACE_SIDE_STYLE ('',( #5275 ) ) ;
#4469 = DIRECTION ( 'NONE',  ( -0.000000000000000000, 1.000000000000000000, -0.000000000000000000 ) ) ;
#4470 = DIRECTION ( 'NONE',  ( -0.7071067811865486830, 0.000000000000000000, 0.7071067811865464625 ) ) ;
#4471 = LINE ( 'NONE', #1303, #10605 ) ;
#4472 = COLOUR_RGB ( '',1.000000000000000000, 1.000000000000000000, 1.000000000000000000 ) ;
#4473 =( BOUNDED_SURFACE ( )  B_SPLINE_SURFACE ( 3, 2, ( 
 ( #8927, #726, #9121 ),
 ( #9743, #1579, #8131 ),
 ( #7326, #10598, #3359 ),
 ( #5377, #5325, #10321 ) ),
 .UNSPECIFIED., .F., .F., .T. ) 
 B_SPLINE_SURFACE_WITH_KNOTS ( ( 4, 4 ),
 ( 3, 3 ),
 ( 5.497787143782141506, 6.001671104165806625 ),
 ( 0.000000000000000000, 1.000000000000000000 ),
 .UNSPECIFIED. ) 
 GEOMETRIC_REPRESENTATION_ITEM ( )  RATIONAL_B_SPLINE_SURFACE ( (
 ( 1.000000000000000000, 0.9166041491664833618, 1.000000000000000000),
 ( 1.000000000000000000, 0.9477825877805813315, 1.000000000000000000),
 ( 1.000000000000000000, 0.9694504683581458560, 1.000000000000000000),
 ( 1.000000000000000000, 0.9808805871845901470, 1.000000000000000000) ) ) 
 REPRESENTATION_ITEM ( '' )  SURFACE ( )  );
#4474 = ORIENTED_EDGE ( 'NONE', *, *, #3354, .T. ) ;
#4475 = SURFACE_SIDE_STYLE ('',( #8398 ) ) ;
#4476 = CARTESIAN_POINT ( 'NONE',  ( 2.000000000000000888, 0.000000000000000000, 0.5500000000000001554 ) ) ;
#4477 = ORIENTED_EDGE ( 'NONE', *, *, #8648, .F. ) ;
#4478 = STYLED_ITEM ( 'NONE', ( #2061 ), #3577 ) ;
#4479 = ORIENTED_EDGE ( 'NONE', *, *, #1743, .T. ) ;
#4480 = CARTESIAN_POINT ( 'NONE',  ( 1.210883117545685561, 1.650000000000000133, -1.317105315413683586 ) ) ;
#4481 = ADVANCED_FACE ( 'NONE', ( #8649 ), #1301, .F. ) ;
#4482 = CARTESIAN_POINT ( 'NONE',  ( 1.283271467065781435, 1.649999999999999911, 1.489930786479060743 ) ) ;
#4483 = FACE_OUTER_BOUND ( 'NONE', #3152, .T. ) ;
#4484 = CARTESIAN_POINT ( 'NONE',  ( -2.100000000000000089, 0.06999999926500789782, -0.7949999999999999289 ) ) ;
#4485 = EDGE_CURVE ( 'NONE', #3997, #1809, #5590, .T. ) ;
#4486 = CARTESIAN_POINT ( 'NONE',  ( -1.920000000000000373, 1.649999999999999911, 0.8538686835190337776 ) ) ;
#4487 = DIRECTION ( 'NONE',  ( 9.866381877431726115E-16, -0.000000000000000000, -1.000000000000000000 ) ) ;
#4488 = CARTESIAN_POINT ( 'NONE',  ( -1.860487750466343737, 1.555704050069236954, -1.519554108468272213 ) ) ;
#4489 = PRESENTATION_LAYER_ASSIGNMENT (  '', '', ( #10325 ) ) ;
#4490 = ADVANCED_FACE ( 'NONE', ( #10533 ), #6754, .T. ) ;
#4491 = CARTESIAN_POINT ( 'NONE',  ( -1.479999999999999982, 1.449999999999999956, -1.419554108468271902 ) ) ;
#4492 = CARTESIAN_POINT ( 'NONE',  ( -2.000000000000000888, 1.449999999999999956, -1.600000000000000089 ) ) ;
#4493 = FACE_BOUND ( 'NONE', #10343, .T. ) ;
#4494 = ORIENTED_EDGE ( 'NONE', *, *, #2736, .F. ) ;
#4495 = ORIENTED_EDGE ( 'NONE', *, *, #2195, .F. ) ;
#4496 = VECTOR ( 'NONE', #5180, 1000.000000000000000 ) ;
#4497 = FILL_AREA_STYLE ('',( #7093 ) ) ;
#4498 = ORIENTED_EDGE ( 'NONE', *, *, #7072, .F. ) ;
#4499 = EDGE_CURVE ( 'NONE', #5273, #9723, #10333, .T. ) ;
#4500 = CARTESIAN_POINT ( 'NONE',  ( -1.409289321881345591, 2.049999999999999822, -1.348427124746190087 ) ) ;
#4501 = EDGE_CURVE ( 'NONE', #6609, #5802, #3099, .T. ) ;
#4502 = ORIENTED_EDGE ( 'NONE', *, *, #10505, .T. ) ;
#4503 = CARTESIAN_POINT ( 'NONE',  ( 1.785249455757842219, 1.840550181944157870, -1.418700667839627672 ) ) ;
#4504 = ADVANCED_FACE ( 'NONE', ( #1509 ), #4543, .T. ) ;
#4505 = CARTESIAN_POINT ( 'NONE',  ( -1.379999999999999893, 1.649999999999999911, 1.519554108468272213 ) ) ;
#4506 = DIRECTION ( 'NONE',  ( 0.000000000000000000, 0.000000000000000000, -1.000000000000000000 ) ) ;
#4507 = FILL_AREA_STYLE_COLOUR ( '', #521 ) ;
#4508 = ORIENTED_EDGE ( 'NONE', *, *, #4629, .T. ) ;
#4509 = ORIENTED_EDGE ( 'NONE', *, *, #8461, .F. ) ;
#4510 = CARTESIAN_POINT ( 'NONE',  ( 1.240172439427031037, 1.649999999999999911, 1.446833329081849362 ) ) ;
#4511 = SURFACE_SIDE_STYLE ('',( #6953 ) ) ;
#4512 = ORIENTED_EDGE ( 'NONE', *, *, #6140, .T. ) ;
#4513 = FILL_AREA_STYLE ('',( #10163 ) ) ;
#4514 = EDGE_CURVE ( 'NONE', #7147, #907, #3679, .T. ) ;
#4515 = LINE ( 'NONE', #440, #9721 ) ;
#4516 = DIRECTION ( 'NONE',  ( 0.3719458362746736468, -0.9282544343432644895, -2.090662742047476139E-16 ) ) ;
#4517 = LINE ( 'NONE', #10562, #1659 ) ;
#4518 = EDGE_CURVE ( 'NONE', #8624, #1310, #6129, .T. ) ;
#4519 = DIRECTION ( 'NONE',  ( -0.9781476007338062439, 0.2079116908177564282, 0.000000000000000000 ) ) ;
#4520 = DIRECTION ( 'NONE',  ( 0.000000000000000000, -1.000000000000000000, 0.000000000000000000 ) ) ;
#4521 = ORIENTED_EDGE ( 'NONE', *, *, #7132, .T. ) ;
#4522 = FILL_AREA_STYLE_COLOUR ( '', #9374 ) ;
#4523 = EDGE_LOOP ( 'NONE', ( #8213, #10249, #2121, #4990 ) ) ;
#4524 = DIRECTION ( 'NONE',  ( -0.3719458362746736468, 0.9282544343432644895, -2.090662742047476139E-16 ) ) ;
#4525 = CARTESIAN_POINT ( 'NONE',  ( -1.805857864376268607, 1.649999999999999911, 0.7397265478953022333 ) ) ;
#4526 = EDGE_CURVE ( 'NONE', #512, #5586, #6990, .T. ) ;
#4527 = CARTESIAN_POINT ( 'NONE',  ( -1.888614069061014034, 1.465648472318086926, 1.510108403874999006 ) ) ;
#4528 = CARTESIAN_POINT ( 'NONE',  ( -1.820000000000000062, 1.749999999999999778, -1.419554108468272124 ) ) ;
#4529 = CIRCLE ( 'NONE', #7119, 0.09999999999999983902 ) ;
#4530 = MECHANICAL_DESIGN_GEOMETRIC_PRESENTATION_REPRESENTATION (  '', ( #1275 ), #1779 ) ;
#4531 = ORIENTED_EDGE ( 'NONE', *, *, #4459, .T. ) ;
#4532 =( NAMED_UNIT ( * ) SI_UNIT ( $, .STERADIAN. ) SOLID_ANGLE_UNIT ( ) );
#4533 = DIRECTION ( 'NONE',  ( -1.000000000000000000, -0.000000000000000000, -0.000000000000000000 ) ) ;
#4534 = ORIENTED_EDGE ( 'NONE', *, *, #1744, .F. ) ;
#4535 = FACE_OUTER_BOUND ( 'NONE', #9927, .T. ) ;
#4536 = ORIENTED_EDGE ( 'NONE', *, *, #4630, .T. ) ;
#4537 = CARTESIAN_POINT ( 'NONE',  ( -1.310883117545685650, 1.649999999999999911, 1.376122650963194527 ) ) ;
#4538 = FILL_AREA_STYLE_COLOUR ( '', #3092 ) ;
#4539 = CARTESIAN_POINT ( 'NONE',  ( 1.947942502722566083, 1.791336399908426413, 0.7403961109355768899 ) ) ;
#4540 = FACE_OUTER_BOUND ( 'NONE', #1234, .T. ) ;
#4541 = CARTESIAN_POINT ( 'NONE',  ( 1.978072250575702906, 1.850551775759736950, -0.7949668169996784162 ) ) ;
#4542 = DIRECTION ( 'NONE',  ( 1.000000000000000000, 2.168404344971007685E-15, 1.084202172485503842E-15 ) ) ;
#4543 =( BOUNDED_SURFACE ( )  B_SPLINE_SURFACE ( 3, 3, ( 
 ( #3145, #9679, #9729, #2305 ),
 ( #4774, #1571, #8073, #4838 ),
 ( #3198, #6521, #760, #4013 ),
 ( #7314, #10588, #9791, #7992 ) ),
 .UNSPECIFIED., .F., .F., .T. ) 
 B_SPLINE_SURFACE_WITH_KNOTS ( ( 4, 4 ),
 ( 4, 4 ),
 ( 0.000000000000000000, 1.000000000000000000 ),
 ( 0.000000000000000000, 1.000000000000000000 ),
 .UNSPECIFIED. ) 
 GEOMETRIC_REPRESENTATION_ITEM ( )  RATIONAL_B_SPLINE_SURFACE ( (
 ( 1.000000000000000000, 0.8025111867385934517, 0.8025111867385934517, 1.000000000000000000),
 ( 0.8002741005225364468, 0.6422289181265011804, 0.6422289181265011804, 0.8002741005225364468),
 ( 0.8002741005225364468, 0.6422289181265011804, 0.6422289181265011804, 0.8002741005225364468),
 ( 1.000000000000000000, 0.8025111867385934517, 0.8025111867385934517, 1.000000000000000000) ) ) 
 REPRESENTATION_ITEM ( '' )  SURFACE ( )  );
#4544 = CIRCLE ( 'NONE', #1622, 0.09999999999999992228 ) ;
#4545 = EDGE_CURVE ( 'NONE', #9726, #10130, #10337, .T. ) ;
#4546 = CYLINDRICAL_SURFACE ( 'NONE', #6689, 1.100000000000000089 ) ;
#4547 = ADVANCED_FACE ( 'NONE', ( #2183 ), #4560, .T. ) ;
#4548 = CARTESIAN_POINT ( 'NONE',  ( -1.354314575050763469, 1.749999999999999778, 1.519554108468271991 ) ) ;
#4549 = CARTESIAN_POINT ( 'NONE',  ( 1.360000000000000098, 1.550000000000000266, 1.410853531617383361 ) ) ;
#4550 = VERTEX_POINT ( 'NONE', #7046 ) ;
#4551 = PRESENTATION_STYLE_ASSIGNMENT (( #1277 ) ) ;
#4552 = ORIENTED_EDGE ( 'NONE', *, *, #2764, .F. ) ;
#4553 = CARTESIAN_POINT ( 'NONE',  ( -1.846839578305846441, 1.583618131211382174, 0.6979586327827721481 ) ) ;
#4554 = CIRCLE ( 'NONE', #8829, 0.1000000000000001443 ) ;
#4555 = EDGE_CURVE ( 'NONE', #2313, #3921, #6288, .T. ) ;
#4556 = VERTEX_POINT ( 'NONE', #3628 ) ;
#4557 = DIRECTION ( 'NONE',  ( 0.000000000000000000, 0.000000000000000000, -1.000000000000000000 ) ) ;
#4558 = EDGE_CURVE ( 'NONE', #5586, #10363, #2936, .T. ) ;
#4559 = AXIS2_PLACEMENT_3D ( 'NONE', #7872, #515, #3777 ) ;
#4560 = CYLINDRICAL_SURFACE ( 'NONE', #215, 0.1000000000000000472 ) ;
#4561 = VERTEX_POINT ( 'NONE', #5413 ) ;
#4562 = DIRECTION ( 'NONE',  ( 4.336808689942015369E-15, 0.000000000000000000, -1.000000000000000000 ) ) ;
#4563 = ORIENTED_EDGE ( 'NONE', *, *, #8889, .F. ) ;
#4564 = ORIENTED_EDGE ( 'NONE', *, *, #3724, .F. ) ;
#4565 = CARTESIAN_POINT ( 'NONE',  ( -1.888032633253842629, 1.566741114999319784, 1.487586741722114247 ) ) ;
#4566 = ORIENTED_EDGE ( 'NONE', *, *, #741, .T. ) ;
#4567 = PRESENTATION_STYLE_ASSIGNMENT (( #3744 ) ) ;
#4568 = CARTESIAN_POINT ( 'NONE',  ( 1.985607115428532632, 1.449999999999999956, -1.432042324383141274 ) ) ;
#4569 = AXIS2_PLACEMENT_3D ( 'NONE', #8086, #4088, #4850 ) ;
#4570 = VECTOR ( 'NONE', #3922, 1000.000000000000000 ) ;
#4571 = ADVANCED_FACE ( 'NONE', ( #4708 ), #1334, .T. ) ;
#4572 = EDGE_CURVE ( 'NONE', #3252, #373, #5707, .T. ) ;
#4573 = ORIENTED_EDGE ( 'NONE', *, *, #1858, .T. ) ;
#4574 = LINE ( 'NONE', #9508, #9737 ) ;
#4575 = VERTEX_POINT ( 'NONE', #2809 ) ;
#4576 = DIRECTION ( 'NONE',  ( -1.000000000000000000, 0.000000000000000000, 0.000000000000000000 ) ) ;
#4577 =( NAMED_UNIT ( * ) SI_UNIT ( $, .STERADIAN. ) SOLID_ANGLE_UNIT ( ) );
#4578 = CARTESIAN_POINT ( 'NONE',  ( 1.380000000000000115, 1.449999999999999956, -1.419137802864844922 ) ) ;
#4579 = CARTESIAN_POINT ( 'NONE',  ( 1.920000000000000373, 1.749999999999999778, -1.235200384405516161 ) ) ;
#4580 = CARTESIAN_POINT ( 'NONE',  ( 2.020000000000000462, 1.649999999999999911, 1.319554108468272036 ) ) ;
#4581 = CARTESIAN_POINT ( 'NONE',  ( -1.360000000000000098, 1.550000000000000266, -1.419554108468271902 ) ) ;
#4582 = VECTOR ( 'NONE', #4107, 1000.000000000000114 ) ;
#4583 = ORIENTED_EDGE ( 'NONE', *, *, #5065, .F. ) ;
#4584 = CIRCLE ( 'NONE', #5436, 0.09999999999999982514 ) ;
#4585 = FACE_OUTER_BOUND ( 'NONE', #5958, .T. ) ;
#4586 = FILL_AREA_STYLE_COLOUR ( '', #3576 ) ;
#4587 = ORIENTED_EDGE ( 'NONE', *, *, #8173, .F. ) ;
#4588 = SURFACE_STYLE_USAGE ( .BOTH. , #7923 ) ;
#4589 = ORIENTED_EDGE ( 'NONE', *, *, #10506, .F. ) ;
#4590 = DIRECTION ( 'NONE',  ( 0.000000000000000000, 0.000000000000000000, -1.000000000000000000 ) ) ;
#4591 = CARTESIAN_POINT ( 'NONE',  ( -1.888032633253842185, 1.566741114999319784, -1.487586741722114470 ) ) ;
#4592 = CYLINDRICAL_SURFACE ( 'NONE', #1470, 0.1000000000000000472 ) ;
#4593 = PLANE ( 'NONE',  #9045 ) ;
#4594 = CARTESIAN_POINT ( 'NONE',  ( -1.479999999999999982, 1.649999999999999911, -1.519554108468272213 ) ) ;
#4595 = AXIS2_PLACEMENT_3D ( 'NONE', #963, #3253, #7520 ) ;
#4596 = CARTESIAN_POINT ( 'NONE',  ( -2.081698729810778747, 1.418301270189221697, -1.568301270189222496 ) ) ;
#4597 = LINE ( 'NONE', #2697, #4778 ) ;
#4598 = VECTOR ( 'NONE', #2641, 999.9999999999998863 ) ;
#4599 = CARTESIAN_POINT ( 'NONE',  ( -1.820000000000000062, 1.539480857753717125, 1.519554108468272657 ) ) ;
#4600 = DIRECTION ( 'NONE',  ( 0.7071067811865456854, 0.000000000000000000, -0.7071067811865493491 ) ) ;
#4601 = ORIENTED_EDGE ( 'NONE', *, *, #6663, .F. ) ;
#4602 = FILL_AREA_STYLE_COLOUR ( '', #4263 ) ;
#4603 = ORIENTED_EDGE ( 'NONE', *, *, #9879, .F. ) ;
#4604 = CARTESIAN_POINT ( 'NONE',  ( -1.846839578305845997, 1.816381868788617515, 0.6979586327827717041 ) ) ;
#4605 = ORIENTED_EDGE ( 'NONE', *, *, #5593, .F. ) ;
#4606 = CARTESIAN_POINT ( 'NONE',  ( 1.761347234272320428, 1.809017335549510275, -1.519554108468272435 ) ) ;
#4607 =( GEOMETRIC_REPRESENTATION_CONTEXT ( 3 ) GLOBAL_UNCERTAINTY_ASSIGNED_CONTEXT ( ( #6742 ) ) GLOBAL_UNIT_ASSIGNED_CONTEXT ( ( #10191, #3832, #421 ) ) REPRESENTATION_CONTEXT ( 'NONE', 'WORKASPACE' ) );
#4608 = AXIS2_PLACEMENT_3D ( 'NONE', #6523, #7471, #6580 ) ;
#4609 = CARTESIAN_POINT ( 'NONE',  ( -1.252810866969983339, 1.649999999999999467, 1.476674426722931255 ) ) ;
#4610 = ORIENTED_EDGE ( 'NONE', *, *, #8290, .F. ) ;
#4611 = LINE ( 'NONE', #7892, #10637 ) ;
#4612 = ORIENTED_EDGE ( 'NONE', *, *, #710, .F. ) ;
#4613 = VECTOR ( 'NONE', #5718, 1000.000000000000114 ) ;
#4614 = ORIENTED_EDGE ( 'NONE', *, *, #10001, .T. ) ;
#4615 = ORIENTED_EDGE ( 'NONE', *, *, #7364, .T. ) ;
#4616 = DIRECTION ( 'NONE',  ( -0.000000000000000000, -0.000000000000000000, -1.000000000000000000 ) ) ;
#4617 = CARTESIAN_POINT ( 'NONE',  ( 1.995142775509890276, 1.449999999999978639, -1.416120190436488180 ) ) ;
#4618 = CARTESIAN_POINT ( 'NONE',  ( -1.804007243629379253, 1.792705455686797844, -1.492944631326670768 ) ) ;
#4619 = AXIS2_PLACEMENT_3D ( 'NONE', #8229, #277, #1827 ) ;
#4620 = ORIENTED_EDGE ( 'NONE', *, *, #4326, .F. ) ;
#4621 = DIRECTION ( 'NONE',  ( 0.000000000000000000, -1.000000000000000000, 0.000000000000000000 ) ) ;
#4622 = ORIENTED_EDGE ( 'NONE', *, *, #5018, .F. ) ;
#4623 = DIRECTION ( 'NONE',  ( 0.000000000000000000, 0.000000000000000000, -1.000000000000000000 ) ) ;
#4624 = AXIS2_PLACEMENT_3D ( 'NONE', #2670, #5976, #970 ) ;
#4625 = PRESENTATION_STYLE_ASSIGNMENT (( #1353 ) ) ;
#4626 = PRESENTATION_LAYER_ASSIGNMENT (  '', '', ( #9427 ) ) ;
#4627 = FACE_OUTER_BOUND ( 'NONE', #6280, .T. ) ;
#4628 = ADVANCED_FACE ( 'NONE', ( #2040 ), #7428, .T. ) ;
#4629 = EDGE_CURVE ( 'NONE', #8898, #8110, #10360, .T. ) ;
#4630 = EDGE_CURVE ( 'NONE', #2343, #5803, #1259, .T. ) ;
#4631 = CARTESIAN_POINT ( 'NONE',  ( -1.379999999999999893, 1.749999999999999778, -1.519554108468272213 ) ) ;
#4632 =( NAMED_UNIT ( * ) PLANE_ANGLE_UNIT ( ) SI_UNIT ( $, .RADIAN. ) );
#4633 = EDGE_CURVE ( 'NONE', #6661, #3132, #2976, .T. ) ;
#4634 = AXIS2_PLACEMENT_3D ( 'NONE', #6877, #9261, #10187 ) ;
#4635 = AXIS2_PLACEMENT_3D ( 'NONE', #3686, #10261, #4665 ) ;
#4636 = DIRECTION ( 'NONE',  ( -3.824509120056631987E-15, -0.9282544343432647116, 0.3719458362746727031 ) ) ;
#4637 = DIRECTION ( 'NONE',  ( 0.000000000000000000, -1.000000000000000000, 0.000000000000000000 ) ) ;
#4638 = ORIENTED_EDGE ( 'NONE', *, *, #7180, .F. ) ;
#4639 = ORIENTED_EDGE ( 'NONE', *, *, #1332, .F. ) ;
#4640 = DIRECTION ( 'NONE',  ( 0.000000000000000000, 0.000000000000000000, -1.000000000000000000 ) ) ;
#4641 = AXIS2_PLACEMENT_3D ( 'NONE', #429, #3676, #10252 ) ;
#4642 = PRESENTATION_LAYER_ASSIGNMENT (  '', '', ( #6369 ) ) ;
#4643 = CARTESIAN_POINT ( 'NONE',  ( 1.354314575050763247, 1.590982664450489414, 1.519554108468272435 ) ) ;
#4644 = CARTESIAN_POINT ( 'NONE',  ( -1.820000000000000062, 1.449999999999999956, 1.319554108468271814 ) ) ;
#4645 = LINE ( 'NONE', #1419, #2821 ) ;
#4646 = DIRECTION ( 'NONE',  ( 0.000000000000000000, -1.000000000000000000, 0.000000000000000000 ) ) ;
#4647 = CARTESIAN_POINT ( 'NONE',  ( 1.600000000000000311, 0.07000000000000000666, -0.6500000000000001332 ) ) ;
#4648 = CARTESIAN_POINT ( 'NONE',  ( 1.904864354683633021, 1.524734676614828199, 1.487586741505586119 ) ) ;
#4649 =( GEOMETRIC_REPRESENTATION_CONTEXT ( 3 ) GLOBAL_UNCERTAINTY_ASSIGNED_CONTEXT ( ( #5719 ) ) GLOBAL_UNIT_ASSIGNED_CONTEXT ( ( #9119, #162, #8275 ) ) REPRESENTATION_CONTEXT ( 'NONE', 'WORKASPACE' ) );
#4650 = CARTESIAN_POINT ( 'NONE',  ( -1.916566081967782331, 1.450000000000002620, 1.494696883978401392 ) ) ;
#4651 = SURFACE_STYLE_FILL_AREA ( #581 ) ;
#4652 = ORIENTED_EDGE ( 'NONE', *, *, #5300, .F. ) ;
#4653 = LINE ( 'NONE', #8576, #1866 ) ;
#4654 = DIRECTION ( 'NONE',  ( 0.3719458362746736468, 0.9282544343432644895, -2.090662742047476139E-16 ) ) ;
#4655 = EDGE_CURVE ( 'NONE', #1553, #77, #9013, .T. ) ;
#4656 = EDGE_CURVE ( 'NONE', #1310, #2490, #9727, .T. ) ;
#4657 = VECTOR ( 'NONE', #1103, 1000.000000000000000 ) ;
#4658 = CARTESIAN_POINT ( 'NONE',  ( -1.855265411975102197, 1.495475424902659611, -1.519554108468272435 ) ) ;
#4659 =( GEOMETRIC_REPRESENTATION_CONTEXT ( 3 ) GLOBAL_UNCERTAINTY_ASSIGNED_CONTEXT ( ( #9909 ) ) GLOBAL_UNIT_ASSIGNED_CONTEXT ( ( #5874, #9899, #6048 ) ) REPRESENTATION_CONTEXT ( 'NONE', 'WORKASPACE' ) );
#4660 = CARTESIAN_POINT ( 'NONE',  ( -1.990710678118655208, 1.849999999999999867, -0.7831580054003788316 ) ) ;
#4661 = DIRECTION ( 'NONE',  ( 0.000000000000000000, -1.000000000000000000, 0.000000000000000000 ) ) ;
#4662 = ORIENTED_EDGE ( 'NONE', *, *, #8873, .F. ) ;
#4663 = EDGE_LOOP ( 'NONE', ( #9111, #3053, #9382, #539, #8264, #447, #9289, #755 ) ) ;
#4664 = EDGE_CURVE ( 'NONE', #4716, #5737, #9885, .T. ) ;
#4665 = DIRECTION ( 'NONE',  ( -0.7071067811865501263, 0.000000000000000000, 0.7071067811865447972 ) ) ;
#4666 = ORIENTED_EDGE ( 'NONE', *, *, #5305, .F. ) ;
#4667 = PLANE ( 'NONE',  #3990 ) ;
#4668 = DIRECTION ( 'NONE',  ( 0.3447561378323560355, -0.7001135404623790581, 0.6252873226670683238 ) ) ;
#4669 = B_SPLINE_CURVE_WITH_KNOTS ( 'NONE', 3,
 ( #6997, #3887, #10262, #6331 ),
 .UNSPECIFIED., .F., .F.,
 ( 4, 4 ),
 ( 0.000000000000000000, 1.000000000000000000 ),
 .UNSPECIFIED. ) ;
#4670 = SHAPE_DEFINITION_REPRESENTATION ( #5666, #4882 ) ;
#4671 = AXIS2_PLACEMENT_3D ( 'NONE', #3300, #10531, #4133 ) ;
#4672 = EDGE_CURVE ( 'NONE', #292, #10145, #7939, .T. ) ;
#4673 = EDGE_LOOP ( 'NONE', ( #5138, #2932, #6994, #1832 ) ) ;
#4674 = PRESENTATION_STYLE_ASSIGNMENT (( #8697 ) ) ;
#4675 = ADVANCED_FACE ( 'NONE', ( #5043 ), #7485, .T. ) ;
#4676 = EDGE_LOOP ( 'NONE', ( #3424, #1773, #5898, #531 ) ) ;
#4677 = FACE_OUTER_BOUND ( 'NONE', #5145, .T. ) ;
#4678 = CARTESIAN_POINT ( 'NONE',  ( -1.961421356237309732, 1.449999999999999289, 1.460975464705581928 ) ) ;
#4679 = DIRECTION ( 'NONE',  ( 9.866381877431726115E-16, 0.000000000000000000, 1.000000000000000000 ) ) ;
#4680 = EDGE_CURVE ( 'NONE', #3970, #4719, #1932, .T. ) ;
#4681 = FILL_AREA_STYLE ('',( #1405 ) ) ;
#4682 = UNCERTAINTY_MEASURE_WITH_UNIT (LENGTH_MEASURE( 1.000000000000000082E-05 ), #11, 'distance_accuracy_value', 'NONE');
#4683 = EDGE_CURVE ( 'NONE', #4986, #2718, #9068, .T. ) ;
#4684 = CARTESIAN_POINT ( 'NONE',  ( 2.100000000000000089, 1.550000000000000266, -0.8600000000000002087 ) ) ;
#4685 = DIRECTION ( 'NONE',  ( 1.000000000000000000, 0.000000000000000000, 0.000000000000000000 ) ) ;
#4686 = ORIENTED_EDGE ( 'NONE', *, *, #1826, .F. ) ;
#4687 = CARTESIAN_POINT ( 'NONE',  ( 2.000000000000000888, 0.000000000000000000, -1.550000000000000266 ) ) ;
#4688 = DIRECTION ( 'NONE',  ( 1.000000000000000000, 0.000000000000000000, 0.000000000000000000 ) ) ;
#4689 = ORIENTED_EDGE ( 'NONE', *, *, #9688, .T. ) ;
#4690 = CARTESIAN_POINT ( 'NONE',  ( 2.020000000000000462, 1.809017335549510497, 1.260099750398274487 ) ) ;
#4691 = ADVANCED_FACE ( 'NONE', ( #6572 ), #4995, .F. ) ;
#4692 = CARTESIAN_POINT ( 'NONE',  ( 1.283271467065781435, 1.579626447620944507, 1.418890833723894351 ) ) ;
#4693 = CARTESIAN_POINT ( 'NONE',  ( 1.805194582267281467, 1.820427584973232316, 0.7697627741596239082 ) ) ;
#4694 = CYLINDRICAL_SURFACE ( 'NONE', #7472, 0.09999999999999992228 ) ;
#4695 = DIRECTION ( 'NONE',  ( 2.168404344971007685E-15, 0.000000000000000000, -1.000000000000000000 ) ) ;
#4696 = FACE_OUTER_BOUND ( 'NONE', #1388, .T. ) ;
#4697 = CARTESIAN_POINT ( 'NONE',  ( -2.049999999999999822, 1.449999999999999956, -1.586602540378444059 ) ) ;
#4698 = EDGE_CURVE ( 'NONE', #4332, #4316, #10299, .T. ) ;
#4699 = CARTESIAN_POINT ( 'NONE',  ( 1.961450846657130764, 1.449999999999999734, 1.460945955289663978 ) ) ;
#4700 = VECTOR ( 'NONE', #10419, 1000.000000000000000 ) ;
#4701 = DIRECTION ( 'NONE',  ( 0.000000000000000000, 1.000000000000000000, -0.000000000000000000 ) ) ;
#4702 = ORIENTED_EDGE ( 'NONE', *, *, #5541, .F. ) ;
#4703 = DIRECTION ( 'NONE',  ( -0.000000000000000000, -1.000000000000000000, -0.000000000000000000 ) ) ;
#4704 = FILL_AREA_STYLE ('',( #8781 ) ) ;
#4705 = DIRECTION ( 'NONE',  ( 0.000000000000000000, 0.000000000000000000, -1.000000000000000000 ) ) ;
#4706 = CARTESIAN_POINT ( 'NONE',  ( -0.3999999999999999112, 2.500000000000000444, 1.000000000000000000 ) ) ;
#4707 = DIRECTION ( 'NONE',  ( 0.000000000000000000, 0.000000000000000000, -1.000000000000000000 ) ) ;
#4708 = FACE_OUTER_BOUND ( 'NONE', #6389, .T. ) ;
#4709 = VERTEX_POINT ( 'NONE', #4178 ) ;
#4710 = CARTESIAN_POINT ( 'NONE',  ( 2.299767353907860024, 0.5907607301639081765, 0.7949999999999999289 ) ) ;
#4711 = ORIENTED_EDGE ( 'NONE', *, *, #9806, .F. ) ;
#4712 = ORIENTED_EDGE ( 'NONE', *, *, #3884, .F. ) ;
#4713 = CARTESIAN_POINT ( 'NONE',  ( -2.049999999999999822, 1.449999999999999956, -1.500000000000000000 ) ) ;
#4714 = ORIENTED_EDGE ( 'NONE', *, *, #6294, .T. ) ;
#4715 = DIRECTION ( 'NONE',  ( -1.000000000000000000, 0.000000000000000000, 0.000000000000000000 ) ) ;
#4716 = VERTEX_POINT ( 'NONE', #2560 ) ;
#4717 = CARTESIAN_POINT ( 'NONE',  ( -1.947279220613578943, 1.749999999999999778, 0.7397265478953024553 ) ) ;
#4718 = AXIS2_PLACEMENT_3D ( 'NONE', #2334, #4654, #5464 ) ;
#4719 = VERTEX_POINT ( 'NONE', #5861 ) ;
#4720 = CARTESIAN_POINT ( 'NONE',  ( -2.020000000000000018, 2.049999999999999822, -0.9799999999999999822 ) ) ;
#4721 = ORIENTED_EDGE ( 'NONE', *, *, #1661, .F. ) ;
#4722 = CARTESIAN_POINT ( 'NONE',  ( 1.906297506684001553, 1.537526402268321490, -0.8114972960866302376 ) ) ;
#4723 = VECTOR ( 'NONE', #6967, 1000.000000000000000 ) ;
#4724 = CARTESIAN_POINT ( 'NONE',  ( 1.936315674237722106, 1.477260257245617048, 1.475158129477185609 ) ) ;
#4725 = FACE_OUTER_BOUND ( 'NONE', #10080, .T. ) ;
#4726 = SURFACE_STYLE_FILL_AREA ( #4681 ) ;
#4727 = VECTOR ( 'NONE', #662, 1000.000000000000000 ) ;
#4728 = VECTOR ( 'NONE', #5100, 1000.000000000000114 ) ;
#4729 = CARTESIAN_POINT ( 'NONE',  ( -2.399999999999999467, 2.500000000000000000, 1.000000000000000222 ) ) ;
#4730 = DIRECTION ( 'NONE',  ( 0.000000000000000000, 0.000000000000000000, -1.000000000000000000 ) ) ;
#4731 = ORIENTED_EDGE ( 'NONE', *, *, #3104, .F. ) ;
#4733 = DIRECTION ( 'NONE',  ( 0.000000000000000000, 0.000000000000000000, 1.000000000000000000 ) ) ;
#4732 = DIRECTION ( 'NONE',  ( -1.000000000000000000, 0.000000000000000000, 0.000000000000000000 ) ) ;
#4734 = VERTEX_POINT ( 'NONE', #9118 ) ;
#4735 = DIRECTION ( 'NONE',  ( 0.000000000000000000, -1.000000000000000000, 0.000000000000000000 ) ) ;
#4736 = CARTESIAN_POINT ( 'NONE',  ( 1.971044002113299998, 1.467998118266677032, -1.444141083656977909 ) ) ;
#4737 = DIRECTION ( 'NONE',  ( 0.000000000000000000, -1.000000000000000000, 0.000000000000000000 ) ) ;
#4738 = VECTOR ( 'NONE', #2693, 1000.000000000000000 ) ;
#4739 = LINE ( 'NONE', #3979, #3526 ) ;
#4740 = EDGE_CURVE ( 'NONE', #263, #6462, #1569, .T. ) ;
#4741 = DIRECTION ( 'NONE',  ( 1.000000000000000000, 0.000000000000000000, 5.732077271949496718E-16 ) ) ;
#4742 = AXIS2_PLACEMENT_3D ( 'NONE', #3001, #6372, #3365 ) ;
#4743 = PRESENTATION_LAYER_ASSIGNMENT (  '', '', ( #10253 ) ) ;
#4744 = CARTESIAN_POINT ( 'NONE',  ( 1.853664787607363085, 1.497472741345223790, 1.519554108468272657 ) ) ;
#4745 = DIRECTION ( 'NONE',  ( 0.7071067811865449082, 0.000000000000000000, 0.7071067811865502373 ) ) ;
#4746 = ORIENTED_EDGE ( 'NONE', *, *, #1333, .T. ) ;
#4747 = DIRECTION ( 'NONE',  ( -0.000000000000000000, -1.000000000000000000, 3.349657289068619730E-13 ) ) ;
#4748 = MECHANICAL_DESIGN_GEOMETRIC_PRESENTATION_REPRESENTATION (  '', ( #4236 ), #5974 ) ;
#4749 = CARTESIAN_POINT ( 'NONE',  ( -1.735646275937244853, 1.749999999999999778, -1.519554108468272213 ) ) ;
#4750 = CARTESIAN_POINT ( 'NONE',  ( 1.986010904275702371, 1.449999999999999956, 1.432682747816456104 ) ) ;
#4751 = CARTESIAN_POINT ( 'NONE',  ( -2.020000000000000018, 1.555704050069235622, -1.360041858934615933 ) ) ;
#4752 = ADVANCED_FACE ( 'NONE', ( #10160 ), #10034, .T. ) ;
#4753 = ADVANCED_FACE ( 'NONE', ( #2663 ), #1120, .T. ) ;
#4754 = EDGE_CURVE ( 'NONE', #2709, #4450, #3937, .T. ) ;
#4755 = DIRECTION ( 'NONE',  ( -0.000000000000000000, 0.000000000000000000, -1.000000000000000000 ) ) ;
#4756 = CARTESIAN_POINT ( 'NONE',  ( 1.240172439427031259, 1.849999999999999867, -1.446833329081849584 ) ) ;
#4757 = VERTEX_POINT ( 'NONE', #1022 ) ;
#4758 = ORIENTED_EDGE ( 'NONE', *, *, #3539, .T. ) ;
#4759 = CIRCLE ( 'NONE', #137, 0.1000000000000001443 ) ;
#4760 = DIRECTION ( 'NONE',  ( 0.7071067811865496822, -4.336808689942024836E-15, 0.7071067811865453523 ) ) ;
#4761 = ORIENTED_EDGE ( 'NONE', *, *, #9879, .T. ) ;
#4762 = LINE ( 'NONE', #6455, #71 ) ;
#4763 = ORIENTED_EDGE ( 'NONE', *, *, #2416, .T. ) ;
#4764 = CARTESIAN_POINT ( 'NONE',  ( 1.974388831384068954, 1.449999999999999956, -1.447015767075223058 ) ) ;
#4765 = CIRCLE ( 'NONE', #138, 0.1000000000000000472 ) ;
#4766 = VECTOR ( 'NONE', #5019, 1000.000000000000000 ) ;
#4768 = ORIENTED_EDGE ( 'NONE', *, *, #9105, .T. ) ;
#4767 = AXIS2_PLACEMENT_3D ( 'NONE', #2855, #3727, #7880 ) ;
#4769 = VERTEX_POINT ( 'NONE', #8376 ) ;
#4770 =( NAMED_UNIT ( * ) PLANE_ANGLE_UNIT ( ) SI_UNIT ( $, .RADIAN. ) );
#4771 = ORIENTED_EDGE ( 'NONE', *, *, #3144, .F. ) ;
#4772 = FACE_OUTER_BOUND ( 'NONE', #10175, .T. ) ;
#4773 = VECTOR ( 'NONE', #10510, 1000.000000000000000 ) ;
#4774 = CARTESIAN_POINT ( 'NONE',  ( -1.906297506684001331, 1.537526402268322157, -0.8114972960866299045 ) ) ;
#4775 =( LENGTH_UNIT ( ) NAMED_UNIT ( * ) SI_UNIT ( .MILLI., .METRE. ) );
#4776 = EDGE_CURVE ( 'NONE', #9663, #9151, #222, .T. ) ;
#4777 = EDGE_CURVE ( 'NONE', #3083, #5052, #6025, .T. ) ;
#4778 = VECTOR ( 'NONE', #3562, 1000.000000000000000 ) ;
#4779 = DIRECTION ( 'NONE',  ( 1.000000000000000000, -0.000000000000000000, 0.000000000000000000 ) ) ;
#4780 = CARTESIAN_POINT ( 'NONE',  ( -1.910853531617384693, 1.550000000000000266, -0.8600000000000000977 ) ) ;
#4781 = COLOUR_RGB ( '',0.8431372549019607865, 0.8156862745098039102, 0.7529411764705882248 ) ;
#4782 = AXIS2_PLACEMENT_3D ( 'NONE', #9039, #8042, #1538 ) ;
#4783 = DIRECTION ( 'NONE',  ( -1.000000000000000000, 0.000000000000000000, 0.000000000000000000 ) ) ;
#4784 = DIRECTION ( 'NONE',  ( 0.000000000000000000, -1.000000000000000000, 0.000000000000000000 ) ) ;
#4785 = ORIENTED_EDGE ( 'NONE', *, *, #8176, .T. ) ;
#4787 = CARTESIAN_POINT ( 'NONE',  ( 1.639999999999999458, 1.550000000000000266, 0.2144761058952751043 ) ) ;
#4786 = DIRECTION ( 'NONE',  ( 0.7071067811865475727, 0.000000000000000000, 0.7071067811865474617 ) ) ;
#4788 = VECTOR ( 'NONE', #1424, 1000.000000000000000 ) ;
#4789 = FACE_OUTER_BOUND ( 'NONE', #915, .T. ) ;
#4790 = ORIENTED_EDGE ( 'NONE', *, *, #3654, .T. ) ;
#4791 = DIRECTION ( 'NONE',  ( -0.7071067811865485719, 0.000000000000000000, -0.7071067811865465735 ) ) ;
#4792 = DIRECTION ( 'NONE',  ( -5.732077271949496718E-16, 0.000000000000000000, -1.000000000000000000 ) ) ;
#4793 = FACE_OUTER_BOUND ( 'NONE', #9665, .T. ) ;
#4794 = AXIS2_PLACEMENT_3D ( 'NONE', #1465, #7971, #3063 ) ;
#4795 = DIRECTION ( 'NONE',  ( 0.000000000000000000, 1.000000000000000000, 0.000000000000000000 ) ) ;
#4796 = AXIS2_PLACEMENT_3D ( 'NONE', #5561, #6324, #4741 ) ;
#4797 = CARTESIAN_POINT ( 'NONE',  ( 2.020000000000000018, 1.449999999999999956, -1.319554108468271814 ) ) ;
#4798 = AXIS2_PLACEMENT_3D ( 'NONE', #794, #3133, #4057 ) ;
#4799 = CARTESIAN_POINT ( 'NONE',  ( -1.978072250575702462, 1.649999999999999911, 0.7533169077592972718 ) ) ;
#4800 = CARTESIAN_POINT ( 'NONE',  ( 1.995142775509890720, 1.449999999999978639, 1.416120190436488180 ) ) ;
#4802 = EDGE_CURVE ( 'NONE', #9653, #10320, #10048, .T. ) ;
#4801 = VECTOR ( 'NONE', #3294, 1000.000000000000000 ) ;
#4803 = VECTOR ( 'NONE', #6788, 1000.000000000000000 ) ;
#4804 = PRESENTATION_LAYER_ASSIGNMENT (  '', '', ( #1733 ) ) ;
#4805 = LINE ( 'NONE', #8343, #10278 ) ;
#4806 = ADVANCED_FACE ( 'NONE', ( #9224 ), #1883, .T. ) ;
#4807 = ORIENTED_EDGE ( 'NONE', *, *, #7509, .F. ) ;
#4808 = SURFACE_SIDE_STYLE ('',( #735 ) ) ;
#4809 = CARTESIAN_POINT ( 'NONE',  ( -1.876568542494923886, 1.550000000000000266, 0.8104372260139570683 ) ) ;
#4810 = CARTESIAN_POINT ( 'NONE',  ( 1.023599564173221177, 1.449999999999999956, 1.519554108468272435 ) ) ;
#4811 = CARTESIAN_POINT ( 'NONE',  ( 1.950681815005425701, 1.454427687307430439, -1.469941046709572374 ) ) ;
#4812 = DIRECTION ( 'NONE',  ( 0.7071067811865475727, -0.000000000000000000, -0.7071067811865474617 ) ) ;
#4813 = EDGE_CURVE ( 'NONE', #7677, #10318, #1126, .T. ) ;
#4814 = MECHANICAL_DESIGN_GEOMETRIC_PRESENTATION_REPRESENTATION (  '', ( #1390 ), #4649 ) ;
#4815 = CARTESIAN_POINT ( 'NONE',  ( 2.100000000000000089, 0.07000000000000061728, -0.8435786437626897616 ) ) ;
#4816 =( BOUNDED_SURFACE ( )  B_SPLINE_SURFACE ( 3, 3, ( 
 ( #7644, #10122, #9348, #6917 ),
 ( #2784, #9304, #8336, #6156 ),
 ( #1955, #6099, #400, #4306 ),
 ( #3649, #5984, #2629, #4359 ) ),
 .UNSPECIFIED., .F., .F., .F. ) 
 B_SPLINE_SURFACE_WITH_KNOTS ( ( 4, 4 ),
 ( 4, 4 ),
 ( 0.000000000000000000, 1.000000000000000000 ),
 ( 0.000000000000000000, 1.000000000000000000 ),
 .UNSPECIFIED. ) 
 GEOMETRIC_REPRESENTATION_ITEM ( )  RATIONAL_B_SPLINE_SURFACE ( (
 ( 1.000000000000000000, 0.3333333333333886039, 0.3333333333333886039, 1.000000000000000000),
 ( 0.8025111867385934517, 0.2675037289129088558, 0.2675037289129088558, 0.8025111867385934517),
 ( 0.8025111867385934517, 0.2675037289129088558, 0.2675037289129088558, 0.8025111867385934517),
 ( 1.000000000000000000, 0.3333333333333886039, 0.3333333333333886039, 1.000000000000000000) ) ) 
 REPRESENTATION_ITEM ( '' )  SURFACE ( )  );
#4817 = ORIENTED_EDGE ( 'NONE', *, *, #9350, .F. ) ;
#4818 = DIRECTION ( 'NONE',  ( -0.000000000000000000, 1.000000000000000000, -0.000000000000000000 ) ) ;
#4819 = SURFACE_STYLE_USAGE ( .BOTH. , #9251 ) ;
#4820 = CARTESIAN_POINT ( 'NONE',  ( 1.846839578305846219, 1.536900777156472442, 0.7451183755087185112 ) ) ;
#4821 = EDGE_CURVE ( 'NONE', #6440, #156, #3524, .T. ) ;
#4822 = ORIENTED_EDGE ( 'NONE', *, *, #8436, .F. ) ;
#4823 = ORIENTED_EDGE ( 'NONE', *, *, #8293, .F. ) ;
#4824 = PRESENTATION_LAYER_ASSIGNMENT (  '', '', ( #8091 ) ) ;
#4825 = ORIENTED_EDGE ( 'NONE', *, *, #7976, .F. ) ;
#4826 = CARTESIAN_POINT ( 'NONE',  ( -1.360000000000000098, 1.449999999999999956, -1.410853531617383139 ) ) ;
#4827 = ORIENTED_EDGE ( 'NONE', *, *, #5283, .F. ) ;
#4828 = EDGE_CURVE ( 'NONE', #338, #3769, #10106, .T. ) ;
#4829 = CARTESIAN_POINT ( 'NONE',  ( 2.627600192202758311, 1.749999999999999778, -0.5276001922027558910 ) ) ;
#4830 =( BOUNDED_CURVE ( )  B_SPLINE_CURVE ( 3, ( #10624, #5730, #7247, #7293 ),
 .UNSPECIFIED., .F., .T. ) 
 B_SPLINE_CURVE_WITH_KNOTS ( ( 4, 4 ),
 ( 0.000000000000000000, 1.000000000000000000 ),
 .UNSPECIFIED. ) 
 CURVE ( )  GEOMETRIC_REPRESENTATION_ITEM ( )  RATIONAL_B_SPLINE_CURVE ( ( 1.000000000000000000, 1.000000002273009114, 0.9999996200636409593, 0.9999988303062726791 ) ) 
 REPRESENTATION_ITEM ( '' )  );
#4831 = EDGE_LOOP ( 'NONE', ( #9979, #7907, #916, #2570, #1114, #7683, #9202 ) ) ;
#4832 = EDGE_LOOP ( 'NONE', ( #8127, #7102, #8588, #9373, #10273, #6905 ) ) ;
#4833 = EDGE_CURVE ( 'NONE', #9139, #2901, #6535, .T. ) ;
#4834 = ORIENTED_EDGE ( 'NONE', *, *, #9544, .T. ) ;
#4835 = ORIENTED_EDGE ( 'NONE', *, *, #9602, .F. ) ;
#4836 = DIRECTION ( 'NONE',  ( -0.000000000000000000, -1.000000000000000000, -0.000000000000000000 ) ) ;
#4837 = DIRECTION ( 'NONE',  ( -0.7071067811865490160, 0.000000000000000000, 0.7071067811865460184 ) ) ;
#4838 = CARTESIAN_POINT ( 'NONE',  ( -1.906297506684001331, 1.649999999999999689, -0.6979586327827722592 ) ) ;
#4839 = VECTOR ( 'NONE', #10410, 1000.000000000000000 ) ;
#4840 =( LENGTH_UNIT ( ) NAMED_UNIT ( * ) SI_UNIT ( .MILLI., .METRE. ) );
#4841 = DIRECTION ( 'NONE',  ( -0.000000000000000000, 1.000000000000000000, -0.000000000000000000 ) ) ;
#4842 = DIRECTION ( 'NONE',  ( -0.7071067811865496822, -4.336808689942024836E-15, -0.7071067811865453523 ) ) ;
#4843 = CARTESIAN_POINT ( 'NONE',  ( 1.310883117545685650, 1.649999999999999911, -1.376122650963194527 ) ) ;
#4844 = EDGE_CURVE ( 'NONE', #814, #7684, #2293, .T. ) ;
#4845 = ORIENTED_EDGE ( 'NONE', *, *, #6888, .T. ) ;
#4846 = CARTESIAN_POINT ( 'NONE',  ( 1.359999999999999876, 1.550000000000000266, -1.600000000000000089 ) ) ;
#4847 = CARTESIAN_POINT ( 'NONE',  ( 2.109781477445200615, 0.1779208827861960274, -0.5003071667619851670 ) ) ;
#4848 = CARTESIAN_POINT ( 'NONE',  ( 1.210883117545685783, 1.531965328900997791, 1.435139986512705246 ) ) ;
#4849 = DIRECTION ( 'NONE',  ( 0.000000000000000000, -1.000000000000000000, 1.224646799147353207E-16 ) ) ;
#4850 = DIRECTION ( 'NONE',  ( 0.000000000000000000, 0.000000000000000000, -1.000000000000000000 ) ) ;
#4851 = CARTESIAN_POINT ( 'NONE',  ( -1.820000000000000062, 1.449999999999999956, -1.519554108468272435 ) ) ;
#4852 = DIRECTION ( 'NONE',  ( -0.7071067811865449082, 0.000000000000000000, -0.7071067811865502373 ) ) ;
#4853 = CARTESIAN_POINT ( 'NONE',  ( -1.954778588778493198, 1.449999999583023502, 1.467609690874161377 ) ) ;
#4854 = CARTESIAN_POINT ( 'NONE',  ( -1.961421356237310176, 1.449999999999999956, 1.460975464705581262 ) ) ;
#4855 = CARTESIAN_POINT ( 'NONE',  ( 1.936315674237733653, 1.477260257245605279, 1.475158129477178726 ) ) ;
#4856 = DIRECTION ( 'NONE',  ( -0.000000000000000000, 1.000000000000000000, -0.000000000000000000 ) ) ;
#4857 = ORIENTED_EDGE ( 'NONE', *, *, #10408, .F. ) ;
#4858 = CARTESIAN_POINT ( 'NONE',  ( -2.020000000000000462, 1.749999999999999778, -1.235200384405516161 ) ) ;
#4859 = CARTESIAN_POINT ( 'NONE',  ( -1.240172439427031259, 1.649999999999999911, -1.446833329081849584 ) ) ;
#4860 = CARTESIAN_POINT ( 'NONE',  ( 1.966372847314812100, 1.458843411121367506, 1.452480473243526804 ) ) ;
#4861 = DIRECTION ( 'NONE',  ( 0.000000000000000000, 0.000000000000000000, 1.000000000000000000 ) ) ;
#4862 = LINE ( 'NONE', #8150, #5490 ) ;
#4863 = ADVANCED_FACE ( 'NONE', ( #5421 ), #3085, .T. ) ;
#4864 = EDGE_CURVE ( 'NONE', #6508, #5798, #1391, .T. ) ;
#4865 = CIRCLE ( 'NONE', #2965, 0.1000000000000000472 ) ;
#4866 = AXIS2_PLACEMENT_3D ( 'NONE', #2283, #5620, #9596 ) ;
#4867 = DIRECTION ( 'NONE',  ( 0.000000000000000000, -0.000000000000000000, -1.000000000000000000 ) ) ;
#4868 = CARTESIAN_POINT ( 'NONE',  ( -2.020000000000000462, 1.749999999999999778, 0.8538686835190338886 ) ) ;
#4869 = CARTESIAN_POINT ( 'NONE',  ( 1.947942502722566083, 1.579961995650032813, 0.8110973381990250752 ) ) ;
#4870 = ADVANCED_FACE ( 'NONE', ( #543 ), #484, .F. ) ;
#4871 = ORIENTED_EDGE ( 'NONE', *, *, #2557, .F. ) ;
#4872 = ORIENTED_EDGE ( 'NONE', *, *, #3693, .T. ) ;
#4873 = LINE ( 'NONE', #8998, #2731 ) ;
#4874 = ORIENTED_EDGE ( 'NONE', *, *, #6679, .F. ) ;
#4875 = CARTESIAN_POINT ( 'NONE',  ( 2.100000000000000089, 0.06999999999999996503, -1.500000000000000000 ) ) ;
#4876 = ORIENTED_EDGE ( 'NONE', *, *, #3027, .T. ) ;
#4877 = DIRECTION ( 'NONE',  ( 0.7071067811865464625, 0.000000000000000000, 0.7071067811865487940 ) ) ;
#4878 = EDGE_CURVE ( 'NONE', #5020, #1762, #7903, .T. ) ;
#4879 =( BOUNDED_SURFACE ( )  B_SPLINE_SURFACE ( 3, 3, ( 
 ( #2169, #10347, #9364, #10448 ),
 ( #2959, #1372, #517, #2850 ),
 ( #6272, #4541, #5295, #5400 ),
 ( #3778, #6322, #7084, #2913 ) ),
 .UNSPECIFIED., .F., .F., .F. ) 
 B_SPLINE_SURFACE_WITH_KNOTS ( ( 4, 4 ),
 ( 4, 4 ),
 ( 0.000000000000000000, 1.000000000000000000 ),
 ( 0.000000000000000000, 1.000000000000000000 ),
 .UNSPECIFIED. ) 
 GEOMETRIC_REPRESENTATION_ITEM ( )  RATIONAL_B_SPLINE_SURFACE ( (
 ( 1.000000000000000000, 0.8047378541243647154, 0.8047378541243647154, 1.000000000000000000),
 ( 0.8025111867385922304, 0.6458111303268120329, 0.6458111303268120329, 0.8025111867385922304),
 ( 0.8025111867385922304, 0.6458111303268120329, 0.6458111303268120329, 0.8025111867385922304),
 ( 1.000000000000000000, 0.8047378541243647154, 0.8047378541243647154, 1.000000000000000000) ) ) 
 REPRESENTATION_ITEM ( '' )  SURFACE ( )  );
#4880 = VERTEX_POINT ( 'NONE', #4565 ) ;
#4881 = ORIENTED_EDGE ( 'NONE', *, *, #2264, .T. ) ;
#4882 = ADVANCED_BREP_SHAPE_REPRESENTATION ( '3D_SKRPAN', ( #9302, #7807 ), #1449 ) ;
#4883 = VERTEX_POINT ( 'NONE', #4510 ) ;
#4884 = ORIENTED_EDGE ( 'NONE', *, *, #9378, .F. ) ;
#4885 = DIRECTION ( 'NONE',  ( 0.000000000000000000, 0.000000000000000000, -1.000000000000000000 ) ) ;
#4886 = CARTESIAN_POINT ( 'NONE',  ( 2.013186970164016376, 1.512602837497160291, 1.384125279259981189 ) ) ;
#4887 = CARTESIAN_POINT ( 'NONE',  ( 1.947942502722565861, 1.579572415026768040, -0.7697627741596240192 ) ) ;
#4888 = AXIS2_PLACEMENT_3D ( 'NONE', #9362, #1853, #1057 ) ;
#4889 = CARTESIAN_POINT ( 'NONE',  ( 2.020000000000000462, 1.649999999999999911, 0.8538686835190337776 ) ) ;
#4890 = DIRECTION ( 'NONE',  ( 1.000000000000000000, 0.000000000000000000, 4.928191693115927811E-16 ) ) ;
#4891 = EDGE_CURVE ( 'NONE', #6374, #7474, #3235, .T. ) ;
#4892 = ADVANCED_FACE ( 'NONE', ( #3742 ), #2144, .T. ) ;
#4893 = VECTOR ( 'NONE', #1756, 1000.000000000000000 ) ;
#4894 = VECTOR ( 'NONE', #5055, 1000.000000000000000 ) ;
#4895 = CARTESIAN_POINT ( 'NONE',  ( 1.920000000000000373, 1.649999999999999911, 0.8538686835190336666 ) ) ;
#4896 = ORIENTED_EDGE ( 'NONE', *, *, #4298, .T. ) ;
#4897 = SURFACE_STYLE_FILL_AREA ( #6528 ) ;
#4898 = CARTESIAN_POINT ( 'NONE',  ( -1.360000000000000098, 1.550000000000000266, -1.600000000000000089 ) ) ;
#4899 = CARTESIAN_POINT ( 'NONE',  ( 1.805194582267281467, 1.791336399908426857, 0.7403961109355765569 ) ) ;
#4900 = LINE ( 'NONE', #21, #1994 ) ;
#4901 = VECTOR ( 'NONE', #118, 1000.000000000000000 ) ;
#4902 = CARTESIAN_POINT ( 'NONE',  ( -2.399999999999999023, 2.500000000000000000, -1.000000000000000000 ) ) ;
#4903 = DIRECTION ( 'NONE',  ( 1.000000000000000000, 0.000000000000000000, 0.000000000000000000 ) ) ;
#4904 = VECTOR ( 'NONE', #5168, 1000.000000000000000 ) ;
#4905 = CARTESIAN_POINT ( 'NONE',  ( -2.020000000000000462, 1.590982664450489414, 0.8192971287692552007 ) ) ;
#4906 = CARTESIAN_POINT ( 'NONE',  ( -1.975604021008820821, 1.477260257245428754, 1.435869782706161946 ) ) ;
#4907 = STYLED_ITEM ( 'NONE', ( #10283 ), #878 ) ;
#4908 = DIRECTION ( 'NONE',  ( -0.7071067811865474617, 0.000000000000000000, 0.7071067811865474617 ) ) ;
#4909 = CARTESIAN_POINT ( 'NONE',  ( 1.961421356237310176, 1.449999999999999512, 1.460975464705581484 ) ) ;
#4910 = SURFACE_STYLE_FILL_AREA ( #3938 ) ;
#4911 = AXIS2_PLACEMENT_3D ( 'NONE', #9425, #10135, #3664 ) ;
#4912 = ORIENTED_EDGE ( 'NONE', *, *, #7532, .F. ) ;
#4913 = DIRECTION ( 'NONE',  ( 0.000000000000000000, 0.000000000000000000, -1.000000000000000000 ) ) ;
#4914 = DIRECTION ( 'NONE',  ( -0.7071067811865449082, 0.000000000000000000, -0.7071067811865502373 ) ) ;
#4915 = DIRECTION ( 'NONE',  ( -1.000000000000000000, 0.000000000000000000, 0.000000000000000000 ) ) ;
#4916 = CARTESIAN_POINT ( 'NONE',  ( -1.985406100964118847, 1.449999999999999956, -1.432352133359651170 ) ) ;
#4917 = DIRECTION ( 'NONE',  ( -0.7071067811865449082, -0.000000000000000000, -0.7071067811865502373 ) ) ;
#4918 =( GEOMETRIC_REPRESENTATION_CONTEXT ( 3 ) GLOBAL_UNCERTAINTY_ASSIGNED_CONTEXT ( ( #1358 ) ) GLOBAL_UNIT_ASSIGNED_CONTEXT ( ( #3859, #4632, #7863 ) ) REPRESENTATION_CONTEXT ( 'NONE', 'WORKASPACE' ) );
#4919 = LINE ( 'NONE', #3992, #658 ) ;
#4920 = ORIENTED_EDGE ( 'NONE', *, *, #1968, .F. ) ;
#4921 = CARTESIAN_POINT ( 'NONE',  ( 1.995142775509890276, 1.449999999999978639, -1.416120190436488180 ) ) ;
#4922 = CARTESIAN_POINT ( 'NONE',  ( 2.599999999999999201, 2.399999999999999911, -1.100000000000000311 ) ) ;
#4923 = CARTESIAN_POINT ( 'NONE',  ( 1.947942502722565861, 1.608663600091573054, 0.7403961109355771120 ) ) ;
#4924 = ORIENTED_EDGE ( 'NONE', *, *, #4968, .F. ) ;
#4925 = ORIENTED_EDGE ( 'NONE', *, *, #3545, .F. ) ;
#4926 = FACE_OUTER_BOUND ( 'NONE', #3488, .T. ) ;
#4927 = EDGE_LOOP ( 'NONE', ( #3730, #8635, #2876, #698 ) ) ;
#4928 = VECTOR ( 'NONE', #9844, 1000.000000000000000 ) ;
#4929 = CARTESIAN_POINT ( 'NONE',  ( 1.906297506684001553, 1.863099222843527691, -0.7451183755087182892 ) ) ;
#4930 = VERTEX_POINT ( 'NONE', #6996 ) ;
#4931 = LINE ( 'NONE', #859, #4 ) ;
#4932 = VECTOR ( 'NONE', #414, 1000.000000000000000 ) ;
#4933 = EDGE_LOOP ( 'NONE', ( #4122, #267, #5486, #9104, #9671, #2788, #9536, #4068, #4615, #7547, #5057, #2768, #10154, #10043, #5155, #6403, #4273, #3766, #1654, #6360 ) ) ;
#4934 = VERTEX_POINT ( 'NONE', #2102 ) ;
#4935 = ORIENTED_EDGE ( 'NONE', *, *, #2425, .F. ) ;
#4936 = DIRECTION ( 'NONE',  ( -0.000000000000000000, 1.000000000000000000, -0.000000000000000000 ) ) ;
#4937 = AXIS2_PLACEMENT_3D ( 'NONE', #8152, #7406, #5785 ) ;
#4938 =( NAMED_UNIT ( * ) PLANE_ANGLE_UNIT ( ) SI_UNIT ( $, .RADIAN. ) );
#4939 = LINE ( 'NONE', #9225, #7575 ) ;
#4940 = VECTOR ( 'NONE', #3838, 1000.000000000000000 ) ;
#4941 = SURFACE_STYLE_FILL_AREA ( #8915 ) ;
#4942 = LINE ( 'NONE', #873, #1360 ) ;
#4943 = CIRCLE ( 'NONE', #324, 0.1000000000000000749 ) ;
#4944 =( LENGTH_UNIT ( ) NAMED_UNIT ( * ) SI_UNIT ( .MILLI., .METRE. ) );
#4945 = AXIS2_PLACEMENT_3D ( 'NONE', #9911, #10017, #4200 ) ;
#4946 = AXIS2_PLACEMENT_3D ( 'NONE', #3382, #5017, #10015 ) ;
#4947 = CYLINDRICAL_SURFACE ( 'NONE', #2504, 0.09999999999999997780 ) ;
#4948 = ORIENTED_EDGE ( 'NONE', *, *, #1472, .T. ) ;
#4949 = SURFACE_STYLE_USAGE ( .BOTH. , #1679 ) ;
#4950 =( NAMED_UNIT ( * ) PLANE_ANGLE_UNIT ( ) SI_UNIT ( $, .RADIAN. ) );
#4951 = EDGE_CURVE ( 'NONE', #10093, #2980, #3843, .T. ) ;
#4952 = ADVANCED_FACE ( 'NONE', ( #6347 ), #1591, .T. ) ;
#4953 = ADVANCED_FACE ( 'NONE', ( #3242 ), #7355, .T. ) ;
#4954 = FACE_OUTER_BOUND ( 'NONE', #596, .T. ) ;
#4955 = VECTOR ( 'NONE', #6160, 1000.000000000000000 ) ;
#4956 = FILL_AREA_STYLE ('',( #1942 ) ) ;
#4957 = CARTESIAN_POINT ( 'NONE',  ( -2.020000000000000462, 1.749999999999999778, -1.319554108468272036 ) ) ;
#4958 = EDGE_CURVE ( 'NONE', #6076, #5288, #4873, .T. ) ;
#4959 = DIRECTION ( 'NONE',  ( -0.000000000000000000, -1.000000000000000000, 0.000000000000000000 ) ) ;
#4960 = SURFACE_STYLE_USAGE ( .BOTH. , #7482 ) ;
#4961 = CARTESIAN_POINT ( 'NONE',  ( -1.919057536156686394, 1.550004441289105417, 0.8538686835190347768 ) ) ;
#4962 = COLOUR_RGB ( '',0.8431372549019607865, 0.8156862745098039102, 0.7529411764705882248 ) ;
#4963 = CIRCLE ( 'NONE', #3918, 0.1000000000000000472 ) ;
#4964 = UNCERTAINTY_MEASURE_WITH_UNIT (LENGTH_MEASURE( 1.000000000000000082E-05 ), #2891, 'distance_accuracy_value', 'NONE');
#4965 = LINE ( 'NONE', #9910, #3704 ) ;
#4966 = LINE ( 'NONE', #294, #5121 ) ;
#4967 = CARTESIAN_POINT ( 'NONE',  ( -1.954648716944452858, 1.449999999999992184, -1.467739394323255508 ) ) ;
#4968 = EDGE_CURVE ( 'NONE', #6513, #1138, #9926, .T. ) ;
#4969 = ORIENTED_EDGE ( 'NONE', *, *, #3768, .T. ) ;
#4970 = VECTOR ( 'NONE', #10300, 1000.000000000000000 ) ;
#4971 = CARTESIAN_POINT ( 'NONE',  ( 2.100000000000000089, 0.1699999991121941278, 0.000000000000000000 ) ) ;
#4972 = FILL_AREA_STYLE ('',( #8199 ) ) ;
#4973 = CARTESIAN_POINT ( 'NONE',  ( -1.252810866969983561, 1.951103551519473456, -1.476674426722931033 ) ) ;
#4974 = MECHANICAL_DESIGN_GEOMETRIC_PRESENTATION_REPRESENTATION (  '', ( #1010 ), #4607 ) ;
#4975 = DIRECTION ( 'NONE',  ( 0.000000000000000000, 4.336808689942015369E-15, -1.000000000000000000 ) ) ;
#4976 = AXIS2_PLACEMENT_3D ( 'NONE', #3089, #8061, #3802 ) ;
#4977 =( GEOMETRIC_REPRESENTATION_CONTEXT ( 3 ) GLOBAL_UNCERTAINTY_ASSIGNED_CONTEXT ( ( #312 ) ) GLOBAL_UNIT_ASSIGNED_CONTEXT ( ( #748, #3623, #6937 ) ) REPRESENTATION_CONTEXT ( 'NONE', 'WORKASPACE' ) );
#4978 = CARTESIAN_POINT ( 'NONE',  ( 1.360000000000000098, 1.449999999999999956, -1.410853531617383139 ) ) ;
#4979 = ORIENTED_EDGE ( 'NONE', *, *, #10215, .F. ) ;
#4980 = DIRECTION ( 'NONE',  ( 0.000000000000000000, -1.000000000000000000, 0.000000000000000000 ) ) ;
#4981 = CARTESIAN_POINT ( 'NONE',  ( 0.4000000000000000222, 1.550000000000000266, 0.000000000000000000 ) ) ;
#4982 = ORIENTED_EDGE ( 'NONE', *, *, #3292, .F. ) ;
#4983 = EDGE_CURVE ( 'NONE', #3865, #9077, #9433, .T. ) ;
#4984 = ORIENTED_EDGE ( 'NONE', *, *, #8293, .T. ) ;
#4985 = FACE_OUTER_BOUND ( 'NONE', #1600, .T. ) ;
#4986 = VERTEX_POINT ( 'NONE', #5691 ) ;
#4987 = EDGE_LOOP ( 'NONE', ( #1865, #7618, #8429, #537, #1308 ) ) ;
#4988 = CARTESIAN_POINT ( 'NONE',  ( 1.920000000000000373, 2.049999999999999822, 0.8800000000000000044 ) ) ;
#4989 =( GEOMETRIC_REPRESENTATION_CONTEXT ( 3 ) GLOBAL_UNCERTAINTY_ASSIGNED_CONTEXT ( ( #890 ) ) GLOBAL_UNIT_ASSIGNED_CONTEXT ( ( #8700, #2829, #4577 ) ) REPRESENTATION_CONTEXT ( 'NONE', 'WORKASPACE' ) );
#4990 = ORIENTED_EDGE ( 'NONE', *, *, #3393, .T. ) ;
#4991 = ADVANCED_FACE ( 'NONE', ( #4926 ), #1194, .T. ) ;
#4992 = ORIENTED_EDGE ( 'NONE', *, *, #1163, .T. ) ;
#4993 = VERTEX_POINT ( 'NONE', #9873 ) ;
#4994 = LINE ( 'NONE', #9166, #3019 ) ;
#4995 = PLANE ( 'NONE',  #8904 ) ;
#4996 = CARTESIAN_POINT ( 'NONE',  ( 1.023599564173221177, 1.449999999999999956, -1.224999999999999867 ) ) ;
#4997 = EDGE_LOOP ( 'NONE', ( #570, #7287, #2434, #92, #8475 ) ) ;
#4998 = FILL_AREA_STYLE_COLOUR ( '', #6989 ) ;
#4999 = CARTESIAN_POINT ( 'NONE',  ( 0.3999999999999998557, 2.500000000000000000, -1.000000000000000000 ) ) ;
#5000 =( NAMED_UNIT ( * ) SI_UNIT ( $, .STERADIAN. ) SOLID_ANGLE_UNIT ( ) );
#5001 = AXIS2_PLACEMENT_3D ( 'NONE', #4420, #247, #7714 ) ;
#5002 = EDGE_CURVE ( 'NONE', #5074, #4993, #5844, .T. ) ;
#5003 = ADVANCED_FACE ( 'NONE', ( #8156 ), #3338, .T. ) ;
#5004 = DIRECTION ( 'NONE',  ( -0.7071067811865464625, 0.000000000000000000, -0.7071067811865487940 ) ) ;
#5005 = ORIENTED_EDGE ( 'NONE', *, *, #9216, .F. ) ;
#5006 = CARTESIAN_POINT ( 'NONE',  ( -1.919137802864846698, 1.449999999999999956, -0.8799999999999998934 ) ) ;
#5007 = MECHANICAL_DESIGN_GEOMETRIC_PRESENTATION_REPRESENTATION (  '', ( #3443 ), #4659 ) ;
#5008 = EDGE_CURVE ( 'NONE', #6246, #747, #2900, .T. ) ;
#5009 = DIRECTION ( 'NONE',  ( -0.000000000000000000, 1.000000000000000000, -0.000000000000000000 ) ) ;
#5010 = FILL_AREA_STYLE_COLOUR ( '', #9176 ) ;
#5011 = DIRECTION ( 'NONE',  ( 0.000000000000000000, 0.000000000000000000, -1.000000000000000000 ) ) ;
#5012 = FACE_OUTER_BOUND ( 'NONE', #8599, .T. ) ;
#5013 = CARTESIAN_POINT ( 'NONE',  ( -1.500000000000000000, 0.000000000000000000, 0.6500000000000003553 ) ) ;
#5014 = CARTESIAN_POINT ( 'NONE',  ( -1.961421356237309732, 1.449999999999999512, 1.460975464705581706 ) ) ;
#5015 = ADVANCED_FACE ( 'NONE', ( #4985 ), #8263, .T. ) ;
#5016 = DIRECTION ( 'NONE',  ( 0.000000000000000000, 1.000000000000000000, 0.000000000000000000 ) ) ;
#5017 = DIRECTION ( 'NONE',  ( 0.000000000000000000, -1.000000000000000000, 0.000000000000000000 ) ) ;
#5018 = EDGE_CURVE ( 'NONE', #144, #5259, #7673, .T. ) ;
#5019 = DIRECTION ( 'NONE',  ( -1.000000000000000000, -0.000000000000000000, -0.000000000000000000 ) ) ;
#5020 = VERTEX_POINT ( 'NONE', #7506 ) ;
#5021 = FACE_OUTER_BOUND ( 'NONE', #2069, .T. ) ;
#5022 = LINE ( 'NONE', #8297, #1536 ) ;
#5023 = DIRECTION ( 'NONE',  ( 1.000000000000000000, 0.000000000000000000, -2.168404344971007685E-15 ) ) ;
#5024 = FACE_BOUND ( 'NONE', #7738, .T. ) ;
#5025 = CARTESIAN_POINT ( 'NONE',  ( -1.990710678118655208, 1.749999999999999778, 0.7831580054003789426 ) ) ;
#5026 = CARTESIAN_POINT ( 'NONE',  ( 1.990710678118655208, 1.749999999999999778, 0.7831580054003789426 ) ) ;
#5027 = ADVANCED_FACE ( 'NONE', ( #4275 ), #4331, .T. ) ;
#5028 = DIRECTION ( 'NONE',  ( 0.7071067811865474617, 0.000000000000000000, 0.7071067811865474617 ) ) ;
#5029 = VERTEX_POINT ( 'NONE', #210 ) ;
#5030 = DIRECTION ( 'NONE',  ( -0.000000000000000000, -1.000000000000000000, -0.000000000000000000 ) ) ;
#5031 = EDGE_LOOP ( 'NONE', ( #10361, #7868, #3322, #8961 ) ) ;
#5032 = EDGE_LOOP ( 'NONE', ( #325, #5186, #7517, #1289 ) ) ;
#5033 = CARTESIAN_POINT ( 'NONE',  ( 1.500000000000000000, 0.000000000000000000, 1.449999999999999512 ) ) ;
#5034 = ORIENTED_EDGE ( 'NONE', *, *, #6914, .F. ) ;
#5035 = CARTESIAN_POINT ( 'NONE',  ( 1.805857864376268385, 1.749999999999999778, -0.7397265478953025664 ) ) ;
#5036 = EDGE_LOOP ( 'NONE', ( #10259, #1502, #9023, #2840 ) ) ;
#5037 = CARTESIAN_POINT ( 'NONE',  ( -2.020000000000000462, 1.539480857753715792, -1.319554108468272258 ) ) ;
#5038 = CIRCLE ( 'NONE', #9142, 0.1000000000000002554 ) ;
#5039 = ORIENTED_EDGE ( 'NONE', *, *, #5595, .F. ) ;
#5040 =( NAMED_UNIT ( * ) PLANE_ANGLE_UNIT ( ) SI_UNIT ( $, .RADIAN. ) );
#5041 = ORIENTED_EDGE ( 'NONE', *, *, #10464, .T. ) ;
#5042 = ORIENTED_EDGE ( 'NONE', *, *, #10199, .F. ) ;
#5043 = FACE_OUTER_BOUND ( 'NONE', #1849, .T. ) ;
#5044 = DIRECTION ( 'NONE',  ( -1.000000000000000000, -0.000000000000000000, -5.732077271949496718E-16 ) ) ;
#5045 = VERTEX_POINT ( 'NONE', #147 ) ;
#5046 = LINE ( 'NONE', #4847, #4803 ) ;
#5047 = CARTESIAN_POINT ( 'NONE',  ( 1.916566087323701373, 1.450000006237651462, 1.494696881025378454 ) ) ;
#5048 = DIRECTION ( 'NONE',  ( 4.928191693115927811E-16, 0.000000000000000000, -1.000000000000000000 ) ) ;
#5049 = CARTESIAN_POINT ( 'NONE',  ( 1.995142775509890720, 1.449999999999978639, 1.416120190436488180 ) ) ;
#5050 = ORIENTED_EDGE ( 'NONE', *, *, #8188, .F. ) ;
#5051 = CARTESIAN_POINT ( 'NONE',  ( 1.240172439427031037, 1.649999999999999911, -1.305411972844539470 ) ) ;
#5052 = VERTEX_POINT ( 'NONE', #5851 ) ;
#5053 = DIRECTION ( 'NONE',  ( 1.000000000000000000, 0.000000000000000000, -1.602269220421927623E-16 ) ) ;
#5054 = PRESENTATION_STYLE_ASSIGNMENT (( #9025 ) ) ;
#5055 = DIRECTION ( 'NONE',  ( -0.000000000000000000, -0.000000000000000000, -1.000000000000000000 ) ) ;
#5056 =( LENGTH_UNIT ( ) NAMED_UNIT ( * ) SI_UNIT ( .MILLI., .METRE. ) );
#5057 = ORIENTED_EDGE ( 'NONE', *, *, #654, .T. ) ;
#5058 =( LENGTH_UNIT ( ) NAMED_UNIT ( * ) SI_UNIT ( .MILLI., .METRE. ) );
#5059 = CARTESIAN_POINT ( 'NONE',  ( 1.210883117545685783, 1.649999999999999911, 1.376122650963194527 ) ) ;
#5060 = CYLINDRICAL_SURFACE ( 'NONE', #1522, 0.09999999999999982514 ) ;
#5061 = VERTEX_POINT ( 'NONE', #316 ) ;
#5062 = DIRECTION ( 'NONE',  ( 0.000000000000000000, -0.000000000000000000, 1.000000000000000000 ) ) ;
#5063 =( NAMED_UNIT ( * ) SI_UNIT ( $, .STERADIAN. ) SOLID_ANGLE_UNIT ( ) );
#5064 = DIRECTION ( 'NONE',  ( -0.7071067811865477948, 0.000000000000000000, 0.7071067811865473507 ) ) ;
#5065 = EDGE_CURVE ( 'NONE', #7607, #1116, #9108, .T. ) ;
#5066 = CARTESIAN_POINT ( 'NONE',  ( 1.930724102706342649, -1.145451261138598076, -0.09999999999999999167 ) ) ;
#5067 = VECTOR ( 'NONE', #10547, 1000.000000000000000 ) ;
#5068 = LINE ( 'NONE', #8351, #6498 ) ;
#5069 = CARTESIAN_POINT ( 'NONE',  ( 1.920000000000000373, 1.649999999999999911, -0.8538686835190337776 ) ) ;
#5070 = DIRECTION ( 'NONE',  ( -0.000000000000000000, 1.000000000000000000, -0.000000000000000000 ) ) ;
#5071 = AXIS2_PLACEMENT_3D ( 'NONE', #3700, #8385, #2059 ) ;
#5072 = VECTOR ( 'NONE', #10487, 1000.000000000000114 ) ;
#5073 = CYLINDRICAL_SURFACE ( 'NONE', #9570, 0.1000000000000001443 ) ;
#5074 = VERTEX_POINT ( 'NONE', #5033 ) ;
#5075 = DIRECTION ( 'NONE',  ( -0.7071067811865464625, 0.000000000000000000, -0.7071067811865486830 ) ) ;
#5076 = CARTESIAN_POINT ( 'NONE',  ( -2.049999999999999822, 1.449999999999999956, -1.500000000000000000 ) ) ;
#5077 = ORIENTED_EDGE ( 'NONE', *, *, #7189, .F. ) ;
#5078 = VERTEX_POINT ( 'NONE', #3510 ) ;
#5079 =( NAMED_UNIT ( * ) PLANE_ANGLE_UNIT ( ) SI_UNIT ( $, .RADIAN. ) );
#5080 = VECTOR ( 'NONE', #1188, 1000.000000000000000 ) ;
#5081 = ORIENTED_EDGE ( 'NONE', *, *, #3836, .F. ) ;
#5082 = ADVANCED_FACE ( 'NONE', ( #1759 ), #5144, .F. ) ;
#5083 = CARTESIAN_POINT ( 'NONE',  ( 1.906297506684001553, 1.862473597731678199, -0.8114972960866296825 ) ) ;
#5084 = EDGE_CURVE ( 'NONE', #7622, #4129, #1035, .T. ) ;
#5085 = ADVANCED_FACE ( 'NONE', ( #948 ), #7620, .T. ) ;
#5086 = EDGE_LOOP ( 'NONE', ( #5580, #4603, #2613 ) ) ;
#5087 = FILL_AREA_STYLE_COLOUR ( '', #702 ) ;
#5088 = VECTOR ( 'NONE', #10241, 1000.000000000000000 ) ;
#5089 = AXIS2_PLACEMENT_3D ( 'NONE', #10115, #10218, #5979 ) ;
#5090 = VERTEX_POINT ( 'NONE', #6886 ) ;
#5091 = DIRECTION ( 'NONE',  ( -1.000000000000000000, 0.000000000000000000, -0.000000000000000000 ) ) ;
#5092 = AXIS2_PLACEMENT_3D ( 'NONE', #453, #9245, #9352 ) ;
#5093 = ORIENTED_EDGE ( 'NONE', *, *, #3104, .T. ) ;
#5094 = ORIENTED_EDGE ( 'NONE', *, *, #3758, .F. ) ;
#5095 = DIRECTION ( 'NONE',  ( 0.000000000000000000, 0.000000000000000000, -1.000000000000000000 ) ) ;
#5096 = CARTESIAN_POINT ( 'NONE',  ( -2.020000000000000462, 1.749999999999999778, -0.8538686835190337776 ) ) ;
#5097 = CARTESIAN_POINT ( 'NONE',  ( 1.327268482960745732, 1.809017335549510719, -1.519554108468272213 ) ) ;
#5098 = ORIENTED_EDGE ( 'NONE', *, *, #10392, .T. ) ;
#5099 = CARTESIAN_POINT ( 'NONE',  ( 0.3999999999999999667, 2.400000000000000355, 1.000000000000000000 ) ) ;
#5100 = DIRECTION ( 'NONE',  ( -0.7071067811865489050, 0.000000000000000000, -0.7071067811865461294 ) ) ;
#5101 = AXIS2_PLACEMENT_3D ( 'NONE', #5747, #9222, #4885 ) ;
#5102 = DIRECTION ( 'NONE',  ( -0.000000000000000000, 1.000000000000000000, -0.000000000000000000 ) ) ;
#5103 = DIRECTION ( 'NONE',  ( 0.000000000000000000, 0.000000000000000000, -1.000000000000000000 ) ) ;
#5104 = VECTOR ( 'NONE', #10134, 1000.000000000000227 ) ;
#5105 = ORIENTED_EDGE ( 'NONE', *, *, #2018, .F. ) ;
#5106 =( BOUNDED_SURFACE ( )  B_SPLINE_SURFACE ( 3, 2, ( 
 ( #5175, #446, #2057 ),
 ( #5333, #1036, #8439 ),
 ( #10002, #2826, #2732 ),
 ( #2780, #5918, #1897 ) ),
 .UNSPECIFIED., .F., .F., .F. ) 
 B_SPLINE_SURFACE_WITH_KNOTS ( ( 4, 4 ),
 ( 3, 3 ),
 ( 0.0002758777686984793831, 0.0003154662155144598258 ),
 ( 0.000000000000000000, 1.000000000000000000 ),
 .UNSPECIFIED. ) 
 GEOMETRIC_REPRESENTATION_ITEM ( )  RATIONAL_B_SPLINE_SURFACE ( (
 ( 1.000000000000000000, 0.9808805871847274815, 1.000000000000000000),
 ( 1.000000000000000000, 0.9937896904766424511, 1.000000000000000000),
 ( 1.000000000000000000, 1.000037153824646863, 1.000000000000000000),
 ( 1.000000000000000000, 1.000000000000000000, 1.000000000000000000) ) ) 
 REPRESENTATION_ITEM ( '' )  SURFACE ( )  );
#5107 = LINE ( 'NONE', #7800, #5268 ) ;
#5108 = ORIENTED_EDGE ( 'NONE', *, *, #74, .T. ) ;
#5109 = DIRECTION ( 'NONE',  ( 0.7071067811865474617, 0.000000000000000000, -0.7071067811865474617 ) ) ;
#5110 = EDGE_CURVE ( 'NONE', #4550, #6374, #9086, .T. ) ;
#5111 = ADVANCED_FACE ( 'NONE', ( #9274 ), #4219, .F. ) ;
#5112 = AXIS2_PLACEMENT_3D ( 'NONE', #10123, #5827, #7481 ) ;
#5113 = CARTESIAN_POINT ( 'NONE',  ( 2.002658917572325503, 1.480980449765610052, -1.407324227906256997 ) ) ;
#5114 = CARTESIAN_POINT ( 'NONE',  ( 2.050000000000000266, 0.000000000000000000, -0.5500000000000000444 ) ) ;
#5115 = DIRECTION ( 'NONE',  ( -9.866381877431726115E-16, -0.000000000000000000, 1.000000000000000000 ) ) ;
#5116 = AXIS2_PLACEMENT_3D ( 'NONE', #8355, #3456, #1973 ) ;
#5117 = DIRECTION ( 'NONE',  ( 0.7071067811865464625, -0.000000000000000000, -0.7071067811865486830 ) ) ;
#5118 = EDGE_LOOP ( 'NONE', ( #1034, #3397, #6912 ) ) ;
#5119 = DIRECTION ( 'NONE',  ( 0.6803263325384458771, 0.2726025724559519303, -0.6803263325384264482 ) ) ;
#5120 = DIRECTION ( 'NONE',  ( 0.000000000000000000, 0.000000000000000000, -1.000000000000000000 ) ) ;
#5121 = VECTOR ( 'NONE', #5934, 1000.000000000000000 ) ;
#5122 = B_SPLINE_CURVE_WITH_KNOTS ( 'NONE', 3,
 ( #6404, #3185, #3135, #642 ),
 .UNSPECIFIED., .F., .F.,
 ( 4, 4 ),
 ( 0.000000000000000000, 1.000000000000000000 ),
 .UNSPECIFIED. ) ;
#5123 = ADVANCED_FACE ( 'NONE', ( #473 ), #626, .T. ) ;
#5124 = DIRECTION ( 'NONE',  ( 0.6326911274538761232, -0.6869888215622168559, 0.3574189366691412628 ) ) ;
#5125 = ORIENTED_EDGE ( 'NONE', *, *, #8808, .F. ) ;
#5126 = CARTESIAN_POINT ( 'NONE',  ( -1.311825581389000739, 1.750000000000000000, 1.276127092252299589 ) ) ;
#5127 = CARTESIAN_POINT ( 'NONE',  ( -1.978072250575702906, 1.826778885434150901, -1.312759064811529042 ) ) ;
#5128 =( NAMED_UNIT ( * ) SI_UNIT ( $, .STERADIAN. ) SOLID_ANGLE_UNIT ( ) );
#5129 = DIRECTION ( 'NONE',  ( 0.000000000000000000, -0.3719458362746750346, -0.9282544343432637124 ) ) ;
#5130 = UNCERTAINTY_MEASURE_WITH_UNIT (LENGTH_MEASURE( 1.000000000000000082E-05 ), #7026, 'distance_accuracy_value', 'NONE');
#5131 = CARTESIAN_POINT ( 'NONE',  ( 1.302305608210474253, 1.597125742069206211, -1.509145170888289478 ) ) ;
#5132 = DIRECTION ( 'NONE',  ( 0.000000000000000000, 0.000000000000000000, -1.000000000000000000 ) ) ;
#5133 = PRESENTATION_LAYER_ASSIGNMENT (  '', '', ( #9773 ) ) ;
#5134 = ADVANCED_FACE ( 'NONE', ( #1325 ), #6279, .F. ) ;
#5135 = EDGE_CURVE ( 'NONE', #2398, #8838, #4653, .T. ) ;
#5136 = CIRCLE ( 'NONE', #6362, 0.1000000000000012407 ) ;
#5137 = CIRCLE ( 'NONE', #6524, 0.1000000000000000472 ) ;
#5138 = ORIENTED_EDGE ( 'NONE', *, *, #3309, .F. ) ;
#5139 = DIRECTION ( 'NONE',  ( 0.6803263325384226734, 0.2726025724560242613, -0.6803263325384205640 ) ) ;
#5140 = FACE_OUTER_BOUND ( 'NONE', #1004, .T. ) ;
#5141 = ORIENTED_EDGE ( 'NONE', *, *, #3406, .F. ) ;
#5142 = ORIENTED_EDGE ( 'NONE', *, *, #3631, .T. ) ;
#5143 =( GEOMETRIC_REPRESENTATION_CONTEXT ( 3 ) GLOBAL_UNCERTAINTY_ASSIGNED_CONTEXT ( ( #3484 ) ) GLOBAL_UNIT_ASSIGNED_CONTEXT ( ( #7945, #2140, #2871 ) ) REPRESENTATION_CONTEXT ( 'NONE', 'WORKASPACE' ) );
#5144 = PLANE ( 'NONE',  #5668 ) ;
#5145 = EDGE_LOOP ( 'NONE', ( #2804, #5200, #7742, #3366, #2267, #7602, #7949, #5448, #2045, #7486, #7005 ) ) ;
#5146 =( NAMED_UNIT ( * ) PLANE_ANGLE_UNIT ( ) SI_UNIT ( $, .RADIAN. ) );
#5147 = EDGE_CURVE ( 'NONE', #1494, #925, #7940, .T. ) ;
#5148 = ORIENTED_EDGE ( 'NONE', *, *, #5611, .T. ) ;
#5149 = DIRECTION ( 'NONE',  ( -0.000000000000000000, 1.000000000000000000, -0.000000000000000000 ) ) ;
#5150 = CIRCLE ( 'NONE', #9256, 0.09999999999999015232 ) ;
#5151 = VECTOR ( 'NONE', #1987, 1000.000000000000227 ) ;
#5152 = ADVANCED_FACE ( 'NONE', ( #9438 ), #424, .T. ) ;
#5153 = VERTEX_POINT ( 'NONE', #31 ) ;
#5154 = LINE ( 'NONE', #6948, #2715 ) ;
#5155 = ORIENTED_EDGE ( 'NONE', *, *, #1629, .T. ) ;
#5156 = ORIENTED_EDGE ( 'NONE', *, *, #2083, .T. ) ;
#5157 = AXIS2_PLACEMENT_3D ( 'NONE', #6778, #10039, #2655 ) ;
#5158 = ADVANCED_FACE ( 'NONE', ( #7241 ), #5566, .T. ) ;
#5159 =( LENGTH_UNIT ( ) NAMED_UNIT ( * ) SI_UNIT ( .MILLI., .METRE. ) );
#5160 = VECTOR ( 'NONE', #6590, 1000.000000000000000 ) ;
#5161 = AXIS2_PLACEMENT_3D ( 'NONE', #1783, #7476, #5759 ) ;
#5162 = DIRECTION ( 'NONE',  ( 0.000000000000000000, 0.000000000000000000, -1.000000000000000000 ) ) ;
#5163 = PRESENTATION_STYLE_ASSIGNMENT (( #3472 ) ) ;
#5164 = VERTEX_POINT ( 'NONE', #2282 ) ;
#5165 = FACE_OUTER_BOUND ( 'NONE', #1351, .T. ) ;
#5166 = B_SPLINE_CURVE_WITH_KNOTS ( 'NONE', 3,
 ( #5047, #4403, #333, #3589, #3426, #5266, #9997, #8538, #8325, #4235 ),
 .UNSPECIFIED., .F., .F.,
 ( 4, 3, 3, 4 ),
 ( 0.000000000000000000, 2.778924238412454884E-05, 5.613173365471645462E-05, 5.625689118024807119E-05 ),
 .UNSPECIFIED. ) ;
#5167 = CARTESIAN_POINT ( 'NONE',  ( 1.327268482960745510, 1.750000000000000222, 1.519554108468271991 ) ) ;
#5168 = DIRECTION ( 'NONE',  ( 0.000000000000000000, 1.000000000000000000, 0.000000000000000000 ) ) ;
#5169 = DIRECTION ( 'NONE',  ( -0.000000000000000000, 1.000000000000000000, -0.000000000000000000 ) ) ;
#5170 = CARTESIAN_POINT ( 'NONE',  ( 1.210883117545685561, 1.750000000000000222, -1.376122650963194971 ) ) ;
#5171 = COLOUR_RGB ( '',0.8431372549019607865, 0.8156862745098039102, 0.7529411764705882248 ) ;
#5172 = STYLED_ITEM ( 'NONE', ( #9942 ), #4691 ) ;
#5173 = EDGE_CURVE ( 'NONE', #9712, #6123, #2384, .T. ) ;
#5174 = VERTEX_POINT ( 'NONE', #4809 ) ;
#5175 = CARTESIAN_POINT ( 'NONE',  ( -1.975604021008820821, 1.477260257245428754, -1.435869782706161946 ) ) ;
#5176 = ORIENTED_EDGE ( 'NONE', *, *, #7710, .T. ) ;
#5177 = CARTESIAN_POINT ( 'NONE',  ( -1.920000000000000373, 1.550000000000000266, 1.410853531617383361 ) ) ;
#5178 =( BOUNDED_SURFACE ( )  B_SPLINE_SURFACE ( 3, 3, ( 
 ( #1311, #2847, #6319, #2165 ),
 ( #2218, #4690, #5396, #8711 ),
 ( #7927, #7969, #3870, #10291 ),
 ( #2955, #5505, #3061, #10344 ) ),
 .UNSPECIFIED., .F., .F., .F. ) 
 B_SPLINE_SURFACE_WITH_KNOTS ( ( 4, 4 ),
 ( 4, 4 ),
 ( 0.000000000000000000, 1.000000000000000000 ),
 ( 0.000000000000000000, 1.000000000000000000 ),
 .UNSPECIFIED. ) 
 GEOMETRIC_REPRESENTATION_ITEM ( )  RATIONAL_B_SPLINE_SURFACE ( (
 ( 1.000000000000000000, 0.8854898804334147000, 0.8854898804334147000, 1.000000000000000000),
 ( 0.8025111867385934517, 0.7106155347916348619, 0.7106155347916348619, 0.8025111867385934517),
 ( 0.8025111867385934517, 0.7106155347916348619, 0.7106155347916348619, 0.8025111867385934517),
 ( 1.000000000000000000, 0.8854898804334147000, 0.8854898804334147000, 1.000000000000000000) ) ) 
 REPRESENTATION_ITEM ( '' )  SURFACE ( )  );
#5179 = CARTESIAN_POINT ( 'NONE',  ( 2.020000000000000462, 1.771951252225659523, -1.289983487832476294 ) ) ;
#5180 = DIRECTION ( 'NONE',  ( -1.000000000000000000, -0.000000000000000000, 0.000000000000000000 ) ) ;
#5181 =( GEOMETRIC_REPRESENTATION_CONTEXT ( 3 ) GLOBAL_UNCERTAINTY_ASSIGNED_CONTEXT ( ( #8192 ) ) GLOBAL_UNIT_ASSIGNED_CONTEXT ( ( #6268, #7081, #8661 ) ) REPRESENTATION_CONTEXT ( 'NONE', 'WORKASPACE' ) );
#5182 = DIRECTION ( 'NONE',  ( -0.7071067811865474617, -2.168404344971005713E-15, 0.7071067811865474617 ) ) ;
#5183 = FACE_OUTER_BOUND ( 'NONE', #3753, .T. ) ;
#5184 = CARTESIAN_POINT ( 'NONE',  ( -1.936315582161188820, 1.477260098308399439, -1.475158285238883371 ) ) ;
#5185 = AXIS2_PLACEMENT_3D ( 'NONE', #3436, #234, #7479 ) ;
#5186 = ORIENTED_EDGE ( 'NONE', *, *, #5279, .F. ) ;
#5187 =( NAMED_UNIT ( * ) SI_UNIT ( $, .STERADIAN. ) SOLID_ANGLE_UNIT ( ) );
#5188 =( NAMED_UNIT ( * ) SI_UNIT ( $, .STERADIAN. ) SOLID_ANGLE_UNIT ( ) );
#5189 = VERTEX_POINT ( 'NONE', #5724 ) ;
#5190 = CARTESIAN_POINT ( 'NONE',  ( -1.910853531617384693, 1.550000000000000266, 0.8600000000000000977 ) ) ;
#5191 = CARTESIAN_POINT ( 'NONE',  ( -1.978072250575702906, 1.787399814323858971, -1.328538016135581090 ) ) ;
#5192 = FACE_OUTER_BOUND ( 'NONE', #6622, .T. ) ;
#5193 = CARTESIAN_POINT ( 'NONE',  ( -1.848427124746192307, 1.550000000000000266, -0.9092893218813450362 ) ) ;
#5194 = VECTOR ( 'NONE', #4836, 1000.000000000000000 ) ;
#5195 = CARTESIAN_POINT ( 'NONE',  ( 1.920000000000000151, 1.749999999999999778, -0.8538686835190338886 ) ) ;
#5196 = FACE_OUTER_BOUND ( 'NONE', #5863, .T. ) ;
#5197 = CARTESIAN_POINT ( 'NONE',  ( -1.876568542494923220, 1.649999999999999911, -0.8104372260139572903 ) ) ;
#5198 = CARTESIAN_POINT ( 'NONE',  ( 1.240172439427031481, 1.849999999999999867, -1.305411972844539248 ) ) ;
#5199 = CARTESIAN_POINT ( 'NONE',  ( 1.803678909191087198, 1.777260257245602215, -1.487586741722114247 ) ) ;
#5200 = ORIENTED_EDGE ( 'NONE', *, *, #1413, .T. ) ;
#5201 = EDGE_LOOP ( 'NONE', ( #428, #10381, #9667, #4666 ) ) ;
#5202 = DIRECTION ( 'NONE',  ( 0.000000000000000000, -1.000000000000000000, 0.000000000000000000 ) ) ;
#5203 = VERTEX_POINT ( 'NONE', #8985 ) ;
#5204 = CARTESIAN_POINT ( 'NONE',  ( -1.460000000000000187, 1.449999999999999956, -1.410853531617383361 ) ) ;
#5205 = VERTEX_POINT ( 'NONE', #3123 ) ;
#5206 = CARTESIAN_POINT ( 'NONE',  ( 1.421324630825649304, 1.591324630825649455, -1.519554108468271991 ) ) ;
#5207 = ORIENTED_EDGE ( 'NONE', *, *, #9468, .F. ) ;
#5208 = SURFACE_STYLE_USAGE ( .BOTH. , #6726 ) ;
#5209 = EDGE_LOOP ( 'NONE', ( #10628, #2585, #9988, #3755, #7627, #3844, #6560, #1278, #6814, #2511, #7461, #10046, #7110, #5553, #8939, #8449, #7696, #749, #1461, #640 ) ) ;
#5210 = ORIENTED_EDGE ( 'NONE', *, *, #8030, .F. ) ;
#5211 = CARTESIAN_POINT ( 'NONE',  ( 1.354314575050763025, 1.649999999999999911, 1.419554108468272124 ) ) ;
#5212 = DIRECTION ( 'NONE',  ( 0.000000000000000000, 0.000000000000000000, 1.000000000000000000 ) ) ;
#5213 = EDGE_LOOP ( 'NONE', ( #7884, #858, #6452, #7450 ) ) ;
#5214 = SURFACE_STYLE_FILL_AREA ( #4513 ) ;
#5215 = LINE ( 'NONE', #3528, #5255 ) ;
#5216 = EDGE_CURVE ( 'NONE', #2303, #5478, #7537, .T. ) ;
#5217 = DIRECTION ( 'NONE',  ( 0.000000000000000000, -1.000000000000000000, 0.000000000000000000 ) ) ;
#5218 = CARTESIAN_POINT ( 'NONE',  ( 1.252810866969983783, 1.750000000000000000, -1.476674426722931255 ) ) ;
#5219 =( NAMED_UNIT ( * ) SI_UNIT ( $, .STERADIAN. ) SOLID_ANGLE_UNIT ( ) );
#5220 = ORIENTED_EDGE ( 'NONE', *, *, #1958, .T. ) ;
#5221 = LINE ( 'NONE', #232, #10571 ) ;
#5222 = UNCERTAINTY_MEASURE_WITH_UNIT (LENGTH_MEASURE( 1.000000000000000082E-05 ), #2790, 'distance_accuracy_value', 'NONE');
#5223 = DIRECTION ( 'NONE',  ( -0.3719458362746718705, 0.9282544343432650447, 2.868381840042504953E-15 ) ) ;
#5224 = ADVANCED_FACE ( 'NONE', ( #1480 ), #4042, .T. ) ;
#5225 = EDGE_CURVE ( 'NONE', #7300, #455, #2702, .T. ) ;
#5226 = DIRECTION ( 'NONE',  ( 0.000000000000000000, 0.3719458362746750346, -0.9282544343432637124 ) ) ;
#5227 = DIRECTION ( 'NONE',  ( 0.000000000000000000, 0.000000000000000000, -1.000000000000000000 ) ) ;
#5228 =( BOUNDED_SURFACE ( )  B_SPLINE_SURFACE ( 3, 2, ( 
 ( #5297, #6710, #996 ),
 ( #1801, #200, #6064 ),
 ( #8460, #9975, #307 ),
 ( #1225, #4488, #5890 ) ),
 .UNSPECIFIED., .F., .F., .F. ) 
 B_SPLINE_SURFACE_WITH_KNOTS ( ( 4, 4 ),
 ( 3, 3 ),
 ( 0.2815142030153202080, 0.7853981633974501664 ),
 ( 0.000000000000000000, 1.000000000000000000 ),
 .UNSPECIFIED. ) 
 GEOMETRIC_REPRESENTATION_ITEM ( )  RATIONAL_B_SPLINE_SURFACE ( (
 ( 1.000000000000000000, 0.9808805871844852309, 1.000000000000000000),
 ( 1.000000000000000000, 0.9694504683580126292, 1.000000000000000000),
 ( 1.000000000000000000, 0.9477825877804855192, 1.000000000000000000),
 ( 1.000000000000000000, 0.9166041491664823626, 1.000000000000000000) ) ) 
 REPRESENTATION_ITEM ( '' )  SURFACE ( )  );
#5229 = ORIENTED_EDGE ( 'NONE', *, *, #6894, .F. ) ;
#5230 = AXIS2_PLACEMENT_3D ( 'NONE', #489, #4520, #8796 ) ;
#5231 = FACE_OUTER_BOUND ( 'NONE', #6054, .T. ) ;
#5232 = SURFACE_STYLE_FILL_AREA ( #5286 ) ;
#5233 = DIRECTION ( 'NONE',  ( 0.000000000000000000, 0.000000000000000000, -1.000000000000000000 ) ) ;
#5234 = ORIENTED_EDGE ( 'NONE', *, *, #228, .F. ) ;
#5235 = CARTESIAN_POINT ( 'NONE',  ( -1.210883117545685783, 1.868034671099022326, 1.317105315413683808 ) ) ;
#5236 = LINE ( 'NONE', #9192, #6393 ) ;
#5237 = PLANE ( 'NONE',  #681 ) ;
#5238 = DIRECTION ( 'NONE',  ( -1.000000000000000000, -0.000000000000000000, 5.732077271949496718E-16 ) ) ;
#5239 = SURFACE_STYLE_USAGE ( .BOTH. , #1107 ) ;
#5240 = CARTESIAN_POINT ( 'NONE',  ( -1.920000000000000373, 1.550000000000000266, 0.8600000000000000977 ) ) ;
#5241 = DIRECTION ( 'NONE',  ( -0.7071067811865456854, 0.000000000000000000, 0.7071067811865493491 ) ) ;
#5242 = DIRECTION ( 'NONE',  ( 0.9781476007338062439, -0.2079116908177564282, 0.000000000000000000 ) ) ;
#5243 = LINE ( 'NONE', #7134, #10622 ) ;
#5244 = DIRECTION ( 'NONE',  ( 1.000000000000000000, -0.000000000000000000, -0.000000000000000000 ) ) ;
#5245 = UNCERTAINTY_MEASURE_WITH_UNIT (LENGTH_MEASURE( 1.000000000000000082E-05 ), #10402, 'distance_accuracy_value', 'NONE');
#5246 = DIRECTION ( 'NONE',  ( 0.000000000000000000, -1.000000000000000000, 0.000000000000000000 ) ) ;
#5247 = VECTOR ( 'NONE', #5386, 1000.000000000000000 ) ;
#5248 = EDGE_LOOP ( 'NONE', ( #6311, #7810, #7365, #3307, #3685, #3908 ) ) ;
#5249 = EDGE_LOOP ( 'NONE', ( #594, #8842, #117, #2603 ) ) ;
#5250 = ORIENTED_EDGE ( 'NONE', *, *, #36, .T. ) ;
#5251 = EDGE_CURVE ( 'NONE', #8645, #3789, #7289, .T. ) ;
#5252 = ORIENTED_EDGE ( 'NONE', *, *, #9736, .F. ) ;
#5253 = LINE ( 'NONE', #264, #3245 ) ;
#5254 =( GEOMETRIC_REPRESENTATION_CONTEXT ( 3 ) GLOBAL_UNCERTAINTY_ASSIGNED_CONTEXT ( ( #8444 ) ) GLOBAL_UNIT_ASSIGNED_CONTEXT ( ( #8924, #16, #8129 ) ) REPRESENTATION_CONTEXT ( 'NONE', 'WORKASPACE' ) );
#5255 = VECTOR ( 'NONE', #1775, 1000.000000000000000 ) ;
#5256 = VERTEX_POINT ( 'NONE', #8198 ) ;
#5257 = AXIS2_PLACEMENT_3D ( 'NONE', #7911, #5384, #9625 ) ;
#5258 = EDGE_LOOP ( 'NONE', ( #4614, #6265, #4884, #7407 ) ) ;
#5259 = VERTEX_POINT ( 'NONE', #8096 ) ;
#5260 = CARTESIAN_POINT ( 'NONE',  ( 1.310000000000000275, 0.07000000000000061728, 0.5500000000000000444 ) ) ;
#5261 = DIRECTION ( 'NONE',  ( 0.000000000000000000, 0.000000000000000000, -1.000000000000000000 ) ) ;
#5262 = ORIENTED_EDGE ( 'NONE', *, *, #9444, .F. ) ;
#5263 = CIRCLE ( 'NONE', #6641, 0.1000000000000000472 ) ;
#5264 = DIRECTION ( 'NONE',  ( -0.7071067811865477948, 0.000000000000000000, 0.7071067811865473507 ) ) ;
#5265 = SURFACE_STYLE_FILL_AREA ( #7689 ) ;
#5266 = CARTESIAN_POINT ( 'NONE',  ( 1.954648716944452858, 1.449999999999992184, 1.467739394323255508 ) ) ;
#5267 = DIRECTION ( 'NONE',  ( 0.000000000000000000, 0.000000000000000000, -1.000000000000000000 ) ) ;
#5268 = VECTOR ( 'NONE', #2623, 1000.000000000000000 ) ;
#5269 = CIRCLE ( 'NONE', #5092, 1.259999999999999787 ) ;
#5270 = EDGE_CURVE ( 'NONE', #9609, #292, #2481, .T. ) ;
#5271 = ORIENTED_EDGE ( 'NONE', *, *, #7898, .F. ) ;
#5272 = DIRECTION ( 'NONE',  ( -0.000000000000000000, -1.000000000000000000, 0.000000000000000000 ) ) ;
#5273 = VERTEX_POINT ( 'NONE', #1698 ) ;
#5274 = FACE_OUTER_BOUND ( 'NONE', #5363, .T. ) ;
#5275 = SURFACE_STYLE_FILL_AREA ( #1299 ) ;
#5276 = CIRCLE ( 'NONE', #5101, 0.1000000000000000472 ) ;
#5277 = DIRECTION ( 'NONE',  ( 0.000000000000000000, -1.000000000000000000, 0.000000000000000000 ) ) ;
#5278 = CARTESIAN_POINT ( 'NONE',  ( -1.327268482960745510, 1.649999999999999911, -1.519554108468272435 ) ) ;
#5279 = EDGE_CURVE ( 'NONE', #5324, #10418, #7716, .T. ) ;
#5280 = FILL_AREA_STYLE ('',( #1355 ) ) ;
#5281 = DIRECTION ( 'NONE',  ( -0.000000000000000000, 1.000000000000000000, -0.000000000000000000 ) ) ;
#5282 = ORIENTED_EDGE ( 'NONE', *, *, #10040, .F. ) ;
#5283 = EDGE_CURVE ( 'NONE', #1381, #6107, #2376, .T. ) ;
#5284 =( NAMED_UNIT ( * ) PLANE_ANGLE_UNIT ( ) SI_UNIT ( $, .RADIAN. ) );
#5285 = EDGE_CURVE ( 'NONE', #7103, #8415, #3052, .T. ) ;
#5286 = FILL_AREA_STYLE ('',( #6970 ) ) ;
#5287 = STYLED_ITEM ( 'NONE', ( #10240 ), #6408 ) ;
#5288 = VERTEX_POINT ( 'NONE', #736 ) ;
#5289 = CARTESIAN_POINT ( 'NONE',  ( -1.920000000000000373, 2.049999999999999822, 0.8799999999999998934 ) ) ;
#5290 = EDGE_CURVE ( 'NONE', #8624, #1647, #7399, .T. ) ;
#5291 = AXIS2_PLACEMENT_3D ( 'NONE', #6527, #9847, #4732 ) ;
#5292 = CARTESIAN_POINT ( 'NONE',  ( 1.735646275937245075, 1.808512823836344818, 1.520110036656114660 ) ) ;
#5293 = VECTOR ( 'NONE', #9048, 1000.000000000000000 ) ;
#5294 = CARTESIAN_POINT ( 'NONE',  ( -1.360000000000000098, 1.550000000000000266, 1.410853531617382917 ) ) ;
#5295 = CARTESIAN_POINT ( 'NONE',  ( 1.978072250575702906, 1.808901866519356361, -0.7533169077592969387 ) ) ;
#5296 = CARTESIAN_POINT ( 'NONE',  ( -1.910853531617384915, 1.449999999999999956, 0.9600000000000000755 ) ) ;
#5297 = CARTESIAN_POINT ( 'NONE',  ( -1.936315674237733653, 1.477260257245605279, -1.475158129477178726 ) ) ;
#5298 = LINE ( 'NONE', #9822, #3376 ) ;
#5299 = CIRCLE ( 'NONE', #6175, 0.1000000000000000472 ) ;
#5300 = EDGE_CURVE ( 'NONE', #1568, #9517, #8941, .T. ) ;
#5301 = DIRECTION ( 'NONE',  ( -0.000000000000000000, -1.000000000000000000, 1.224646799147353207E-16 ) ) ;
#5302 = CARTESIAN_POINT ( 'NONE',  ( 1.919057536156685950, 1.849995558710895605, 0.7952926414032669422 ) ) ;
#5303 = FACE_OUTER_BOUND ( 'NONE', #2518, .T. ) ;
#5304 = VERTEX_POINT ( 'NONE', #1797 ) ;
#5305 = EDGE_CURVE ( 'NONE', #6206, #2494, #196, .T. ) ;
#5306 = ORIENTED_EDGE ( 'NONE', *, *, #1072, .F. ) ;
#5307 = PRESENTATION_LAYER_ASSIGNMENT (  '', '', ( #6511 ) ) ;
#5308 = DIRECTION ( 'NONE',  ( 0.9781476007338062439, -0.2079116908177564282, 0.000000000000000000 ) ) ;
#5309 = ORIENTED_EDGE ( 'NONE', *, *, #8173, .T. ) ;
#5310 = AXIS2_PLACEMENT_3D ( 'NONE', #4491, #7725, #7774 ) ;
#5311 = EDGE_LOOP ( 'NONE', ( #6567, #4521, #9154, #3190, #5306, #4329 ) ) ;
#5312 = AXIS2_PLACEMENT_3D ( 'NONE', #8369, #9383, #5091 ) ;
#5313 =( GEOMETRIC_REPRESENTATION_CONTEXT ( 3 ) GLOBAL_UNCERTAINTY_ASSIGNED_CONTEXT ( ( #7730 ) ) GLOBAL_UNIT_ASSIGNED_CONTEXT ( ( #6109, #412, #357 ) ) REPRESENTATION_CONTEXT ( 'NONE', 'WORKASPACE' ) );
#5314 = CIRCLE ( 'NONE', #518, 0.1100000014699854534 ) ;
#5316 = EDGE_CURVE ( 'NONE', #7147, #10219, #301, .T. ) ;
#5315 = CARTESIAN_POINT ( 'NONE',  ( -1.311825581389000295, 1.650000000000000133, 1.276127092252299589 ) ) ;
#5317 =( GEOMETRIC_REPRESENTATION_CONTEXT ( 3 ) GLOBAL_UNCERTAINTY_ASSIGNED_CONTEXT ( ( #9301 ) ) GLOBAL_UNIT_ASSIGNED_CONTEXT ( ( #5656, #8811, #9799 ) ) REPRESENTATION_CONTEXT ( 'NONE', 'WORKASPACE' ) );
#5318 = ORIENTED_EDGE ( 'NONE', *, *, #9091, .F. ) ;
#5319 = LINE ( 'NONE', #1878, #8729 ) ;
#5320 = EDGE_LOOP ( 'NONE', ( #10579, #4536, #1619 ) ) ;
#5321 = VERTEX_POINT ( 'NONE', #9193 ) ;
#5322 = CARTESIAN_POINT ( 'NONE',  ( -1.354314575050763247, 1.809017335549510719, -1.519554108468271547 ) ) ;
#5323 = DIRECTION ( 'NONE',  ( 0.000000000000000000, -1.000000000000000000, 0.000000000000000000 ) ) ;
#5324 = VERTEX_POINT ( 'NONE', #4152 ) ;
#5325 = CARTESIAN_POINT ( 'NONE',  ( -1.988436006080640528, 1.464166666666514960, 1.428284318757787386 ) ) ;
#5326 = LINE ( 'NONE', #274, #5080 ) ;
#5327 = VECTOR ( 'NONE', #9087, 1000.000000000000000 ) ;
#5328 = AXIS2_PLACEMENT_3D ( 'NONE', #9982, #5202, #6019 ) ;
#5329 = CARTESIAN_POINT ( 'NONE',  ( -1.988032633037315922, 1.524734676614701190, -1.404418463151953622 ) ) ;
#5330 = ADVANCED_FACE ( 'NONE', ( #3553 ), #2749, .T. ) ;
#5331 = AXIS2_PLACEMENT_3D ( 'NONE', #8769, #1367, #9580 ) ;
#5332 = ORIENTED_EDGE ( 'NONE', *, *, #10535, .T. ) ;
#5333 = CARTESIAN_POINT ( 'NONE',  ( -1.971043495099188636, 1.467998644416249610, -1.444141379849661622 ) ) ;
#5334 = ORIENTED_EDGE ( 'NONE', *, *, #6585, .F. ) ;
#5335 = FACE_OUTER_BOUND ( 'NONE', #6148, .T. ) ;
#5336 = DIRECTION ( 'NONE',  ( 0.000000000000000000, 0.000000000000000000, -1.000000000000000000 ) ) ;
#5337 = UNCERTAINTY_MEASURE_WITH_UNIT (LENGTH_MEASURE( 1.000000000000000082E-05 ), #9309, 'distance_accuracy_value', 'NONE');
#5338 = CARTESIAN_POINT ( 'NONE',  ( 1.354314575050763469, 1.649999999999999911, 1.519554108468271991 ) ) ;
#5339 = DIRECTION ( 'NONE',  ( 0.7071067811865464625, 0.000000000000000000, -0.7071067811865486830 ) ) ;
#5340 = EDGE_CURVE ( 'NONE', #8110, #4165, #5940, .T. ) ;
#5341 = CARTESIAN_POINT ( 'NONE',  ( -2.100000000000000089, 0.1800000000000006317, 0.7950000000000002620 ) ) ;
#5342 = CARTESIAN_POINT ( 'NONE',  ( 0.3999999999999999667, 2.500000000000000000, 0.000000000000000000 ) ) ;
#5343 = ADVANCED_FACE ( 'NONE', ( #4203 ), #5237, .F. ) ;
#5344 = EDGE_LOOP ( 'NONE', ( #3167, #9474, #7418, #6195 ) ) ;
#5345 = LINE ( 'NONE', #1363, #4955 ) ;
#5346 = EDGE_CURVE ( 'NONE', #7378, #5256, #8386, .T. ) ;
#5347 = ORIENTED_EDGE ( 'NONE', *, *, #8027, .F. ) ;
#5348 = AXIS2_PLACEMENT_3D ( 'NONE', #2304, #1570, #7213 ) ;
#5349 = PLANE ( 'NONE',  #5856 ) ;
#5350 = ORIENTED_EDGE ( 'NONE', *, *, #883, .T. ) ;
#5351 = PRESENTATION_STYLE_ASSIGNMENT (( #2075 ) ) ;
#5352 = EDGE_CURVE ( 'NONE', #8965, #4452, #7493, .T. ) ;
#5353 = CYLINDRICAL_SURFACE ( 'NONE', #7087, 0.1000000000000000472 ) ;
#5354 = CARTESIAN_POINT ( 'NONE',  ( 1.947942502722566305, 1.749999999999999778, 0.7403961109355768899 ) ) ;
#5355 = PLANE ( 'NONE',  #4376 ) ;
#5356 = CYLINDRICAL_SURFACE ( 'NONE', #7862, 0.1000000000000000472 ) ;
#5357 = LINE ( 'NONE', #3611, #9724 ) ;
#5358 = ADVANCED_FACE ( 'NONE', ( #249 ), #4261, .T. ) ;
#5359 = EDGE_CURVE ( 'NONE', #9722, #7308, #5022, .T. ) ;
#5360 = COLOUR_RGB ( '',0.8431372549019607865, 0.8156862745098039102, 0.7529411764705882248 ) ;
#5361 = CARTESIAN_POINT ( 'NONE',  ( -1.888032633253842407, 1.566741114999319784, 1.487586741722114470 ) ) ;
#5362 =( NAMED_UNIT ( * ) SI_UNIT ( $, .STERADIAN. ) SOLID_ANGLE_UNIT ( ) );
#5363 = EDGE_LOOP ( 'NONE', ( #6150, #6036, #9857, #5896, #4768 ) ) ;
#5364 = COLOUR_RGB ( '',0.8431372549019607865, 0.8156862745098039102, 0.7529411764705882248 ) ;
#5365 = SURFACE_SIDE_STYLE ('',( #2091 ) ) ;
#5366 = ORIENTED_EDGE ( 'NONE', *, *, #1357, .T. ) ;
#5367 =( NAMED_UNIT ( * ) SI_UNIT ( $, .STERADIAN. ) SOLID_ANGLE_UNIT ( ) );
#5368 = ORIENTED_EDGE ( 'NONE', *, *, #4416, .T. ) ;
#5369 = FACE_OUTER_BOUND ( 'NONE', #1520, .T. ) ;
#5370 = ADVANCED_FACE ( 'NONE', ( #1915 ), #935, .T. ) ;
#5371 = DIRECTION ( 'NONE',  ( 0.7071067811865486830, 4.336808689942018525E-15, 0.7071067811865464625 ) ) ;
#5372 = ORIENTED_EDGE ( 'NONE', *, *, #4545, .T. ) ;
#5373 = ORIENTED_EDGE ( 'NONE', *, *, #4501, .F. ) ;
#5374 = ORIENTED_EDGE ( 'NONE', *, *, #2516, .F. ) ;
#5375 = CARTESIAN_POINT ( 'NONE',  ( -2.020000000000000906, 1.590982664450489192, -0.8192971287692539795 ) ) ;
#5376 = EDGE_LOOP ( 'NONE', ( #148, #6973, #8907, #8673 ) ) ;
#5377 = CARTESIAN_POINT ( 'NONE',  ( -1.995142775509981092, 1.449999999999851408, 1.416120190436323867 ) ) ;
#5378 = CARTESIAN_POINT ( 'NONE',  ( 1.639999999999999680, 1.449999999999999956, 0.2144761058952750210 ) ) ;
#5379 = CARTESIAN_POINT ( 'NONE',  ( -1.354314575050763469, 1.550004441289104973, 1.418611644624957258 ) ) ;
#5380 = CYLINDRICAL_SURFACE ( 'NONE', #10457, 0.09999999999999982514 ) ;
#5381 = ORIENTED_EDGE ( 'NONE', *, *, #529, .F. ) ;
#5382 = LINE ( 'NONE', #6205, #10424 ) ;
#5383 = EDGE_LOOP ( 'NONE', ( #9278, #1985, #2092, #9922 ) ) ;
#5384 = DIRECTION ( 'NONE',  ( 0.9781476007338062439, 0.2079116908177564282, -1.567255793685334773E-16 ) ) ;
#5385 = DIRECTION ( 'NONE',  ( 0.000000000000000000, 0.000000000000000000, -1.000000000000000000 ) ) ;
#5386 = DIRECTION ( 'NONE',  ( -0.7071067811865477948, 0.000000000000000000, -0.7071067811865473507 ) ) ;
#5387 = DIRECTION ( 'NONE',  ( -1.000000000000000000, -0.000000000000000000, -4.928191693115927811E-16 ) ) ;
#5388 = FACE_OUTER_BOUND ( 'NONE', #8789, .T. ) ;
#5389 = AXIS2_PLACEMENT_3D ( 'NONE', #7676, #3572, #4440 ) ;
#5390 = ORIENTED_EDGE ( 'NONE', *, *, #507, .F. ) ;
#5391 = CARTESIAN_POINT ( 'NONE',  ( -1.360000000000000098, 1.449999999999999956, -1.600000000000000089 ) ) ;
#5392 = CARTESIAN_POINT ( 'NONE',  ( -1.975604176770530573, 1.477260098308209368, 1.435869690629616890 ) ) ;
#5393 = ORIENTED_EDGE ( 'NONE', *, *, #8370, .T. ) ;
#5394 =( LENGTH_UNIT ( ) NAMED_UNIT ( * ) SI_UNIT ( .MILLI., .METRE. ) );
#5395 = ORIENTED_EDGE ( 'NONE', *, *, #2951, .T. ) ;
#5396 = CARTESIAN_POINT ( 'NONE',  ( 2.020000000000000462, 1.795064199120779413, 1.280722272325588218 ) ) ;
#5397 = SURFACE_STYLE_USAGE ( .BOTH. , #8558 ) ;
#5398 = DIRECTION ( 'NONE',  ( -9.866381877431726115E-16, 0.000000000000000000, 1.000000000000000000 ) ) ;
#5399 = DIRECTION ( 'NONE',  ( -0.7071067811865456854, -0.000000000000000000, -0.7071067811865493491 ) ) ;
#5400 = CARTESIAN_POINT ( 'NONE',  ( 1.978072250575702684, 1.750000000000000222, -0.7533169077592967167 ) ) ;
#5401 = CARTESIAN_POINT ( 'NONE',  ( -1.310883117545685650, 1.649999999999999911, 1.376122650963194527 ) ) ;
#5402 = AXIS2_PLACEMENT_3D ( 'NONE', #8433, #2618, #5267 ) ;
#5403 = PLANE ( 'NONE',  #7878 ) ;
#5404 = CARTESIAN_POINT ( 'NONE',  ( -1.735646275937244853, 1.849999999999999867, 1.419554108468272569 ) ) ;
#5405 = CARTESIAN_POINT ( 'NONE',  ( -1.932488219311222721, 1.449999999999999734, -1.485161221531503983 ) ) ;
#5406 = EDGE_LOOP ( 'NONE', ( #1925, #7993, #9384 ) ) ;
#5407 = PRESENTATION_STYLE_ASSIGNMENT (( #7984 ) ) ;
#5408 = ORIENTED_EDGE ( 'NONE', *, *, #3217, .T. ) ;
#5409 = CARTESIAN_POINT ( 'NONE',  ( 1.240172439427031259, 1.749999999999999778, 1.305411972844539470 ) ) ;
#5410 = VECTOR ( 'NONE', #8097, 1000.000000000000000 ) ;
#5411 = CARTESIAN_POINT ( 'NONE',  ( 1.735646275937244853, 1.809017335549510275, -1.519554108468271991 ) ) ;
#5412 = CIRCLE ( 'NONE', #1296, 0.09999999999999997780 ) ;
#5413 = CARTESIAN_POINT ( 'NONE',  ( -2.020000000000000018, 1.649999999999999911, -0.8538686835190341107 ) ) ;
#5414 = EDGE_LOOP ( 'NONE', ( #10509, #1011, #1410 ) ) ;
#5415 = DIRECTION ( 'NONE',  ( -0.9781476007338062439, 0.2079116908177564282, 0.000000000000000000 ) ) ;
#5416 = ADVANCED_FACE ( 'NONE', ( #5192 ), #9273, .T. ) ;
#5417 = ADVANCED_FACE ( 'NONE', ( #4483 ), #2166, .F. ) ;
#5418 = EDGE_CURVE ( 'NONE', #9814, #10425, #5451, .T. ) ;
#5419 = EDGE_LOOP ( 'NONE', ( #2556, #41, #3261, #1440, #2981, #7675, #8222 ) ) ;
#5420 = ORIENTED_EDGE ( 'NONE', *, *, #4030, .F. ) ;
#5421 = FACE_OUTER_BOUND ( 'NONE', #6121, .T. ) ;
#5422 = AXIS2_PLACEMENT_3D ( 'NONE', #448, #9345, #5109 ) ;
#5423 = ORIENTED_EDGE ( 'NONE', *, *, #6089, .T. ) ;
#5424 = ADVANCED_FACE ( 'NONE', ( #1266 ), #3719, .F. ) ;
#5425 = DIRECTION ( 'NONE',  ( 0.7071067811865487940, -0.000000000000000000, 0.7071067811865463515 ) ) ;
#5426 = VECTOR ( 'NONE', #9947, 1000.000000000000000 ) ;
#5427 = PLANE ( 'NONE',  #10297 ) ;
#5428 = CIRCLE ( 'NONE', #3520, 0.09999999999999992228 ) ;
#5429 = ORIENTED_EDGE ( 'NONE', *, *, #5695, .F. ) ;
#5430 = VECTOR ( 'NONE', #785, 1000.000000000000114 ) ;
#5431 = VERTEX_POINT ( 'NONE', #4591 ) ;
#5432 = CARTESIAN_POINT ( 'NONE',  ( -2.020000000000000018, 1.449999999999999956, -0.8800000000000000044 ) ) ;
#5433 = DIRECTION ( 'NONE',  ( 0.000000000000000000, 0.000000000000000000, -1.000000000000000000 ) ) ;
#5434 = LINE ( 'NONE', #8602, #558 ) ;
#5435 = CARTESIAN_POINT ( 'NONE',  ( -2.207596236799650224, 0.1571297138572337881, 0.7950000000000002620 ) ) ;
#5436 = AXIS2_PLACEMENT_3D ( 'NONE', #2118, #7167, #7272 ) ;
#5437 = DIRECTION ( 'NONE',  ( -1.000000000000000000, 0.000000000000000000, 0.000000000000000000 ) ) ;
#5438 = CARTESIAN_POINT ( 'NONE',  ( -1.820000000000000062, 2.049999999999999822, 1.319554108468271814 ) ) ;
#5439 =( GEOMETRIC_REPRESENTATION_CONTEXT ( 3 ) GLOBAL_UNCERTAINTY_ASSIGNED_CONTEXT ( ( #7918 ) ) GLOBAL_UNIT_ASSIGNED_CONTEXT ( ( #10124, #1209, #6752 ) ) REPRESENTATION_CONTEXT ( 'NONE', 'WORKASPACE' ) );
#5440 = ORIENTED_EDGE ( 'NONE', *, *, #5678, .T. ) ;
#5441 = VECTOR ( 'NONE', #3816, 1000.000000000000227 ) ;
#5442 = EDGE_CURVE ( 'NONE', #7135, #3729, #2060, .T. ) ;
#5443 = CARTESIAN_POINT ( 'NONE',  ( -1.920000000000000373, 1.550000000000000266, 0.8799999999999998934 ) ) ;
#5444 = FACE_OUTER_BOUND ( 'NONE', #5344, .T. ) ;
#5445 = EDGE_CURVE ( 'NONE', #2136, #8373, #10295, .T. ) ;
#5446 = EDGE_LOOP ( 'NONE', ( #7787, #1748, #3854 ) ) ;
#5447 = STYLED_ITEM ( 'NONE', ( #9017 ), #10397 ) ;
#5448 = ORIENTED_EDGE ( 'NONE', *, *, #1764, .F. ) ;
#5449 = CARTESIAN_POINT ( 'NONE',  ( 1.354314575050763025, 1.849999999999999867, 1.419554108468272124 ) ) ;
#5450 = LINE ( 'NONE', #9581, #550 ) ;
#5451 = LINE ( 'NONE', #2021, #9945 ) ;
#5452 = CARTESIAN_POINT ( 'NONE',  ( 1.389289321881345574, 1.449999999999999956, 1.340142853498727860 ) ) ;
#5453 = CYLINDRICAL_SURFACE ( 'NONE', #10409, 0.1000000000000000749 ) ;
#5454 = CIRCLE ( 'NONE', #478, 1.100000000000000089 ) ;
#5455 = SURFACE_SIDE_STYLE ('',( #9587 ) ) ;
#5456 = MECHANICAL_DESIGN_GEOMETRIC_PRESENTATION_REPRESENTATION (  '', ( #6162 ), #9918 ) ;
#5457 = EDGE_CURVE ( 'NONE', #2508, #3997, #9420, .T. ) ;
#5458 = DIRECTION ( 'NONE',  ( 0.000000000000000000, -1.000000000000000000, 0.000000000000000000 ) ) ;
#5459 = CIRCLE ( 'NONE', #2038, 0.1000000000000000472 ) ;
#5460 = CARTESIAN_POINT ( 'NONE',  ( -2.050000000000000266, 0.07000000000000000666, -0.5500000000000000444 ) ) ;
#5461 = EDGE_LOOP ( 'NONE', ( #1662, #2241, #7655, #9209, #3032, #2002, #1186, #10366, #1769, #10036, #1657, #9064 ) ) ;
#5462 = DIRECTION ( 'NONE',  ( 0.000000000000000000, -1.000000000000000000, 0.000000000000000000 ) ) ;
#5463 = VERTEX_POINT ( 'NONE', #6976 ) ;
#5464 = DIRECTION ( 'NONE',  ( -0.9282544343432641565, 0.3719458362746743130, 0.000000000000000000 ) ) ;
#5465 =( GEOMETRIC_REPRESENTATION_CONTEXT ( 3 ) GLOBAL_UNCERTAINTY_ASSIGNED_CONTEXT ( ( #8457 ) ) GLOBAL_UNIT_ASSIGNED_CONTEXT ( ( #4840, #602, #7216 ) ) REPRESENTATION_CONTEXT ( 'NONE', 'WORKASPACE' ) );
#5466 = DIRECTION ( 'NONE',  ( 1.000000000000000000, 1.084202172485489761E-14, -6.505213034912939040E-15 ) ) ;
#5467 =( GEOMETRIC_REPRESENTATION_CONTEXT ( 3 ) GLOBAL_UNCERTAINTY_ASSIGNED_CONTEXT ( ( #177 ) ) GLOBAL_UNIT_ASSIGNED_CONTEXT ( ( #5563, #9813, #10455 ) ) REPRESENTATION_CONTEXT ( 'NONE', 'WORKASPACE' ) );
#5468 = AXIS2_PLACEMENT_3D ( 'NONE', #2636, #9137, #5120 ) ;
#5469 = ADVANCED_FACE ( 'NONE', ( #9583 ), #9555, .T. ) ;
#5470 = CARTESIAN_POINT ( 'NONE',  ( -1.210883117545685561, 1.649999999999999467, 1.435139986512705468 ) ) ;
#5471 = DIRECTION ( 'NONE',  ( 4.336808689942015369E-15, 0.000000000000000000, -1.000000000000000000 ) ) ;
#5472 = EDGE_CURVE ( 'NONE', #8065, #3997, #1359, .T. ) ;
#5473 = ORIENTED_EDGE ( 'NONE', *, *, #3427, .F. ) ;
#5474 = COLOUR_RGB ( '',1.000000000000000000, 1.000000000000000000, 1.000000000000000000 ) ;
#5475 = EDGE_LOOP ( 'NONE', ( #6133, #7356, #8164 ) ) ;
#5476 = PRESENTATION_LAYER_ASSIGNMENT (  '', '', ( #5484 ) ) ;
#5477 = SURFACE_STYLE_FILL_AREA ( #10319 ) ;
#5478 = VERTEX_POINT ( 'NONE', #6430 ) ;
#5479 = CARTESIAN_POINT ( 'NONE',  ( 1.310883117545685650, 1.749999999999999778, -1.376122650963194527 ) ) ;
#5480 = CARTESIAN_POINT ( 'NONE',  ( -1.327268482960745732, 1.550004441289104529, 1.418611644624957480 ) ) ;
#5481 = DIRECTION ( 'NONE',  ( -0.000000000000000000, -1.000000000000000000, 0.000000000000000000 ) ) ;
#5482 = AXIS2_PLACEMENT_3D ( 'NONE', #10446, #4849, #8085 ) ;
#5483 = EDGE_CURVE ( 'NONE', #8844, #2709, #7174, .T. ) ;
#5484 = STYLED_ITEM ( 'NONE', ( #5906 ), #2708 ) ;
#5485 = EDGE_CURVE ( 'NONE', #4299, #638, #5556, .T. ) ;
#5486 = ORIENTED_EDGE ( 'NONE', *, *, #4828, .F. ) ;
#5487 = DIRECTION ( 'NONE',  ( 0.000000000000000000, 0.000000000000000000, -1.000000000000000000 ) ) ;
#5488 = EDGE_LOOP ( 'NONE', ( #4935, #4002, #8762 ) ) ;
#5489 = LINE ( 'NONE', #1506, #4220 ) ;
#5490 = VECTOR ( 'NONE', #8990, 1000.000000000000000 ) ;
#5491 = CARTESIAN_POINT ( 'NONE',  ( 1.919999999999999929, 1.749999999999999778, 1.235200384405516605 ) ) ;
#5492 = CARTESIAN_POINT ( 'NONE',  ( 1.600000000000000977, 0.07000000000000000666, 0.5500000000000000444 ) ) ;
#5493 = MECHANICAL_DESIGN_GEOMETRIC_PRESENTATION_REPRESENTATION (  '', ( #9427 ), #5143 ) ;
#5494 = DIRECTION ( 'NONE',  ( 2.710505431213766015E-16, 0.000000000000000000, 1.000000000000000000 ) ) ;
#5495 = DIRECTION ( 'NONE',  ( -0.000000000000000000, -1.000000000000000000, -0.000000000000000000 ) ) ;
#5496 = CARTESIAN_POINT ( 'NONE',  ( -2.109781477445201059, 0.1779208827861959441, -1.354999999999999982 ) ) ;
#5497 = ADVANCED_FACE ( 'NONE', ( #4793 ), #9746, .F. ) ;
#5498 = AXIS2_PLACEMENT_3D ( 'NONE', #1184, #6903, #269 ) ;
#5499 = ORIENTED_EDGE ( 'NONE', *, *, #5290, .T. ) ;
#5500 = DIRECTION ( 'NONE',  ( 0.000000000000000000, -1.000000000000000000, 0.000000000000000000 ) ) ;
#5501 = ORIENTED_EDGE ( 'NONE', *, *, #2085, .T. ) ;
#5502 = CARTESIAN_POINT ( 'NONE',  ( -1.240172439427031037, 1.649999999999999911, -1.446833329081849362 ) ) ;
#5503 = DIRECTION ( 'NONE',  ( 0.000000000000000000, 0.000000000000000000, -1.000000000000000000 ) ) ;
#5504 = ORIENTED_EDGE ( 'NONE', *, *, #9281, .F. ) ;
#5505 = CARTESIAN_POINT ( 'NONE',  ( 1.919057536156685728, 1.849995558710894494, 1.277388429508029555 ) ) ;
#5506 = AXIS2_PLACEMENT_3D ( 'NONE', #3734, #2137, #4557 ) ;
#5507 = AXIS2_PLACEMENT_3D ( 'NONE', #8430, #3425, #6479 ) ;
#5508 = DIRECTION ( 'NONE',  ( 0.000000000000000000, -1.000000000000000000, 0.000000000000000000 ) ) ;
#5509 = VECTOR ( 'NONE', #2468, 1000.000000000000000 ) ;
#5510 = CARTESIAN_POINT ( 'NONE',  ( 1.804007243629379253, 1.749312144838375049, 1.492535646897326540 ) ) ;
#5511 = DIRECTION ( 'NONE',  ( 0.9781476007338063550, 0.2079116908177557344, 0.000000000000000000 ) ) ;
#5512 = DIRECTION ( 'NONE',  ( 9.866381877431726115E-16, 0.000000000000000000, -1.000000000000000000 ) ) ;
#5513 = FACE_BOUND ( 'NONE', #5461, .T. ) ;
#5514 = DIRECTION ( 'NONE',  ( 0.7071067811865456854, 0.000000000000000000, -0.7071067811865493491 ) ) ;
#5515 = PRESENTATION_LAYER_ASSIGNMENT (  '', '', ( #3606 ) ) ;
#5516 = CARTESIAN_POINT ( 'NONE',  ( 1.820000000000000062, 1.539480857753717125, 1.519554108468272657 ) ) ;
#5517 = CARTESIAN_POINT ( 'NONE',  ( -1.939901486651313345, 1.449999999999999734, -1.479607111958076704 ) ) ;
#5518 = VERTEX_POINT ( 'NONE', #4027 ) ;
#5519 = DIRECTION ( 'NONE',  ( 0.000000000000000000, -1.000000000000000000, -0.000000000000000000 ) ) ;
#5520 = DIRECTION ( 'NONE',  ( -0.2079116908177564282, -0.9781476007338062439, 0.000000000000000000 ) ) ;
#5521 = CARTESIAN_POINT ( 'NONE',  ( -2.050000000000000711, 0.000000000000000000, -1.500000000000000000 ) ) ;
#5522 = DIRECTION ( 'NONE',  ( 0.000000000000000000, 0.000000000000000000, -1.000000000000000000 ) ) ;
#5523 = MECHANICAL_DESIGN_GEOMETRIC_PRESENTATION_REPRESENTATION (  '', ( #10325 ), #2419 ) ;
#5524 = CARTESIAN_POINT ( 'NONE',  ( -1.354314575050763469, 1.649999999999999911, -1.519554108468271991 ) ) ;
#5525 = DIRECTION ( 'NONE',  ( 0.000000000000000000, 0.000000000000000000, -1.000000000000000000 ) ) ;
#5526 = AXIS2_PLACEMENT_3D ( 'NONE', #2006, #5277, #5385 ) ;
#5527 = DIRECTION ( 'NONE',  ( -0.000000000000000000, 1.000000000000000000, -0.000000000000000000 ) ) ;
#5528 = CARTESIAN_POINT ( 'NONE',  ( 1.920000000000000151, 1.649999999999999911, 0.8538686835190334445 ) ) ;
#5529 = ORIENTED_EDGE ( 'NONE', *, *, #3871, .F. ) ;
#5530 = ORIENTED_EDGE ( 'NONE', *, *, #5804, .T. ) ;
#5531 = CARTESIAN_POINT ( 'NONE',  ( -2.020000000000000462, 1.649999999999999911, -0.8538686835190336666 ) ) ;
#5532 = ORIENTED_EDGE ( 'NONE', *, *, #6794, .F. ) ;
#5533 = CARTESIAN_POINT ( 'NONE',  ( -1.974388831384068954, 1.449999999999999956, 1.447015767075223058 ) ) ;
#5534 = ORIENTED_EDGE ( 'NONE', *, *, #978, .T. ) ;
#5535 = CARTESIAN_POINT ( 'NONE',  ( -1.283271467065781213, 1.649999999999999689, 1.489930786479061187 ) ) ;
#5536 = ORIENTED_EDGE ( 'NONE', *, *, #1226, .T. ) ;
#5537 = CARTESIAN_POINT ( 'NONE',  ( 1.500000000000000222, 0.07000000000000032585, -0.6500000000000003553 ) ) ;
#5538 = ORIENTED_EDGE ( 'NONE', *, *, #9240, .T. ) ;
#5539 = FILL_AREA_STYLE_COLOUR ( '', #8175 ) ;
#5540 = CARTESIAN_POINT ( 'NONE',  ( -1.379999999999999893, 2.049999999999999822, -1.519554108468272213 ) ) ;
#5541 = EDGE_CURVE ( 'NONE', #2704, #6513, #7370, .T. ) ;
#5542 = CARTESIAN_POINT ( 'NONE',  ( 1.961421356237309732, 1.449999999999999512, 1.460975464705581706 ) ) ;
#5543 = CARTESIAN_POINT ( 'NONE',  ( -2.020000000000000018, 2.049999999999999822, 0.9799999999999999822 ) ) ;
#5544 = CARTESIAN_POINT ( 'NONE',  ( 1.978072250575702684, 1.549448224240263183, 0.8538686835190336666 ) ) ;
#5545 = UNCERTAINTY_MEASURE_WITH_UNIT (LENGTH_MEASURE( 1.000000000000000082E-05 ), #122, 'distance_accuracy_value', 'NONE');
#5546 = ORIENTED_EDGE ( 'NONE', *, *, #8176, .F. ) ;
#5547 =( LENGTH_UNIT ( ) NAMED_UNIT ( * ) SI_UNIT ( .MILLI., .METRE. ) );
#5548 = LINE ( 'NONE', #7168, #4267 ) ;
#5549 = ORIENTED_EDGE ( 'NONE', *, *, #6469, .T. ) ;
#5550 = CARTESIAN_POINT ( 'NONE',  ( -1.848427124746192307, 2.049999999999999822, 0.9092893218813449252 ) ) ;
#5551 = DIRECTION ( 'NONE',  ( 0.000000000000000000, 0.000000000000000000, -1.000000000000000000 ) ) ;
#5552 = EDGE_CURVE ( 'NONE', #10471, #10414, #1545, .T. ) ;
#5553 = ORIENTED_EDGE ( 'NONE', *, *, #9281, .T. ) ;
#5554 = EDGE_CURVE ( 'NONE', #8167, #6727, #3430, .T. ) ;
#5555 = CARTESIAN_POINT ( 'NONE',  ( 2.020000000000000462, 1.495475424902269257, 1.354819520443687697 ) ) ;
#5556 = LINE ( 'NONE', #820, #4269 ) ;
#5557 = FACE_OUTER_BOUND ( 'NONE', #8468, .T. ) ;
#5558 = CARTESIAN_POINT ( 'NONE',  ( -1.283271467065781435, 1.749999999999999778, 1.489930786479060743 ) ) ;
#5559 = PLANE ( 'NONE',  #1147 ) ;
#5560 = AXIS2_PLACEMENT_3D ( 'NONE', #9376, #1929, #10148 ) ;
#5561 = CARTESIAN_POINT ( 'NONE',  ( 1.910853531617384693, 1.550000000000000266, -0.8600000000000000977 ) ) ;
#5562 = CARTESIAN_POINT ( 'NONE',  ( -1.539999999999999591, 1.550000000000000266, -0.2144761058952749655 ) ) ;
#5563 =( LENGTH_UNIT ( ) NAMED_UNIT ( * ) SI_UNIT ( .MILLI., .METRE. ) );
#5564 = ORIENTED_EDGE ( 'NONE', *, *, #7980, .T. ) ;
#5565 = DIRECTION ( 'NONE',  ( -0.2079116908177564282, 0.9781476007338062439, 0.000000000000000000 ) ) ;
#5566 = CYLINDRICAL_SURFACE ( 'NONE', #10617, 0.1000000000000000472 ) ;
#5567 = CARTESIAN_POINT ( 'NONE',  ( 1.500000000000000000, 0.000000000000000000, -1.449999999999999512 ) ) ;
#5568 = FACE_OUTER_BOUND ( 'NONE', #7827, .T. ) ;
#5569 = DIRECTION ( 'NONE',  ( 0.000000000000000000, -1.000000000000000000, 0.000000000000000000 ) ) ;
#5570 = LINE ( 'NONE', #4815, #322 ) ;
#5571 =( BOUNDED_CURVE ( )  B_SPLINE_CURVE ( 3, ( #2604, #1871, #5206, #5901 ),
 .UNSPECIFIED., .F., .T. ) 
 B_SPLINE_CURVE_WITH_KNOTS ( ( 4, 4 ),
 ( 6.281103786678014167, 7.853981633974482790 ),
 .UNSPECIFIED. ) 
 CURVE ( )  GEOMETRIC_REPRESENTATION_ITEM ( )  RATIONAL_B_SPLINE_CURVE ( ( 1.000000000000000000, 0.8042469798172573459, 0.8042469798172573459, 1.000000000000000000 ) ) 
 REPRESENTATION_ITEM ( '' )  );
#5572 = CARTESIAN_POINT ( 'NONE',  ( -2.299767353907860024, 0.5907607301639083985, -0.8435786437626897616 ) ) ;
#5573 = EDGE_CURVE ( 'NONE', #7378, #4575, #668, .T. ) ;
#5574 = ORIENTED_EDGE ( 'NONE', *, *, #7667, .F. ) ;
#5575 = EDGE_CURVE ( 'NONE', #8415, #4290, #5714, .T. ) ;
#5576 = ORIENTED_EDGE ( 'NONE', *, *, #5084, .F. ) ;
#5577 = FILL_AREA_STYLE ('',( #4167 ) ) ;
#5578 = ORIENTED_EDGE ( 'NONE', *, *, #2502, .T. ) ;
#5579 = CARTESIAN_POINT ( 'NONE',  ( 1.460000000000000187, 1.449999999999999956, 1.410853531617383361 ) ) ;
#5580 = ORIENTED_EDGE ( 'NONE', *, *, #1970, .F. ) ;
#5581 = CARTESIAN_POINT ( 'NONE',  ( -1.354314575050763469, 1.549448224240262739, 1.477626359043973991 ) ) ;
#5582 = AXIS2_PLACEMENT_3D ( 'NONE', #836, #4043, #6546 ) ;
#5583 = VERTEX_POINT ( 'NONE', #9850 ) ;
#5584 = VERTEX_POINT ( 'NONE', #3873 ) ;
#5585 = VECTOR ( 'NONE', #7502, 1000.000000000000000 ) ;
#5586 = VERTEX_POINT ( 'NONE', #2372 ) ;
#5587 = FACE_OUTER_BOUND ( 'NONE', #2923, .T. ) ;
#5588 = CARTESIAN_POINT ( 'NONE',  ( 1.846839578305846663, 1.583618131211382174, -0.6979586327827720371 ) ) ;
#5589 = VECTOR ( 'NONE', #6050, 1000.000000000000114 ) ;
#5590 = LINE ( 'NONE', #3965, #3966 ) ;
#5591 = FACE_OUTER_BOUND ( 'NONE', #10206, .T. ) ;
#5592 = AXIS2_PLACEMENT_3D ( 'NONE', #205, #5951, #9203 ) ;
#5593 = EDGE_CURVE ( 'NONE', #423, #863, #10377, .T. ) ;
#5594 = CIRCLE ( 'NONE', #5948, 0.1000000000000000472 ) ;
#5595 = EDGE_CURVE ( 'NONE', #6220, #975, #5605, .T. ) ;
#5596 =( LENGTH_UNIT ( ) NAMED_UNIT ( * ) SI_UNIT ( .MILLI., .METRE. ) );
#5597 = ORIENTED_EDGE ( 'NONE', *, *, #8619, .F. ) ;
#5599 = CARTESIAN_POINT ( 'NONE',  ( 1.961421356237310176, 1.449999999999999734, -1.460975464705581484 ) ) ;
#5598 = CARTESIAN_POINT ( 'NONE',  ( -1.910853531617384693, 1.449999999999999956, 0.8600000000000000977 ) ) ;
#5600 = CARTESIAN_POINT ( 'NONE',  ( -2.201952593834479277, 0.6115518992456836500, -1.354999999999999982 ) ) ;
#5601 = AXIS2_PLACEMENT_3D ( 'NONE', #3842, #10416, #2244 ) ;
#5602 = ORIENTED_EDGE ( 'NONE', *, *, #5316, .T. ) ;
#5603 = CARTESIAN_POINT ( 'NONE',  ( 1.600000000000000311, 0.07000000000000000666, 0.5500000000000000444 ) ) ;
#5604 = ADVANCED_FACE ( 'NONE', ( #8868 ), #7099, .T. ) ;
#5605 = LINE ( 'NONE', #8028, #3065 ) ;
#5606 = DIRECTION ( 'NONE',  ( 3.412117296977063918E-16, -0.9282544343432639344, -0.3719458362746745905 ) ) ;
#5607 = CIRCLE ( 'NONE', #9189, 0.09999999999999997780 ) ;
#5608 = CARTESIAN_POINT ( 'NONE',  ( 2.201952593834479277, 0.6115518992456836500, 1.355000000000000204 ) ) ;
#5609 = CYLINDRICAL_SURFACE ( 'NONE', #469, 0.1000000000000000472 ) ;
#5610 = CARTESIAN_POINT ( 'NONE',  ( -1.940342787305757710, 1.449999999999999734, 1.479275548271133056 ) ) ;
#5611 = EDGE_CURVE ( 'NONE', #9931, #1908, #10125, .T. ) ;
#5612 = EDGE_CURVE ( 'NONE', #6220, #2968, #516, .T. ) ;
#5613 = CARTESIAN_POINT ( 'NONE',  ( 1.904864354683633021, 1.524734676614828199, 1.487586741505586119 ) ) ;
#5614 = ADVANCED_FACE ( 'NONE', ( #6999 ), #1739, .F. ) ;
#5615 = DIRECTION ( 'NONE',  ( -9.866381877431726115E-16, 0.000000000000000000, -1.000000000000000000 ) ) ;
#5616 = ORIENTED_EDGE ( 'NONE', *, *, #10068, .T. ) ;
#5617 = CARTESIAN_POINT ( 'NONE',  ( 1.916566081967778556, 1.450000000000000400, -1.494696883978403390 ) ) ;
#5618 = DIRECTION ( 'NONE',  ( 0.000000000000000000, 0.000000000000000000, -1.000000000000000000 ) ) ;
#5619 = CIRCLE ( 'NONE', #644, 0.1000000000000002554 ) ;
#5620 = DIRECTION ( 'NONE',  ( 0.000000000000000000, -1.000000000000000000, 0.000000000000000000 ) ) ;
#5621 = CARTESIAN_POINT ( 'NONE',  ( 1.974407258455308511, 1.449999877063282927, 1.447989611747568350 ) ) ;
#5622 = CARTESIAN_POINT ( 'NONE',  ( -2.011380556851979584, 1.466487442737705704, -1.386669579679405073 ) ) ;
#5623 = EDGE_CURVE ( 'NONE', #1768, #1216, #9431, .T. ) ;
#5624 = DIRECTION ( 'NONE',  ( 0.000000000000000000, 0.000000000000000000, -1.000000000000000000 ) ) ;
#5625 = CARTESIAN_POINT ( 'NONE',  ( -1.460000000000000187, 1.550000000000000266, 1.410853531617383361 ) ) ;
#5626 = CARTESIAN_POINT ( 'NONE',  ( 1.983889762505499199, 1.494086527115527252, 1.420841858477391195 ) ) ;
#5627 = ORIENTED_EDGE ( 'NONE', *, *, #10524, .T. ) ;
#5628 = ORIENTED_EDGE ( 'NONE', *, *, #60, .T. ) ;
#5629 = AXIS2_PLACEMENT_3D ( 'NONE', #8287, #9305, #5226 ) ;
#5630 = CARTESIAN_POINT ( 'NONE',  ( -1.479999999999999982, 2.049999999999999822, -1.419137802864844700 ) ) ;
#5631 = EDGE_LOOP ( 'NONE', ( #7505, #4242, #1637, #6299 ) ) ;
#5632 = CYLINDRICAL_SURFACE ( 'NONE', #6092, 0.09999999999999997780 ) ;
#5633 = VERTEX_POINT ( 'NONE', #9291 ) ;
#5634 = FACE_OUTER_BOUND ( 'NONE', #4196, .T. ) ;
#5635 = VECTOR ( 'NONE', #3282, 1000.000000000000000 ) ;
#5636 = ADVANCED_FACE ( 'NONE', ( #387 ), #68, .F. ) ;
#5637 = PRESENTATION_LAYER_ASSIGNMENT (  '', '', ( #9061 ) ) ;
#5638 =( BOUNDED_SURFACE ( )  B_SPLINE_SURFACE ( 3, 2, ( 
 ( #8200, #838, #5840 ),
 ( #6597, #10512, #4750 ),
 ( #4860, #3279, #5621 ),
 ( #1542, #9861, #7291 ) ),
 .UNSPECIFIED., .F., .F., .F. ) 
 B_SPLINE_SURFACE_WITH_KNOTS ( ( 4, 4 ),
 ( 3, 3 ),
 ( 0.0002758777686984793831, 0.0003154662155144598258 ),
 ( 0.000000000000000000, 1.000000000000000000 ),
 .UNSPECIFIED. ) 
 GEOMETRIC_REPRESENTATION_ITEM ( )  RATIONAL_B_SPLINE_SURFACE ( (
 ( 1.000000000000000000, 0.9808805871847274815, 1.000000000000000000),
 ( 1.000000000000000000, 0.9937896904766424511, 1.000000000000000000),
 ( 1.000000000000000000, 1.000037153824646863, 1.000000000000000000),
 ( 1.000000000000000000, 1.000000000000000000, 1.000000000000000000) ) ) 
 REPRESENTATION_ITEM ( '' )  SURFACE ( )  );
#5639 = MECHANICAL_DESIGN_GEOMETRIC_PRESENTATION_REPRESENTATION (  '', ( #4078 ), #2197 ) ;
#5641 = EDGE_LOOP ( 'NONE', ( #2034, #9163, #8426 ) ) ;
#5640 = STYLED_ITEM ( 'NONE', ( #3544 ), #2302 ) ;
#5642 = ORIENTED_EDGE ( 'NONE', *, *, #8648, .T. ) ;
#5643 = ORIENTED_EDGE ( 'NONE', *, *, #950, .F. ) ;
#5644 = ORIENTED_EDGE ( 'NONE', *, *, #740, .T. ) ;
#5645 = CARTESIAN_POINT ( 'NONE',  ( 1.479999999999999982, 1.449999999999999956, -1.419137802864844700 ) ) ;
#5646 = CARTESIAN_POINT ( 'NONE',  ( 1.805194582267281467, 1.579961995650032369, -0.8110973381990251863 ) ) ;
#5647 = CARTESIAN_POINT ( 'NONE',  ( 1.944587271439820242, 1.467998644350812176, 1.470597603535250819 ) ) ;
#5648 =( NAMED_UNIT ( * ) PLANE_ANGLE_UNIT ( ) SI_UNIT ( $, .RADIAN. ) );
#5649 =( NAMED_UNIT ( * ) PLANE_ANGLE_UNIT ( ) SI_UNIT ( $, .RADIAN. ) );
#5650 = VECTOR ( 'NONE', #4685, 1000.000000000000000 ) ;
#5651 = AXIS2_PLACEMENT_3D ( 'NONE', #2426, #728, #8976 ) ;
#5652 = VECTOR ( 'NONE', #4917, 1000.000000000000114 ) ;
#5653 = DIRECTION ( 'NONE',  ( -0.7071067811865444641, -0.7071067811865505703, 0.000000000000000000 ) ) ;
#5654 = FILL_AREA_STYLE ('',( #6474 ) ) ;
#5655 = ORIENTED_EDGE ( 'NONE', *, *, #7163, .T. ) ;
#5657 = DIRECTION ( 'NONE',  ( 0.2079116908177564282, -0.9781476007338062439, -3.331305027631713046E-17 ) ) ;
#5656 =( LENGTH_UNIT ( ) NAMED_UNIT ( * ) SI_UNIT ( .MILLI., .METRE. ) );
#5658 = VECTOR ( 'NONE', #2130, 1000.000000000000000 ) ;
#5659 = CARTESIAN_POINT ( 'NONE',  ( 1.310883117545686316, 1.649999999999999911, -1.376122650963193861 ) ) ;
#5660 = CARTESIAN_POINT ( 'NONE',  ( -1.735646275937244853, 1.749999999999999778, -1.519554108468272435 ) ) ;
#5661 = EDGE_CURVE ( 'NONE', #647, #3729, #6879, .T. ) ;
#5662 = CARTESIAN_POINT ( 'NONE',  ( -1.920000000000000595, 1.550000000000000266, 0.8538686835190342217 ) ) ;
#5663 = CARTESIAN_POINT ( 'NONE',  ( -2.020000000000000462, 1.749999999999999778, 1.235200384405516161 ) ) ;
#5664 = EDGE_CURVE ( 'NONE', #1339, #8997, #8002, .T. ) ;
#5665 = CARTESIAN_POINT ( 'NONE',  ( -1.302305608210474475, 1.840085404185341833, 1.471581654730258926 ) ) ;
#5666 = PRODUCT_DEFINITION_SHAPE ( 'NONE', 'NONE',  #8681 ) ;
#5667 = CARTESIAN_POINT ( 'NONE',  ( 1.805857864376268385, 1.849999999999999867, 0.7397265478953025664 ) ) ;
#5668 = AXIS2_PLACEMENT_3D ( 'NONE', #8469, #9323, #8309 ) ;
#5669 = CARTESIAN_POINT ( 'NONE',  ( 1.990710678118655652, 1.649999999999999911, -0.7831580054003791647 ) ) ;
#5670 = EDGE_CURVE ( 'NONE', #292, #2952, #9246, .T. ) ;
#5671 = SURFACE_SIDE_STYLE ('',( #829 ) ) ;
#5672 = AXIS2_PLACEMENT_3D ( 'NONE', #2453, #5738, #9003 ) ;
#5673 = AXIS2_PLACEMENT_3D ( 'NONE', #9170, #3157, #1886 ) ;
#5674 = VECTOR ( 'NONE', #9801, 1000.000000000000114 ) ;
#5675 = DIRECTION ( 'NONE',  ( -1.000000000000000000, 0.000000000000000000, 1.084202172485503842E-15 ) ) ;
#5676 = VERTEX_POINT ( 'NONE', #8741 ) ;
#5677 = DIRECTION ( 'NONE',  ( 0.000000000000000000, -0.000000000000000000, -1.000000000000000000 ) ) ;
#5678 = EDGE_CURVE ( 'NONE', #947, #10258, #6248, .T. ) ;
#5679 =( LENGTH_UNIT ( ) NAMED_UNIT ( * ) SI_UNIT ( .MILLI., .METRE. ) );
#5680 = DIRECTION ( 'NONE',  ( -0.6803263325384458771, 0.2726025724559519303, 0.6803263325384264482 ) ) ;
#5681 = PLANE ( 'NONE',  #1830 ) ;
#5682 = DIRECTION ( 'NONE',  ( 0.000000000000000000, -0.000000000000000000, 1.000000000000000000 ) ) ;
#5683 = CIRCLE ( 'NONE', #1235, 0.1000000000000000472 ) ;
#5684 = CARTESIAN_POINT ( 'NONE',  ( -2.100000000000000089, 0.07000000000000061728, -0.8435786437626897616 ) ) ;
#5685 = CARTESIAN_POINT ( 'NONE',  ( -1.978072250575702906, 1.850551775759736950, 0.7949668169996784162 ) ) ;
#5686 = CARTESIAN_POINT ( 'NONE',  ( 1.380000000000000115, 1.550000000000000266, -1.419345955666558412 ) ) ;
#5687 = CARTESIAN_POINT ( 'NONE',  ( 1.311825581389000295, 1.949991117421788989, 1.276127092252299589 ) ) ;
#5688 = VERTEX_POINT ( 'NONE', #9554 ) ;
#5689 = ORIENTED_EDGE ( 'NONE', *, *, #7710, .F. ) ;
#5690 = VECTOR ( 'NONE', #3584, 1000.000000000000000 ) ;
#5691 = CARTESIAN_POINT ( 'NONE',  ( 1.920000000000000373, 1.550000000000000266, 0.8799999999999998934 ) ) ;
#5692 = ORIENTED_EDGE ( 'NONE', *, *, #9492, .T. ) ;
#5693 = DIRECTION ( 'NONE',  ( -0.7071067811865456854, 0.000000000000000000, -0.7071067811865493491 ) ) ;
#5694 = ADVANCED_FACE ( 'NONE', ( #7952 ), #487, .T. ) ;
#5695 = EDGE_CURVE ( 'NONE', #5431, #5803, #5136, .T. ) ;
#5696 = VERTEX_POINT ( 'NONE', #2148 ) ;
#5697 = DIRECTION ( 'NONE',  ( -1.000000000000000000, -0.000000000000000000, 0.000000000000000000 ) ) ;
#5698 = AXIS2_PLACEMENT_3D ( 'NONE', #3265, #4792, #1682 ) ;
#5699 = ORIENTED_EDGE ( 'NONE', *, *, #9129, .T. ) ;
#5700 = ORIENTED_EDGE ( 'NONE', *, *, #7682, .F. ) ;
#5701 = ORIENTED_EDGE ( 'NONE', *, *, #9930, .T. ) ;
#5702 = EDGE_LOOP ( 'NONE', ( #2970, #1436, #6414 ) ) ;
#5703 = AXIS2_PLACEMENT_3D ( 'NONE', #9703, #627, #6282 ) ;
#5704 = SURFACE_STYLE_USAGE ( .BOTH. , #3142 ) ;
#5705 = CARTESIAN_POINT ( 'NONE',  ( 1.947942502722566305, 1.579961995650032813, -0.8110973381990251863 ) ) ;
#5706 = CARTESIAN_POINT ( 'NONE',  ( 1.933128639347651889, 1.449999999999999956, 1.485565012744308966 ) ) ;
#5707 = CIRCLE ( 'NONE', #2429, 0.09999999999999997780 ) ;
#5708 = LINE ( 'NONE', #7268, #6635 ) ;
#5709 = CARTESIAN_POINT ( 'NONE',  ( 0.4000000000000000777, 1.550000000000000266, 1.259999999999999787 ) ) ;
#5710 = VERTEX_POINT ( 'NONE', #9454 ) ;
#5711 = CARTESIAN_POINT ( 'NONE',  ( 2.050000000000000266, 0.07000000000000000666, -0.5500000000000000444 ) ) ;
#5712 = CARTESIAN_POINT ( 'NONE',  ( 1.360000000000000098, 1.550000000000000266, 1.600000000000000089 ) ) ;
#5713 =( LENGTH_UNIT ( ) NAMED_UNIT ( * ) SI_UNIT ( .MILLI., .METRE. ) );
#5714 = LINE ( 'NONE', #2320, #6701 ) ;
#5715 = CARTESIAN_POINT ( 'NONE',  ( 1.460000000000000187, 1.550000000000000266, -1.259999999999999565 ) ) ;
#5716 =( NAMED_UNIT ( * ) PLANE_ANGLE_UNIT ( ) SI_UNIT ( $, .RADIAN. ) );
#5717 = CARTESIAN_POINT ( 'NONE',  ( -1.919057536156686394, 1.550004441289104751, 0.7952926414032674973 ) ) ;
#5718 = DIRECTION ( 'NONE',  ( 0.7071067811865489050, 0.000000000000000000, 0.7071067811865461294 ) ) ;
#5719 = UNCERTAINTY_MEASURE_WITH_UNIT (LENGTH_MEASURE( 1.000000000000000082E-05 ), #9119, 'distance_accuracy_value', 'NONE');
#5720 = PRESENTATION_STYLE_ASSIGNMENT (( #8291 ) ) ;
#5721 = CARTESIAN_POINT ( 'NONE',  ( -2.100000000000000089, 1.449999999999999956, 0.8600000000000000977 ) ) ;
#5722 = ORIENTED_EDGE ( 'NONE', *, *, #1486, .T. ) ;
#5723 = FILL_AREA_STYLE ('',( #6544 ) ) ;
#5724 = CARTESIAN_POINT ( 'NONE',  ( -1.409289321881345591, 1.550000000000000266, -1.348427124746190087 ) ) ;
#5725 =( NAMED_UNIT ( * ) PLANE_ANGLE_UNIT ( ) SI_UNIT ( $, .RADIAN. ) );
#5726 = CARTESIAN_POINT ( 'NONE',  ( 1.961421356237310176, 1.449999999999999956, -1.460975464705581262 ) ) ;
#5727 = CARTESIAN_POINT ( 'NONE',  ( 1.876568542494923220, 1.649999999999999911, 0.8104372260139572903 ) ) ;
#5728 = CARTESIAN_POINT ( 'NONE',  ( 1.910853531617384693, 1.550000000000000266, 0.8600000000000000977 ) ) ;
#5729 = FACE_OUTER_BOUND ( 'NONE', #8690, .T. ) ;
#5730 = CARTESIAN_POINT ( 'NONE',  ( 1.952926227838635898, 1.458843141852494085, 1.465927200625573468 ) ) ;
#5731 = DIRECTION ( 'NONE',  ( 0.7071067811865456854, 0.000000000000000000, -0.7071067811865493491 ) ) ;
#5732 = ORIENTED_EDGE ( 'NONE', *, *, #7405, .F. ) ;
#5733 = ORIENTED_EDGE ( 'NONE', *, *, #4345, .T. ) ;
#5734 = CARTESIAN_POINT ( 'NONE',  ( -1.919057536156685284, 1.550004441289104751, -0.7952926414032666091 ) ) ;
#5735 = EDGE_LOOP ( 'NONE', ( #6985, #4010, #7252, #8221 ) ) ;
#5736 = DIRECTION ( 'NONE',  ( 0.7071067811865496822, -4.336808689942024836E-15, 0.7071067811865453523 ) ) ;
#5737 = VERTEX_POINT ( 'NONE', #10368 ) ;
#5738 = DIRECTION ( 'NONE',  ( 0.000000000000000000, 0.000000000000000000, 1.000000000000000000 ) ) ;
#5739 = EDGE_CURVE ( 'NONE', #3193, #5954, #1719, .T. ) ;
#5740 = PRODUCT_DEFINITION_FORMATION_WITH_SPECIFIED_SOURCE ( 'ANY', '', #8562, .NOT_KNOWN. ) ;
#5741 = EDGE_CURVE ( 'NONE', #8553, #3296, #3746, .T. ) ;
#5742 = ADVANCED_FACE ( 'NONE', ( #7107 ), #9196, .T. ) ;
#5743 = ORIENTED_EDGE ( 'NONE', *, *, #4983, .F. ) ;
#5744 = ORIENTED_EDGE ( 'NONE', *, *, #8345, .F. ) ;
#5745 = VERTEX_POINT ( 'NONE', #4717 ) ;
#5746 = EDGE_CURVE ( 'NONE', #158, #423, #2984, .T. ) ;
#5747 = CARTESIAN_POINT ( 'NONE',  ( 1.399999999999999911, 0.07000000000000000666, 1.449999999999999956 ) ) ;
#5748 = CARTESIAN_POINT ( 'NONE',  ( 1.327268482960745510, 1.849995558710895160, -1.418611644624957480 ) ) ;
#5749 = FACE_OUTER_BOUND ( 'NONE', #2874, .T. ) ;
#5750 = STYLED_ITEM ( 'NONE', ( #10239 ), #8626 ) ;
#5751 = CARTESIAN_POINT ( 'NONE',  ( 2.049999999999999822, 1.449999999999999956, 1.586602540378444282 ) ) ;
#5752 = SURFACE_STYLE_USAGE ( .BOTH. , #6625 ) ;
#5753 = AXIS2_PLACEMENT_3D ( 'NONE', #9152, #5030, #5893 ) ;
#5754 = EDGE_CURVE ( 'NONE', #5203, #8373, #3418, .T. ) ;
#5755 = CIRCLE ( 'NONE', #9878, 0.1000000000000002554 ) ;
#5756 = DIRECTION ( 'NONE',  ( 0.7071067811865486830, 0.000000000000000000, 0.7071067811865464625 ) ) ;
#5757 = ORIENTED_EDGE ( 'NONE', *, *, #7069, .T. ) ;
#5758 = CARTESIAN_POINT ( 'NONE',  ( 1.210883117545685783, 1.749999999999999778, 1.376122650963194527 ) ) ;
#5759 = DIRECTION ( 'NONE',  ( 0.000000000000000000, 0.000000000000000000, -1.000000000000000000 ) ) ;
#5760 = FILL_AREA_STYLE ('',( #10498 ) ) ;
#5761 = DIRECTION ( 'NONE',  ( 0.7071067811865456854, 0.000000000000000000, -0.7071067811865493491 ) ) ;
#5762 = DIRECTION ( 'NONE',  ( 0.000000000000000000, -1.000000000000000000, 0.000000000000000000 ) ) ;
#5763 = CIRCLE ( 'NONE', #1644, 0.1000000000000000472 ) ;
#5764 = LINE ( 'NONE', #10501, #2352 ) ;
#5765 = DIRECTION ( 'NONE',  ( 0.000000000000000000, -1.000000000000000000, 0.000000000000000000 ) ) ;
#5766 = STYLED_ITEM ( 'NONE', ( #1510 ), #9339 ) ;
#5767 = LINE ( 'NONE', #6636, #1384 ) ;
#5768 = CARTESIAN_POINT ( 'NONE',  ( -1.970386937934882621, 1.454427688059508172, 1.450235923502125823 ) ) ;
#5769 = EDGE_CURVE ( 'NONE', #7954, #10209, #7258, .T. ) ;
#5770 = ADVANCED_FACE ( 'NONE', ( #6457 ), #9112, .T. ) ;
#5771 = CARTESIAN_POINT ( 'NONE',  ( 0.3999999999999998557, 2.500000000000000000, -1.100000000000000089 ) ) ;
#5772 = CARTESIAN_POINT ( 'NONE',  ( -1.936315674237722106, 1.477260257245617048, -1.475158129477185609 ) ) ;
#5773 = DIRECTION ( 'NONE',  ( 0.000000000000000000, -1.000000000000000000, 0.000000000000000000 ) ) ;
#5774 = AXIS2_PLACEMENT_3D ( 'NONE', #1469, #1421, #10502 ) ;
#5775 = EDGE_LOOP ( 'NONE', ( #8060, #4823, #2019, #8384 ) ) ;
#5776 = DIRECTION ( 'NONE',  ( 0.000000000000000000, -1.000000000000000000, 0.000000000000000000 ) ) ;
#5777 = CARTESIAN_POINT ( 'NONE',  ( 1.805857864376268607, 1.749999999999999778, -0.7397265478953023443 ) ) ;
#5778 = CARTESIAN_POINT ( 'NONE',  ( 1.848427124746192307, 1.550000000000000266, 0.9092893218813450362 ) ) ;
#5779 = CARTESIAN_POINT ( 'NONE',  ( -1.947279220613578943, 1.749999999999999778, -0.7397265478953026774 ) ) ;
#5780 = VECTOR ( 'NONE', #7963, 1000.000000000000000 ) ;
#5781 = CARTESIAN_POINT ( 'NONE',  ( 1.876568542494923664, 1.649999999999999911, 0.7104372260139569795 ) ) ;
#5782 = EDGE_CURVE ( 'NONE', #352, #4352, #9932, .T. ) ;
#5783 = CARTESIAN_POINT ( 'NONE',  ( -1.399999999999999245, 0.07000000000000000666, -1.550000000000000266 ) ) ;
#5784 = VECTOR ( 'NONE', #6367, 1000.000000000000114 ) ;
#5785 = DIRECTION ( 'NONE',  ( 0.000000000000000000, 0.000000000000000000, 1.000000000000000000 ) ) ;
#5786 = ORIENTED_EDGE ( 'NONE', *, *, #6411, .T. ) ;
#5787 = DIRECTION ( 'NONE',  ( -0.000000000000000000, -1.000000000000000000, -0.000000000000000000 ) ) ;
#5788 = CARTESIAN_POINT ( 'NONE',  ( -2.201952593834479277, 0.6115518992456836500, 1.355000000000000426 ) ) ;
#5789 =( GEOMETRIC_REPRESENTATION_CONTEXT ( 3 ) GLOBAL_UNCERTAINTY_ASSIGNED_CONTEXT ( ( #7699 ) ) GLOBAL_UNIT_ASSIGNED_CONTEXT ( ( #8850, #43, #4314 ) ) REPRESENTATION_CONTEXT ( 'NONE', 'WORKASPACE' ) );
#5790 = CARTESIAN_POINT ( 'NONE',  ( 1.805194582267281689, 1.579961995650032369, 0.8110973381990250752 ) ) ;
#5791 = VERTEX_POINT ( 'NONE', #2351 ) ;
#5792 = ORIENTED_EDGE ( 'NONE', *, *, #9802, .T. ) ;
#5793 = CARTESIAN_POINT ( 'NONE',  ( 1.399999999999999911, 0.000000000000000000, 1.449999999999999956 ) ) ;
#5794 = ORIENTED_EDGE ( 'NONE', *, *, #6267, .F. ) ;
#5795 = MECHANICAL_DESIGN_GEOMETRIC_PRESENTATION_REPRESENTATION (  '', ( #5447 ), #1162 ) ;
#5796 = DIRECTION ( 'NONE',  ( 0.7071067811865475727, -0.000000000000000000, 0.7071067811865474617 ) ) ;
#5797 = ADVANCED_FACE ( 'NONE', ( #3343 ), #5799, .T. ) ;
#5798 = VERTEX_POINT ( 'NONE', #2551 ) ;
#5799 = CYLINDRICAL_SURFACE ( 'NONE', #3772, 0.1000000000000001166 ) ;
#5800 = EDGE_CURVE ( 'NONE', #1665, #8677, #4931, .T. ) ;
#5801 = EDGE_CURVE ( 'NONE', #3571, #3525, #2349, .T. ) ;
#5802 = VERTEX_POINT ( 'NONE', #8214 ) ;
#5803 = VERTEX_POINT ( 'NONE', #4123 ) ;
#5804 = EDGE_CURVE ( 'NONE', #3924, #10425, #9059, .T. ) ;
#5805 = ORIENTED_EDGE ( 'NONE', *, *, #5826, .F. ) ;
#5806 = CARTESIAN_POINT ( 'NONE',  ( 2.100000000000000089, 0.1800000000000006317, -1.354999999999999982 ) ) ;
#5807 = CIRCLE ( 'NONE', #8203, 0.09999999999999992228 ) ;
#5808 = SURFACE_STYLE_FILL_AREA ( #2664 ) ;
#5809 = ORIENTED_EDGE ( 'NONE', *, *, #5575, .F. ) ;
#5810 = CYLINDRICAL_SURFACE ( 'NONE', #10059, 0.1000000000000000472 ) ;
#5811 = EDGE_CURVE ( 'NONE', #1881, #2982, #51, .T. ) ;
#5812 = LINE ( 'NONE', #923, #4446 ) ;
#5813 = CIRCLE ( 'NONE', #997, 0.1000000000000000472 ) ;
#5814 = CIRCLE ( 'NONE', #4945, 0.01000000146998518413 ) ;
#5815 = ADVANCED_FACE ( 'NONE', ( #5634 ), #8901, .T. ) ;
#5816 = VECTOR ( 'NONE', #7979, 1000.000000000000000 ) ;
#5817 = CARTESIAN_POINT ( 'NONE',  ( 1.735646275937244853, 1.749999999999999778, 1.519554108468272213 ) ) ;
#5818 = EDGE_LOOP ( 'NONE', ( #6074, #8909, #7299, #3519 ) ) ;
#5819 = SURFACE_STYLE_FILL_AREA ( #9024 ) ;
#5820 = CARTESIAN_POINT ( 'NONE',  ( 1.919057536156685506, 1.826354171651154212, -1.312330037477095868 ) ) ;
#5821 = PRESENTATION_LAYER_ASSIGNMENT (  '', '', ( #6184 ) ) ;
#5822 = CARTESIAN_POINT ( 'NONE',  ( 1.919999999999999929, 1.550000000000000266, 0.8538686835190335556 ) ) ;
#5823 = PRESENTATION_LAYER_ASSIGNMENT (  '', '', ( #2881 ) ) ;
#5824 = CARTESIAN_POINT ( 'NONE',  ( -1.919057536156685506, 1.826354171651153990, 1.312330037477095868 ) ) ;
#5825 = CARTESIAN_POINT ( 'NONE',  ( 1.805857864376268385, 1.749999999999999778, 0.7397265478953025664 ) ) ;
#5826 = EDGE_CURVE ( 'NONE', #590, #6508, #3187, .T. ) ;
#5827 = DIRECTION ( 'NONE',  ( 0.7071067811865475727, 0.000000000000000000, -0.7071067811865474617 ) ) ;
#5828 = DIRECTION ( 'NONE',  ( 0.000000000000000000, 0.000000000000000000, -1.000000000000000000 ) ) ;
#5829 = CARTESIAN_POINT ( 'NONE',  ( -1.947740966925223693, 1.449999999999999734, 1.473701331080870647 ) ) ;
#5830 = AXIS2_PLACEMENT_3D ( 'NONE', #3387, #7557, #10021 ) ;
#5831 = VECTOR ( 'NONE', #7108, 1000.000000000000000 ) ;
#5832 = VECTOR ( 'NONE', #2966, 1000.000000000000000 ) ;
#5833 = SURFACE_SIDE_STYLE ('',( #6638 ) ) ;
#5834 = CARTESIAN_POINT ( 'NONE',  ( -1.916566087323701373, 1.450000006237651462, -1.494696881025378454 ) ) ;
#5835 = CARTESIAN_POINT ( 'NONE',  ( 1.310883117545685650, 1.749999999999999778, 1.376122650963194527 ) ) ;
#5836 = ORIENTED_EDGE ( 'NONE', *, *, #3077, .F. ) ;
#5837 = STYLED_ITEM ( 'NONE', ( #941 ), #7064 ) ;
#5838 = CARTESIAN_POINT ( 'NONE',  ( 1.961421356237310176, 1.449999999999999734, -1.460975464705581484 ) ) ;
#5839 = CARTESIAN_POINT ( 'NONE',  ( 1.735646275937244409, 1.749999999999999778, 1.419554108468273013 ) ) ;
#5840 = CARTESIAN_POINT ( 'NONE',  ( 1.995142775509957112, 1.449999999999999956, 1.416120190436367610 ) ) ;
#5841 = LINE ( 'NONE', #9097, #7845 ) ;
#5842 = SURFACE_SIDE_STYLE ('',( #7953 ) ) ;
#5843 = AXIS2_PLACEMENT_3D ( 'NONE', #2690, #2020, #5062 ) ;
#5844 = CIRCLE ( 'NONE', #4110, 0.1000000000000000472 ) ;
#5845 = CARTESIAN_POINT ( 'NONE',  ( 1.500000000000000000, 0.000000000000000000, -1.500000000000000000 ) ) ;
#5846 = ORIENTED_EDGE ( 'NONE', *, *, #5173, .T. ) ;
#5847 = CARTESIAN_POINT ( 'NONE',  ( 1.735646275937244853, 1.749999999999999556, 1.419554108468271902 ) ) ;
#5848 = DIRECTION ( 'NONE',  ( 0.000000000000000000, 0.000000000000000000, -1.000000000000000000 ) ) ;
#5849 = ORIENTED_EDGE ( 'NONE', *, *, #4001, .F. ) ;
#5850 = ORIENTED_EDGE ( 'NONE', *, *, #6419, .T. ) ;
#5851 = CARTESIAN_POINT ( 'NONE',  ( -2.100000000000000089, 0.1699999985300154615, -0.7949999999999999289 ) ) ;
#5852 = EDGE_LOOP ( 'NONE', ( #9612, #6684, #7152, #5532 ) ) ;
#5853 = CARTESIAN_POINT ( 'NONE',  ( 1.910853531617384915, 1.550000000000000266, 0.9600000000000000755 ) ) ;
#5854 = ORIENTED_EDGE ( 'NONE', *, *, #8113, .T. ) ;
#5855 = DIRECTION ( 'NONE',  ( 1.533007494329467485E-16, 3.258508020090427403E-17, 1.000000000000000000 ) ) ;
#5856 = AXIS2_PLACEMENT_3D ( 'NONE', #351, #2016, #6583 ) ;
#5857 = CIRCLE ( 'NONE', #8421, 0.09999999999999997780 ) ;
#5858 = ORIENTED_EDGE ( 'NONE', *, *, #10405, .T. ) ;
#5859 = ORIENTED_EDGE ( 'NONE', *, *, #9075, .T. ) ;
#5860 = ORIENTED_EDGE ( 'NONE', *, *, #902, .F. ) ;
#5861 = CARTESIAN_POINT ( 'NONE',  ( 1.500000000000000000, 0.07000000000000032585, -1.449999999999999512 ) ) ;
#5862 = CARTESIAN_POINT ( 'NONE',  ( 1.600000000000000311, 0.07000000000000032585, 0.5500000000000000444 ) ) ;
#5863 = EDGE_LOOP ( 'NONE', ( #8575, #8452, #6698 ) ) ;
#5864 = LINE ( 'NONE', #5603, #4124 ) ;
#5865 = CARTESIAN_POINT ( 'NONE',  ( -2.201952593834479277, 0.6115518992456836500, -1.354999999999999982 ) ) ;
#5866 = CARTESIAN_POINT ( 'NONE',  ( -1.639999999999999680, 1.449999999999999956, -0.2144761058952750765 ) ) ;
#5867 = CARTESIAN_POINT ( 'NONE',  ( 1.399999999999999911, 0.07000000000000000666, -1.550000000000000044 ) ) ;
#5868 = EDGE_CURVE ( 'NONE', #934, #3193, #10575, .T. ) ;
#5869 = CARTESIAN_POINT ( 'NONE',  ( -1.990710678118655652, 1.649999999999999911, 0.7831580054003791647 ) ) ;
#5870 = ORIENTED_EDGE ( 'NONE', *, *, #9553, .F. ) ;
#5871 = CARTESIAN_POINT ( 'NONE',  ( 1.961421356237309732, 1.449999999999999289, 1.460975464705581928 ) ) ;
#5872 = VECTOR ( 'NONE', #4469, 1000.000000000000000 ) ;
#5873 = CARTESIAN_POINT ( 'NONE',  ( 2.100000000000000089, 1.449999999999999956, -0.8599999999999999867 ) ) ;
#5874 =( LENGTH_UNIT ( ) NAMED_UNIT ( * ) SI_UNIT ( .MILLI., .METRE. ) );
#5875 = CARTESIAN_POINT ( 'NONE',  ( 1.638275862068965028, 1.449999999999999956, 0.2329654253690054411 ) ) ;
#5876 = LINE ( 'NONE', #1787, #3380 ) ;
#5877 = CARTESIAN_POINT ( 'NONE',  ( 1.500000000000000000, 0.07000000000000000666, 1.449999999999999512 ) ) ;
#5878 = CARTESIAN_POINT ( 'NONE',  ( 1.919057536156686394, 1.591423957884232410, -0.7538731248081388392 ) ) ;
#5879 = EDGE_LOOP ( 'NONE', ( #6839, #6887, #8082, #5794, #2651, #2802 ) ) ;
#5880 = EDGE_CURVE ( 'NONE', #8997, #3568, #9778, .T. ) ;
#5881 = CARTESIAN_POINT ( 'NONE',  ( 1.283271467065781213, 1.791534440210225787, 1.489930786479060520 ) ) ;
#5882 = EDGE_CURVE ( 'NONE', #1407, #10315, #2404, .T. ) ;
#5883 = EDGE_CURVE ( 'NONE', #2094, #9609, #9835, .T. ) ;
#5884 = CARTESIAN_POINT ( 'NONE',  ( 2.020000000000000462, 2.049999999999999822, -1.319554108468272036 ) ) ;
#5885 = ORIENTED_EDGE ( 'NONE', *, *, #60, .F. ) ;
#5886 = DIRECTION ( 'NONE',  ( -0.000000000000000000, -0.000000000000000000, 1.000000000000000000 ) ) ;
#5887 = FILL_AREA_STYLE ('',( #2586 ) ) ;
#5888 = CARTESIAN_POINT ( 'NONE',  ( 1.460000000000000187, 1.550000000000000266, 1.410853531617383361 ) ) ;
#5889 = CARTESIAN_POINT ( 'NONE',  ( 1.904864354683633021, 1.524734676614828199, -1.487586741505586119 ) ) ;
#5890 = CARTESIAN_POINT ( 'NONE',  ( -1.820000000000000062, 1.539480857753717125, -1.519554108468272657 ) ) ;
#5891 = SURFACE_SIDE_STYLE ('',( #2593 ) ) ;
#5892 = ORIENTED_EDGE ( 'NONE', *, *, #6250, .T. ) ;
#5893 = DIRECTION ( 'NONE',  ( 1.000000000000000000, 0.000000000000000000, 0.000000000000000000 ) ) ;
#5894 = DIRECTION ( 'NONE',  ( 0.7071067811865456854, 0.000000000000000000, 0.7071067811865493491 ) ) ;
#5895 = ORIENTED_EDGE ( 'NONE', *, *, #763, .T. ) ;
#5896 = ORIENTED_EDGE ( 'NONE', *, *, #3883, .T. ) ;
#5897 = SURFACE_STYLE_USAGE ( .BOTH. , #7569 ) ;
#5898 = ORIENTED_EDGE ( 'NONE', *, *, #4098, .T. ) ;
#5899 = CARTESIAN_POINT ( 'NONE',  ( -1.920000000000000373, 1.550000000000000266, -0.8800000000000000044 ) ) ;
#5900 = ORIENTED_EDGE ( 'NONE', *, *, #8474, .F. ) ;
#5901 = CARTESIAN_POINT ( 'NONE',  ( 1.479999999999999982, 1.649999999999999911, -1.519554108468271991 ) ) ;
#5902 = STYLED_ITEM ( 'NONE', ( #4567 ), #7895 ) ;
#5903 = EDGE_CURVE ( 'NONE', #1407, #4986, #2500, .T. ) ;
#5904 = ADVANCED_FACE ( 'NONE', ( #10635 ), #3247, .F. ) ;
#5905 = ORIENTED_EDGE ( 'NONE', *, *, #9919, .T. ) ;
#5906 = PRESENTATION_STYLE_ASSIGNMENT (( #5208 ) ) ;
#5907 = ORIENTED_EDGE ( 'NONE', *, *, #6140, .F. ) ;
#5908 = ORIENTED_EDGE ( 'NONE', *, *, #9410, .T. ) ;
#5909 = PRESENTATION_STYLE_ASSIGNMENT (( #7463 ) ) ;
#5910 = B_SPLINE_CURVE_WITH_KNOTS ( 'NONE', 3,
 ( #2614, #2562, #7587, #7525 ),
 .UNSPECIFIED., .F., .F.,
 ( 4, 4 ),
 ( 0.000000000000000000, 1.000000000000000000 ),
 .UNSPECIFIED. ) ;
#5911 = CARTESIAN_POINT ( 'NONE',  ( -1.919057536156685950, 1.849995558710894938, -0.8538686835190347768 ) ) ;
#5912 = DIRECTION ( 'NONE',  ( 0.7071067811865486830, 0.000000000000000000, -0.7071067811865464625 ) ) ;
#5913 = ORIENTED_EDGE ( 'NONE', *, *, #2009, .T. ) ;
#5914 = DIRECTION ( 'NONE',  ( 0.000000000000000000, 0.9282544343432640455, -0.3719458362746743130 ) ) ;
#5915 = CARTESIAN_POINT ( 'NONE',  ( -1.876568542494923220, 1.749999999999999778, 0.8104372260139572903 ) ) ;
#5916 = DIRECTION ( 'NONE',  ( -0.000000000000000000, 1.000000000000000000, -0.000000000000000000 ) ) ;
#5917 = FACE_OUTER_BOUND ( 'NONE', #9439, .T. ) ;
#5918 = CARTESIAN_POINT ( 'NONE',  ( -1.961421356237310176, 1.449999999999999734, -1.460975464705581484 ) ) ;
#5919 = ORIENTED_EDGE ( 'NONE', *, *, #1224, .F. ) ;
#5920 = CARTESIAN_POINT ( 'NONE',  ( 1.023599564173221177, 1.449999999999999956, -1.224999999999999867 ) ) ;
#5921 =( BOUNDED_CURVE ( )  B_SPLINE_CURVE ( 3, ( #7588, #8380, #4457, #7526 ),
 .UNSPECIFIED., .F., .F. ) 
 B_SPLINE_CURVE_WITH_KNOTS ( ( 4, 4 ),
 ( 5.235987755982976388, 6.283185307179586232 ),
 .UNSPECIFIED. ) 
 CURVE ( )  GEOMETRIC_REPRESENTATION_ITEM ( )  RATIONAL_B_SPLINE_CURVE ( ( 1.000000000000000000, 0.9106836025229571030, 0.9106836025229571030, 1.000000000000000000 ) ) 
 REPRESENTATION_ITEM ( '' )  );
#5922 = DIRECTION ( 'NONE',  ( 0.000000000000000000, 0.000000000000000000, -1.000000000000000000 ) ) ;
#5923 = VECTOR ( 'NONE', #4262, 1000.000000000000000 ) ;
#5924 = CARTESIAN_POINT ( 'NONE',  ( -1.360000000000000098, 1.550000000000000266, 1.600000000000000089 ) ) ;
#5925 = DIRECTION ( 'NONE',  ( -0.000000000000000000, 0.000000000000000000, -1.000000000000000000 ) ) ;
#5926 = SURFACE_STYLE_FILL_AREA ( #929 ) ;
#5927 = CARTESIAN_POINT ( 'NONE',  ( 1.023599564173221177, 1.449999999999999956, 0.8600000000000000977 ) ) ;
#5928 = DIRECTION ( 'NONE',  ( -0.000000000000000000, -0.000000000000000000, -1.000000000000000000 ) ) ;
#5929 = EDGE_CURVE ( 'NONE', #9883, #989, #913, .T. ) ;
#5930 =( BOUNDED_CURVE ( )  B_SPLINE_CURVE ( 3, ( #3175, #10465, #3079, #8835 ),
 .UNSPECIFIED., .F., .T. ) 
 B_SPLINE_CURVE_WITH_KNOTS ( ( 4, 4 ),
 ( 3.141592653589794004, 4.712388980384689674 ),
 .UNSPECIFIED. ) 
 CURVE ( )  GEOMETRIC_REPRESENTATION_ITEM ( )  RATIONAL_B_SPLINE_CURVE ( ( 1.000000000000000000, 0.8047378541243652705, 0.8047378541243652705, 1.000000000000000000 ) ) 
 REPRESENTATION_ITEM ( '' )  );
#5931 = CIRCLE ( 'NONE', #100, 0.09999999999999982514 ) ;
#5932 = ORIENTED_EDGE ( 'NONE', *, *, #2259, .F. ) ;
#5933 = FACE_OUTER_BOUND ( 'NONE', #5879, .T. ) ;
#5934 = DIRECTION ( 'NONE',  ( 0.000000000000000000, 0.000000000000000000, -1.000000000000000000 ) ) ;
#5935 = ADVANCED_FACE ( 'NONE', ( #98 ), #7511, .F. ) ;
#5936 = DIRECTION ( 'NONE',  ( 0.000000000000000000, 0.000000000000000000, -1.000000000000000000 ) ) ;
#5937 = EDGE_LOOP ( 'NONE', ( #2674, #1048, #368, #1434 ) ) ;
#5938 = CARTESIAN_POINT ( 'NONE',  ( -1.252810866969983783, 1.750000000000000000, 1.476674426722931255 ) ) ;
#5939 =( LENGTH_UNIT ( ) NAMED_UNIT ( * ) SI_UNIT ( .MILLI., .METRE. ) );
#5940 = LINE ( 'NONE', #7659, #3917 ) ;
#5941 = CARTESIAN_POINT ( 'NONE',  ( -1.460000000000000187, 1.550000000000000266, -1.410853531617383361 ) ) ;
#5942 =( NAMED_UNIT ( * ) PLANE_ANGLE_UNIT ( ) SI_UNIT ( $, .RADIAN. ) );
#5943 = CARTESIAN_POINT ( 'NONE',  ( -1.961421356237310176, 1.449999999999999512, -1.460975464705581484 ) ) ;
#5944 = ADVANCED_FACE ( 'NONE', ( #1012 ), #8523, .T. ) ;
#5945 = CARTESIAN_POINT ( 'NONE',  ( 1.820000000000000062, 2.049999999999999822, 1.319554108468271814 ) ) ;
#5946 = MECHANICAL_DESIGN_GEOMETRIC_PRESENTATION_REPRESENTATION (  '', ( #2823 ), #5254 ) ;
#5947 = EDGE_CURVE ( 'NONE', #58, #2177, #5253, .T. ) ;
#5948 = AXIS2_PLACEMENT_3D ( 'NONE', #7011, #10277, #2894 ) ;
#5949 = FACE_OUTER_BOUND ( 'NONE', #7745, .T. ) ;
#5950 = ORIENTED_EDGE ( 'NONE', *, *, #8750, .F. ) ;
#5951 = DIRECTION ( 'NONE',  ( 0.000000000000000000, -1.000000000000000000, 0.000000000000000000 ) ) ;
#5952 = CARTESIAN_POINT ( 'NONE',  ( -1.876568542494923442, 1.849999999999999867, 0.8104372260139571793 ) ) ;
#5953 = ORIENTED_EDGE ( 'NONE', *, *, #6680, .T. ) ;
#5954 = VERTEX_POINT ( 'NONE', #1173 ) ;
#5955 = CIRCLE ( 'NONE', #3868, 0.1000000000000000472 ) ;
#5956 = ORIENTED_EDGE ( 'NONE', *, *, #2259, .T. ) ;
#5957 = PRESENTATION_STYLE_ASSIGNMENT (( #2653 ) ) ;
#5958 = EDGE_LOOP ( 'NONE', ( #9783, #1980, #9447, #3107 ) ) ;
#5959 = FACE_OUTER_BOUND ( 'NONE', #9375, .T. ) ;
#5960 = CIRCLE ( 'NONE', #7666, 0.1000000000000000472 ) ;
#5961 = ADVANCED_FACE ( 'NONE', ( #5959 ), #7739, .T. ) ;
#5962 = AXIS2_PLACEMENT_3D ( 'NONE', #3432, #4019, #813 ) ;
#5963 = ORIENTED_EDGE ( 'NONE', *, *, #8140, .F. ) ;
#5964 = CARTESIAN_POINT ( 'NONE',  ( 1.283603896932107968, 1.649999999999999911, 1.490264786586926515 ) ) ;
#5965 = AXIS2_PLACEMENT_3D ( 'NONE', #7165, #8807, #10279 ) ;
#5966 = ORIENTED_EDGE ( 'NONE', *, *, #8761, .T. ) ;
#5967 = EDGE_LOOP ( 'NONE', ( #3495, #5142, #7956, #10180 ) ) ;
#5968 = CARTESIAN_POINT ( 'NONE',  ( -1.820000000000000062, 2.049999999999999822, 1.519554108468272435 ) ) ;
#5969 = CARTESIAN_POINT ( 'NONE',  ( -2.000000000000000888, 0.07000000000000029809, -1.600000000000000089 ) ) ;
#5970 = ORIENTED_EDGE ( 'NONE', *, *, #6444, .F. ) ;
#5971 = LINE ( 'NONE', #1081, #3069 ) ;
#5972 = CARTESIAN_POINT ( 'NONE',  ( 1.354314575050763247, 1.750000000000000222, 1.519554108468271769 ) ) ;
#5973 = LINE ( 'NONE', #5865, #1478 ) ;
#5974 =( GEOMETRIC_REPRESENTATION_CONTEXT ( 3 ) GLOBAL_UNCERTAINTY_ASSIGNED_CONTEXT ( ( #2737 ) ) GLOBAL_UNIT_ASSIGNED_CONTEXT ( ( #2111, #4770, #2884 ) ) REPRESENTATION_CONTEXT ( 'NONE', 'WORKASPACE' ) );
#5975 = EDGE_CURVE ( 'NONE', #1364, #10540, #5571, .T. ) ;
#5976 = DIRECTION ( 'NONE',  ( 0.7071067811865475727, -0.000000000000000000, -0.7071067811865474617 ) ) ;
#5977 = CARTESIAN_POINT ( 'NONE',  ( 1.252810866969983783, 1.750000000000000222, -1.275570875203457355 ) ) ;
#5978 = AXIS2_PLACEMENT_3D ( 'NONE', #4044, #1701, #5680 ) ;
#5979 = DIRECTION ( 'NONE',  ( -0.7071067811865489050, 0.000000000000000000, -0.7071067811865460184 ) ) ;
#5980 = ORIENTED_EDGE ( 'NONE', *, *, #1793, .T. ) ;
#5981 = CARTESIAN_POINT ( 'NONE',  ( -2.000000000000000888, 1.449999999999999956, -1.500000000000000000 ) ) ;
#5982 =( GEOMETRIC_REPRESENTATION_CONTEXT ( 3 ) GLOBAL_UNCERTAINTY_ASSIGNED_CONTEXT ( ( #7611 ) ) GLOBAL_UNIT_ASSIGNED_CONTEXT ( ( #6918, #2996, #6308 ) ) REPRESENTATION_CONTEXT ( 'NONE', 'WORKASPACE' ) );
#5983 = CARTESIAN_POINT ( 'NONE',  ( 2.020000000000000018, 1.555704050069235622, -1.360041858934615933 ) ) ;
#5984 = CARTESIAN_POINT ( 'NONE',  ( -1.210883117545685783, 1.649999999999999911, -1.376122650963194527 ) ) ;
#5985 = CARTESIAN_POINT ( 'NONE',  ( -1.910853531617384693, 1.550000000000000266, 0.8600000000000000977 ) ) ;
#5986 = SURFACE_STYLE_USAGE ( .BOTH. , #7703 ) ;
#5987 = CIRCLE ( 'NONE', #8877, 0.1000000000000000472 ) ;
#5988 = AXIS2_PLACEMENT_3D ( 'NONE', #1638, #10458, #3276 ) ;
#5989 =( BOUNDED_SURFACE ( )  B_SPLINE_SURFACE ( 3, 3, ( 
 ( #1368, #4643, #7928, #1219 ),
 ( #573, #2219, #3822, #7127 ),
 ( #6167, #10388, #9419, #10292 ),
 ( #4482, #3662, #8770, #4692 ) ),
 .UNSPECIFIED., .F., .F., .F. ) 
 B_SPLINE_SURFACE_WITH_KNOTS ( ( 4, 4 ),
 ( 4, 4 ),
 ( 0.000000000000000000, 1.000000000000000000 ),
 ( 0.000000000000000000, 1.000000000000000000 ),
 .UNSPECIFIED. ) 
 GEOMETRIC_REPRESENTATION_ITEM ( )  RATIONAL_B_SPLINE_SURFACE ( (
 ( 1.000000000000000000, 0.8025111867385925635, 0.8025111867385925635, 1.000000000000000000),
 ( 0.9486501948152645802, 0.7613023936409950565, 0.7613023936409950565, 0.9486501948152645802),
 ( 0.9486501948152645802, 0.7613023936409950565, 0.7613023936409950565, 0.9486501948152645802),
 ( 1.000000000000000000, 0.8025111867385925635, 0.8025111867385925635, 1.000000000000000000) ) ) 
 REPRESENTATION_ITEM ( '' )  SURFACE ( )  );
#5990 = ORIENTED_EDGE ( 'NONE', *, *, #530, .F. ) ;
#5991 = SURFACE_STYLE_USAGE ( .BOTH. , #4475 ) ;
#5992 = DIRECTION ( 'NONE',  ( 0.000000000000000000, 0.000000000000000000, 1.000000000000000000 ) ) ;
#5993 = EDGE_CURVE ( 'NONE', #4316, #8553, #6023, .T. ) ;
#5994 = CARTESIAN_POINT ( 'NONE',  ( 1.932798024891110078, 1.449999999999999734, -1.484960209432578671 ) ) ;
#5995 = CIRCLE ( 'NONE', #2711, 0.1000000000000000472 ) ;
#5996 = CARTESIAN_POINT ( 'NONE',  ( -1.360000000000000098, 1.550000000000000266, 1.410853531617383139 ) ) ;
#5997 = ADVANCED_FACE ( 'NONE', ( #9279 ), #8580, .T. ) ;
#5998 = ORIENTED_EDGE ( 'NONE', *, *, #5623, .F. ) ;
#5999 = CARTESIAN_POINT ( 'NONE',  ( -1.210883117545685783, 1.750000000000000000, 1.435139986512705690 ) ) ;
#6000 = CARTESIAN_POINT ( 'NONE',  ( 1.920000000000000373, 1.749999999999999778, 0.8538686835190339997 ) ) ;
#6001 = DIRECTION ( 'NONE',  ( 1.000000000000000000, 0.000000000000000000, -0.000000000000000000 ) ) ;
#6002 = DIRECTION ( 'NONE',  ( -1.000000000000000000, 1.084202172485489761E-14, 6.505213034912939040E-15 ) ) ;
#6003 = UNCERTAINTY_MEASURE_WITH_UNIT (LENGTH_MEASURE( 1.000000000000000082E-05 ), #8638, 'distance_accuracy_value', 'NONE');
#6004 = VECTOR ( 'NONE', #6320, 1000.000000000000000 ) ;
#6005 = SURFACE_STYLE_FILL_AREA ( #6496 ) ;
#6006 = AXIS2_PLACEMENT_3D ( 'NONE', #9843, #10, #8806 ) ;
#6007 = CARTESIAN_POINT ( 'NONE',  ( 1.302305608210474031, 1.649999999999999911, -1.509145170888290144 ) ) ;
#6008 = CYLINDRICAL_SURFACE ( 'NONE', #4634, 0.09999999999999982514 ) ;
#6009 = EDGE_CURVE ( 'NONE', #8219, #7999, #6900, .T. ) ;
#6010 = VECTOR ( 'NONE', #10539, 1000.000000000000000 ) ;
#6011 = FACE_OUTER_BOUND ( 'NONE', #1930, .T. ) ;
#6012 = AXIS2_PLACEMENT_3D ( 'NONE', #8945, #9043, #5682 ) ;
#6013 =( NAMED_UNIT ( * ) PLANE_ANGLE_UNIT ( ) SI_UNIT ( $, .RADIAN. ) );
#6014 = PLANE ( 'NONE',  #4274 ) ;
#6015 = EDGE_CURVE ( 'NONE', #3789, #10217, #10138, .T. ) ;
#6016 = ORIENTED_EDGE ( 'NONE', *, *, #1946, .F. ) ;
#6017 = ORIENTED_EDGE ( 'NONE', *, *, #5883, .T. ) ;
#6018 = CIRCLE ( 'NONE', #4447, 0.1000000000000000472 ) ;
#6019 = DIRECTION ( 'NONE',  ( 0.000000000000000000, 0.000000000000000000, -1.000000000000000000 ) ) ;
#6020 = ORIENTED_EDGE ( 'NONE', *, *, #7976, .T. ) ;
#6021 = CYLINDRICAL_SURFACE ( 'NONE', #6780, 0.1000000000000000472 ) ;
#6022 = ORIENTED_EDGE ( 'NONE', *, *, #39, .T. ) ;
#6023 = LINE ( 'NONE', #8473, #12 ) ;
#6024 = CIRCLE ( 'NONE', #1033, 0.09999999999999997780 ) ;
#6025 = CIRCLE ( 'NONE', #5498, 0.01000000146998518413 ) ;
#6026 = EDGE_LOOP ( 'NONE', ( #4384, #8746, #3985 ) ) ;
#6027 = LINE ( 'NONE', #6897, #7888 ) ;
#6028 = EDGE_CURVE ( 'NONE', #9459, #7308, #6032, .T. ) ;
#6029 = ADVANCED_FACE ( 'NONE', ( #9442 ), #839, .T. ) ;
#6030 = ORIENTED_EDGE ( 'NONE', *, *, #5880, .T. ) ;
#6031 = ORIENTED_EDGE ( 'NONE', *, *, #10590, .F. ) ;
#6032 = CIRCLE ( 'NONE', #7392, 0.09999999999999982514 ) ;
#6033 = VECTOR ( 'NONE', #2626, 1000.000000000000227 ) ;
#6034 = CARTESIAN_POINT ( 'NONE',  ( -1.327268482960745510, 1.809017335549510719, -1.519554108468271325 ) ) ;
#6035 = DIRECTION ( 'NONE',  ( 0.000000000000000000, 0.000000000000000000, -1.000000000000000000 ) ) ;
#6036 = ORIENTED_EDGE ( 'NONE', *, *, #7331, .T. ) ;
#6037 = CARTESIAN_POINT ( 'NONE',  ( 2.399999999999999911, 2.500000000000000000, 0.9999999999999998890 ) ) ;
#6038 =( LENGTH_UNIT ( ) NAMED_UNIT ( * ) SI_UNIT ( .MILLI., .METRE. ) );
#6039 = LINE ( 'NONE', #10165, #4033 ) ;
#6040 = CARTESIAN_POINT ( 'NONE',  ( -1.539999999999999591, 1.449999999999999956, 0.2144761058952749655 ) ) ;
#6041 = DIRECTION ( 'NONE',  ( -0.000000000000000000, 1.000000000000000000, -0.000000000000000000 ) ) ;
#6042 = B_SPLINE_CURVE_WITH_KNOTS ( 'NONE', 3,
 ( #6915, #557, #4527, #1401 ),
 .UNSPECIFIED., .F., .F.,
 ( 4, 4 ),
 ( 0.000000000000000000, 1.000000000000000000 ),
 .UNSPECIFIED. ) ;
#6043 = AXIS2_PLACEMENT_3D ( 'NONE', #7585, #6786, #10049 ) ;
#6044 = CARTESIAN_POINT ( 'NONE',  ( 1.500000000000000222, 0.07000000000000032585, 0.6500000000000003553 ) ) ;
#6045 = VERTEX_POINT ( 'NONE', #6186 ) ;
#6046 = LINE ( 'NONE', #1201, #2998 ) ;
#6047 = PLANE ( 'NONE',  #8597 ) ;
#6048 =( NAMED_UNIT ( * ) SI_UNIT ( $, .STERADIAN. ) SOLID_ANGLE_UNIT ( ) );
#6049 = STYLED_ITEM ( 'NONE', ( #355 ), #4018 ) ;
#6050 = DIRECTION ( 'NONE',  ( 0.7071067811865463515, -0.000000000000000000, -0.7071067811865486830 ) ) ;
#6051 = DIRECTION ( 'NONE',  ( 0.000000000000000000, 0.000000000000000000, -1.000000000000000000 ) ) ;
#6052 = CARTESIAN_POINT ( 'NONE',  ( 1.920000000000000373, 1.550000000000000266, -0.8799999999999998934 ) ) ;
#6053 = AXIS2_PLACEMENT_3D ( 'NONE', #1902, #287, #2062 ) ;
#6054 = EDGE_LOOP ( 'NONE', ( #8574, #5050, #754, #8606 ) ) ;
#6055 = LINE ( 'NONE', #4312, #4036 ) ;
#6056 = FACE_OUTER_BOUND ( 'NONE', #9983, .T. ) ;
#6057 = ORIENTED_EDGE ( 'NONE', *, *, #8916, .F. ) ;
#6058 = CARTESIAN_POINT ( 'NONE',  ( 1.210883117545685561, 1.531965328900978696, -1.435139986512705024 ) ) ;
#6059 = CARTESIAN_POINT ( 'NONE',  ( -1.919057536156685950, 1.787192931708477150, -1.328021705193536350 ) ) ;
#6060 = SURFACE_SIDE_STYLE ('',( #6817 ) ) ;
#6061 = DIRECTION ( 'NONE',  ( 1.517883041479708416E-14, 0.000000000000000000, -1.000000000000000000 ) ) ;
#6062 =( LENGTH_UNIT ( ) NAMED_UNIT ( * ) SI_UNIT ( .MILLI., .METRE. ) );
#6063 = CARTESIAN_POINT ( 'NONE',  ( 1.327268482960745288, 1.590982664450488970, -1.519554108468271991 ) ) ;
#6064 = CARTESIAN_POINT ( 'NONE',  ( -1.887115471210931483, 1.466487442737907987, -1.510934665320303516 ) ) ;
#6065 =( NAMED_UNIT ( * ) PLANE_ANGLE_UNIT ( ) SI_UNIT ( $, .RADIAN. ) );
#6066 = DIRECTION ( 'NONE',  ( -0.7071067811865456854, 0.000000000000000000, -0.7071067811865493491 ) ) ;
#6067 = ORIENTED_EDGE ( 'NONE', *, *, #3830, .F. ) ;
#6068 = ORIENTED_EDGE ( 'NONE', *, *, #4633, .F. ) ;
#6069 = DIRECTION ( 'NONE',  ( -1.000000000000000000, 0.000000000000000000, -1.084202172485503842E-15 ) ) ;
#6070 = ORIENTED_EDGE ( 'NONE', *, *, #2538, .F. ) ;
#6071 = EDGE_LOOP ( 'NONE', ( #381, #4150, #1053, #3522 ) ) ;
#6072 = FILL_AREA_STYLE ('',( #5087 ) ) ;
#6073 = CIRCLE ( 'NONE', #2962, 0.01000000146998518413 ) ;
#6074 = ORIENTED_EDGE ( 'NONE', *, *, #979, .T. ) ;
#6075 = DIRECTION ( 'NONE',  ( 0.000000000000000000, -0.000000000000000000, -1.000000000000000000 ) ) ;
#6076 = VERTEX_POINT ( 'NONE', #10311 ) ;
#6077 = ORIENTED_EDGE ( 'NONE', *, *, #8615, .F. ) ;
#6078 = DIRECTION ( 'NONE',  ( 0.000000000000000000, -1.000000000000000000, 0.000000000000000000 ) ) ;
#6079 = CARTESIAN_POINT ( 'NONE',  ( 1.919137802864846698, 1.550000000000000266, -0.8800000000000000044 ) ) ;
#6080 = EDGE_LOOP ( 'NONE', ( #460, #10289, #4131, #9008 ) ) ;
#6081 = CARTESIAN_POINT ( 'NONE',  ( -1.971044002113299998, 1.467998118266677032, 1.444141083656977909 ) ) ;
#6082 = DIRECTION ( 'NONE',  ( -0.9282544343432641565, -0.3719458362746743130, 4.336808689942013003E-15 ) ) ;
#6083 = CARTESIAN_POINT ( 'NONE',  ( -1.537157287525380500, 1.749999999999999778, 1.602396820942890043 ) ) ;
#6084 = B_SPLINE_CURVE_WITH_KNOTS ( 'NONE', 3,
 ( #1496, #6349, #2247, #10520, #5533, #8000, #8058, #2348, #3902, #7202 ),
 .UNSPECIFIED., .F., .F.,
 ( 4, 3, 3, 4 ),
 ( 0.000000000000000000, 2.778924534166047467E-05, 5.613173975541153123E-05, 5.625689728094391352E-05 ),
 .UNSPECIFIED. ) ;
#6085 = DIRECTION ( 'NONE',  ( 0.000000000000000000, 1.000000000000000000, 0.000000000000000000 ) ) ;
#6086 = DIRECTION ( 'NONE',  ( 0.000000000000000000, 0.000000000000000000, -1.000000000000000000 ) ) ;
#6087 = EDGE_CURVE ( 'NONE', #2846, #8788, #8745, .T. ) ;
#6088 = ADVANCED_FACE ( 'NONE', ( #1280 ), #3781, .T. ) ;
#6089 = EDGE_CURVE ( 'NONE', #3525, #9714, #874, .T. ) ;
#6090 = EDGE_CURVE ( 'NONE', #7041, #1728, #8245, .T. ) ;
#6091 = ORIENTED_EDGE ( 'NONE', *, *, #6489, .F. ) ;
#6092 = AXIS2_PLACEMENT_3D ( 'NONE', #8109, #4000, #7301 ) ;
#6093 = SURFACE_STYLE_USAGE ( .BOTH. , #6796 ) ;
#6094 = EDGE_LOOP ( 'NONE', ( #5953, #2990, #7856, #1070 ) ) ;
#6095 = DIRECTION ( 'NONE',  ( -0.7071067811865464625, -0.000000000000000000, 0.7071067811865486830 ) ) ;
#6096 = DIRECTION ( 'NONE',  ( 0.000000000000000000, -1.000000000000000000, 0.000000000000000000 ) ) ;
#6097 = UNCERTAINTY_MEASURE_WITH_UNIT (LENGTH_MEASURE( 1.000000000000000082E-05 ), #5547, 'distance_accuracy_value', 'NONE');
#6098 = CARTESIAN_POINT ( 'NONE',  ( -2.100000000000000089, 1.449999999999999956, 1.355000000000000648 ) ) ;
#6099 = CARTESIAN_POINT ( 'NONE',  ( -1.210883117545685783, 1.531965328900997791, -1.435139986512705246 ) ) ;
#6100 = DIRECTION ( 'NONE',  ( -0.7071067811865463515, -0.000000000000000000, 0.7071067811865486830 ) ) ;
#6101 = LINE ( 'NONE', #5927, #7852 ) ;
#6102 = EDGE_CURVE ( 'NONE', #2201, #6246, #533, .T. ) ;
#6103 = ORIENTED_EDGE ( 'NONE', *, *, #1093, .F. ) ;
#6104 = VECTOR ( 'NONE', #9392, 1000.000000000000000 ) ;
#6105 = DIRECTION ( 'NONE',  ( 0.6252873226670321305, -0.7001135404624571068, 0.3447561378322632764 ) ) ;
#6106 = FACE_OUTER_BOUND ( 'NONE', #1432, .T. ) ;
#6107 = VERTEX_POINT ( 'NONE', #2866 ) ;
#6108 = CARTESIAN_POINT ( 'NONE',  ( -1.252810866969983783, 1.951103551519474566, 1.275570875203457799 ) ) ;
#6109 =( LENGTH_UNIT ( ) NAMED_UNIT ( * ) SI_UNIT ( .MILLI., .METRE. ) );
#6110 = DIRECTION ( 'NONE',  ( 0.7071067811865465735, 0.000000000000000000, -0.7071067811865483499 ) ) ;
#6111 = FILL_AREA_STYLE_COLOUR ( '', #10433 ) ;
#6112 = DIRECTION ( 'NONE',  ( 0.000000000000000000, -1.000000000000000000, 0.000000000000000000 ) ) ;
#6113 = CIRCLE ( 'NONE', #3678, 0.09999999999999982514 ) ;
#6114 = CARTESIAN_POINT ( 'NONE',  ( -1.975604021008833255, 1.477260257245418762, -1.435869782706153286 ) ) ;
#6115 = EDGE_CURVE ( 'NONE', #5518, #6401, #6539, .T. ) ;
#6116 = COLOUR_RGB ( '',0.8431372549019607865, 0.8156862745098039102, 0.7529411764705882248 ) ;
#6117 = DIRECTION ( 'NONE',  ( -0.000000000000000000, 1.000000000000000000, -0.000000000000000000 ) ) ;
#6118 = CARTESIAN_POINT ( 'NONE',  ( -1.409289321881345591, 1.449999999999999956, -1.348427124746190087 ) ) ;
#6119 = UNCERTAINTY_MEASURE_WITH_UNIT (LENGTH_MEASURE( 1.000000000000000082E-05 ), #9161, 'distance_accuracy_value', 'NONE');
#6120 = VECTOR ( 'NONE', #5511, 1000.000000000000227 ) ;
#6121 = EDGE_LOOP ( 'NONE', ( #2581, #8271, #914, #5578, #4394 ) ) ;
#6122 = EDGE_LOOP ( 'NONE', ( #1758, #2886, #4622, #723 ) ) ;
#6123 = VERTEX_POINT ( 'NONE', #4706 ) ;
#6124 = CARTESIAN_POINT ( 'NONE',  ( -1.947942502722565861, 1.608663600091573276, 0.7403961109355768899 ) ) ;
#6125 = ORIENTED_EDGE ( 'NONE', *, *, #6009, .T. ) ;
#6126 = CARTESIAN_POINT ( 'NONE',  ( -1.735646275937244853, 1.849995558710894716, 1.418611644624958146 ) ) ;
#6127 = ADVANCED_FACE ( 'NONE', ( #5568 ), #7784, .T. ) ;
#6128 = PRESENTATION_LAYER_ASSIGNMENT (  '', '', ( #6632 ) ) ;
#6129 = LINE ( 'NONE', #2925, #7595 ) ;
#6130 = ORIENTED_EDGE ( 'NONE', *, *, #5270, .F. ) ;
#6131 = AXIS2_PLACEMENT_3D ( 'NONE', #7857, #495, #3756 ) ;
#6132 = PLANE ( 'NONE',  #3218 ) ;
#6133 = ORIENTED_EDGE ( 'NONE', *, *, #3770, .T. ) ;
#6134 = ORIENTED_EDGE ( 'NONE', *, *, #1848, .T. ) ;
#6135 = ADVANCED_FACE ( 'NONE', ( #5369 ), #7837, .T. ) ;
#6136 = CARTESIAN_POINT ( 'NONE',  ( -1.283271467065781435, 1.750000000000000000, -1.489930786479060520 ) ) ;
#6137 = ORIENTED_EDGE ( 'NONE', *, *, #6663, .T. ) ;
#6138 = AXIS2_PLACEMENT_3D ( 'NONE', #6336, #9599, #8831 ) ;
#6139 = CARTESIAN_POINT ( 'NONE',  ( -1.920000000000000373, 2.049999999999999822, -0.9799999999999999822 ) ) ;
#6140 = EDGE_CURVE ( 'NONE', #5737, #637, #8987, .T. ) ;
#6141 = DIRECTION ( 'NONE',  ( 0.000000000000000000, 0.3719458362746750346, -0.9282544343432637124 ) ) ;
#6142 = DIRECTION ( 'NONE',  ( -1.000000000000000000, 0.000000000000000000, -5.732077271949496718E-16 ) ) ;
#6143 = DIRECTION ( 'NONE',  ( 0.000000000000000000, -1.000000000000000000, 0.000000000000000000 ) ) ;
#6144 = CARTESIAN_POINT ( 'NONE',  ( -1.735646275937244853, 1.749057536156685577, -1.519549667179167063 ) ) ;
#6145 = CARTESIAN_POINT ( 'NONE',  ( 1.210883117545685783, 1.750000000000000222, -1.317105315413683808 ) ) ;
#6146 = CIRCLE ( 'NONE', #2841, 0.09999999999999997780 ) ;
#6147 = EDGE_CURVE ( 'NONE', #8625, #5045, #3899, .T. ) ;
#6148 = EDGE_LOOP ( 'NONE', ( #6315, #9038, #5900, #8685 ) ) ;
#6149 = CARTESIAN_POINT ( 'NONE',  ( -1.803678909191086088, 1.777260257245604214, -1.487586741722114025 ) ) ;
#6150 = ORIENTED_EDGE ( 'NONE', *, *, #10012, .T. ) ;
#6151 = DIRECTION ( 'NONE',  ( -0.000000000000000000, -1.000000000000000000, -0.000000000000000000 ) ) ;
#6152 = AXIS2_PLACEMENT_3D ( 'NONE', #7111, #4621, #10272 ) ;
#6153 = EDGE_CURVE ( 'NONE', #10145, #5029, #2854, .T. ) ;
#6154 = ADVANCED_FACE ( 'NONE', ( #1640 ), #5638, .T. ) ;
#6155 = CARTESIAN_POINT ( 'NONE',  ( 1.920000000000000373, 1.550000000000000266, 1.410853531617383361 ) ) ;
#6156 = CARTESIAN_POINT ( 'NONE',  ( -1.252810866969984005, 1.649999999999983258, -1.275570875203457799 ) ) ;
#6157 = FACE_OUTER_BOUND ( 'NONE', #8472, .T. ) ;
#6158 = VERTEX_POINT ( 'NONE', #3125 ) ;
#6159 = PRESENTATION_STYLE_ASSIGNMENT (( #5991 ) ) ;
#6160 = DIRECTION ( 'NONE',  ( -0.000000000000000000, -1.000000000000000000, -0.000000000000000000 ) ) ;
#6161 = EDGE_LOOP ( 'NONE', ( #910, #1696, #7123, #3401 ) ) ;
#6162 = STYLED_ITEM ( 'NONE', ( #9259 ), #6230 ) ;
#6163 = CARTESIAN_POINT ( 'NONE',  ( 1.920000000000000373, 2.049999999999999822, -0.9799999999999999822 ) ) ;
#6164 = ADVANCED_FACE ( 'NONE', ( #784 ), #2672, .T. ) ;
#6165 = ORIENTED_EDGE ( 'NONE', *, *, #7693, .T. ) ;
#6166 = SURFACE_SIDE_STYLE ('',( #3925 ) ) ;
#6167 = CARTESIAN_POINT ( 'NONE',  ( 1.302305608210474475, 1.649999999999999911, 1.509145170888289478 ) ) ;
#6168 = CIRCLE ( 'NONE', #3552, 0.1000000000000001443 ) ;
#6169 = DIRECTION ( 'NONE',  ( -1.000000000000000000, 0.000000000000000000, 4.928191693115927811E-16 ) ) ;
#6170 = CLOSED_SHELL ( 'NONE', ( #9948, #560, #5370, #7790, #10072, #9212, #5961, #8755, #999, #7924, #2539, #10057, #35, #9810, #9576, #1527, #8435, #8301, #10560, #1673, #8797, #4335, #9677, #3348, #6654, #3379, #5152, #5123, #3154, #7064, #3081, #2712, #4096, #542, #10090, #10290, #579, #3860, #2708, #6729, #10397, #8242, #502, #3200, #386, #3332, #4863, #6230, #8488, #5417, #2515, #1603, #8626, #6711, #4691, #6550, #4018, #2327, #7442, #3740, #8327, #4953, #10042, #10157, #10370, #7913, #8622, #5330, #1210, #6232, #4216, #5935, #7271, #5111, #2108, #6164, #3958, #6772, #3232, #3341, #1274, #9377, #6338, #7236, #3889, #5082, #2174, #4481, #1349, #430, #679, #2452, #3490, #4209, #878, #10387, #4490, #6385, #6801, #5158, #5085, #10581, #1451, #5904, #233, #7204, #7210, #6154, #3025, #4080, #5636, #8959, #1214, #6088, #1656, #10353, #3078, #3192, #7535, #8823, #310, #7013, #291, #3880, #4160, #10525, #8059, #1676, #5134, #7014, #7455, #7141, #9907, #9263, #6576, #8568, #5797, #4547, #4571, #4159, #9744, #9573, #2916, #10016, #3415, #1084, #8790, #2902, #2084, #5815, #2302, #7323, #5224, #4181, #7835, #1415, #2005, #8314, #3657, #1031, #6759, #5614, #224, #3982, #952, #3561, #2836, #4892, #6408, #7895, #5015, #2274, #3221, #5358, #7577, #4991, #220, #4228, #8680, #9713, #5997, #8315, #8163, #9634, #10178, #653, #696, #2284, #9252, #3849, #7651, #572, #8286, #7259, #5027, #4675, #7089, #2134, #3367, #7853, #10100, #7789, #6405, #1435, #8371, #9752, #2974, #1009, #2598, #5003, #6951, #4752, #6127, #8963, #9711, #4952, #4753, #10143, #4005, #7513, #3630, #5343, #7599, #1400, #9935, #4281, #9081, #2975, #4504, #10275, #7375, #8269, #1020, #4628, #5424, #5742, #4870, #4156, #173, #4172, #2835, #2895, #5497, #6740, #3551, #3745, #5770, #3517, #6357, #1981, #3828, #6029, #9939, #5416, #752, #2620, #369, #7681, #1073, #5604, #90, #816, #6420, #5944, #8114, #6488, #398, #3277, #2292, #4806, #8141, #9239, #822, #7324, #6945, #8639, #10607, #1729, #9429, #1463, #7705, #10355, #5694, #4460, #852, #1307, #3577, #1558, #6135, #3558, #8151, #10521, #8438, #7598, #2882, #5469, #9339, #1346, #7724, #893, #10260 ) ) ;
#6171 = CARTESIAN_POINT ( 'NONE',  ( -2.020000000000000462, 2.049999999999999822, -1.319554108468272036 ) ) ;
#6172 = CARTESIAN_POINT ( 'NONE',  ( 1.920000000000000595, 1.550000000000000266, -0.8538686835190342217 ) ) ;
#6173 = PRESENTATION_LAYER_ASSIGNMENT (  '', '', ( #2041 ) ) ;
#6174 = AXIS2_PLACEMENT_3D ( 'NONE', #8722, #9591, #2918 ) ;
#6175 = AXIS2_PLACEMENT_3D ( 'NONE', #1050, #6757, #6699 ) ;
#6176 = CARTESIAN_POINT ( 'NONE',  ( -2.207596236799650224, 0.1571297138572338437, -0.7949999999999999289 ) ) ;
#6177 = LINE ( 'NONE', #4687, #4727 ) ;
#6178 = CARTESIAN_POINT ( 'NONE',  ( 2.207596237518581805, 0.1571297137044202763, -0.5003071667619851670 ) ) ;
#6179 = EDGE_LOOP ( 'NONE', ( #5366, #6665, #1018 ) ) ;
#6180 = COLOUR_RGB ( '',0.8431372549019607865, 0.8156862745098039102, 0.7529411764705882248 ) ;
#6181 = PRESENTATION_STYLE_ASSIGNMENT (( #8725 ) ) ;
#6182 = ORIENTED_EDGE ( 'NONE', *, *, #244, .F. ) ;
#6183 = DIRECTION ( 'NONE',  ( 1.000000000000000000, 0.000000000000000000, -4.928191693115927811E-16 ) ) ;
#6184 = STYLED_ITEM ( 'NONE', ( #3205 ), #1676 ) ;
#6185 = ORIENTED_EDGE ( 'NONE', *, *, #5678, .F. ) ;
#6186 = CARTESIAN_POINT ( 'NONE',  ( -1.840142853498730302, 1.550000000000000266, 0.8892893218813451295 ) ) ;
#6187 = AXIS2_PLACEMENT_3D ( 'NONE', #9998, #4136, #3476 ) ;
#6188 = CARTESIAN_POINT ( 'NONE',  ( -1.919999999999999929, 1.749999999999999778, -1.235200384405516605 ) ) ;
#6189 = VECTOR ( 'NONE', #7839, 1000.000000000000000 ) ;
#6190 = ORIENTED_EDGE ( 'NONE', *, *, #3027, .F. ) ;
#6191 = DIRECTION ( 'NONE',  ( -0.9781476007338063550, 0.2079116908177557344, 0.000000000000000000 ) ) ;
#6192 = ORIENTED_EDGE ( 'NONE', *, *, #5173, .F. ) ;
#6193 = ORIENTED_EDGE ( 'NONE', *, *, #10351, .F. ) ;
#6194 = SURFACE_SIDE_STYLE ('',( #5477 ) ) ;
#6195 = ORIENTED_EDGE ( 'NONE', *, *, #1534, .T. ) ;
#6196 = SURFACE_SIDE_STYLE ('',( #5214 ) ) ;
#6197 = LINE ( 'NONE', #8484, #9186 ) ;
#6198 = CARTESIAN_POINT ( 'NONE',  ( -1.283271467065781213, 1.579626447620944285, 1.418890833723894351 ) ) ;
#6199 = AXIS2_PLACEMENT_3D ( 'NONE', #4208, #7498, #3038 ) ;
#6200 = COLOUR_RGB ( '',0.8431372549019607865, 0.8156862745098039102, 0.7529411764705882248 ) ;
#6201 = CARTESIAN_POINT ( 'NONE',  ( -1.876568542494923664, 1.849999999999999867, 0.8104372260139570683 ) ) ;
#6202 = VECTOR ( 'NONE', #6509, 1000.000000000000000 ) ;
#6203 = ORIENTED_EDGE ( 'NONE', *, *, #8889, .T. ) ;
#6204 = AXIS2_PLACEMENT_3D ( 'NONE', #10342, #569, #5503 ) ;
#6205 = CARTESIAN_POINT ( 'NONE',  ( -1.500000000000000000, 0.07000000000000000666, 1.449999999999999289 ) ) ;
#6206 = VERTEX_POINT ( 'NONE', #5778 ) ;
#6207 =( LENGTH_UNIT ( ) NAMED_UNIT ( * ) SI_UNIT ( .MILLI., .METRE. ) );
#6208 = CARTESIAN_POINT ( 'NONE',  ( 2.299767353907860468, 0.5907607301639083985, -0.7950000000000000400 ) ) ;
#6209 = CARTESIAN_POINT ( 'NONE',  ( 2.050000000000000266, 0.000000000000000000, 0.5500000000000001554 ) ) ;
#6210 = DIRECTION ( 'NONE',  ( -0.2079116908177564282, 0.9781476007338062439, 0.000000000000000000 ) ) ;
#6211 = CARTESIAN_POINT ( 'NONE',  ( 2.100000000000000089, 0.1800000000000006317, -0.5003071667619851670 ) ) ;
#6212 = VECTOR ( 'NONE', #2358, 1000.000000000000000 ) ;
#6213 = EDGE_CURVE ( 'NONE', #3582, #1381, #2536, .T. ) ;
#6214 = ORIENTED_EDGE ( 'NONE', *, *, #1534, .F. ) ;
#6215 = DIRECTION ( 'NONE',  ( 0.000000000000000000, 0.000000000000000000, -1.000000000000000000 ) ) ;
#6216 = CARTESIAN_POINT ( 'NONE',  ( -2.201952593834479277, 0.6115518992456836500, 1.355000000000000426 ) ) ;
#6217 = EDGE_LOOP ( 'NONE', ( #1240, #2634, #216, #8786, #7965, #1717, #6642 ) ) ;
#6218 = VECTOR ( 'NONE', #2772, 1000.000000000000000 ) ;
#6219 = DIRECTION ( 'NONE',  ( 0.000000000000000000, -0.000000000000000000, 1.000000000000000000 ) ) ;
#6220 = VERTEX_POINT ( 'NONE', #8098 ) ;
#6221 = LINE ( 'NONE', #7816, #2909 ) ;
#6222 = DIRECTION ( 'NONE',  ( 0.000000000000000000, -1.000000000000000000, 0.000000000000000000 ) ) ;
#6223 = CARTESIAN_POINT ( 'NONE',  ( 1.785249455757841552, 1.749146559371354881, 1.510104290412430661 ) ) ;
#6224 = CARTESIAN_POINT ( 'NONE',  ( -1.240172439427031259, 1.749999999999999778, -1.446833329081849584 ) ) ;
#6225 = CARTESIAN_POINT ( 'NONE',  ( 1.848427124746192307, 2.049999999999999822, -0.9092893218813449252 ) ) ;
#6226 = CARTESIAN_POINT ( 'NONE',  ( 1.302305608210474253, 1.559914595814657634, -1.471581654730258482 ) ) ;
#6227 = CARTESIAN_POINT ( 'NONE',  ( -2.020000000000000462, 1.650000000000000133, 0.8538686835190339997 ) ) ;
#6228 = AXIS2_PLACEMENT_3D ( 'NONE', #9745, #2370, #8817 ) ;
#6229 = FILL_AREA_STYLE ('',( #10027 ) ) ;
#6230 = ADVANCED_FACE ( 'NONE', ( #738 ), #10561, .F. ) ;
#6231 = EDGE_CURVE ( 'NONE', #8270, #1074, #1750, .T. ) ;
#6232 = ADVANCED_FACE ( 'NONE', ( #359, #5024 ), #7495, .F. ) ;
#6233 = DIRECTION ( 'NONE',  ( 0.7071067811865449082, -0.000000000000000000, -0.7071067811865502373 ) ) ;
#6234 = PLANE ( 'NONE',  #6174 ) ;
#6235 = ORIENTED_EDGE ( 'NONE', *, *, #5882, .T. ) ;
#6236 = VECTOR ( 'NONE', #2097, 1000.000000000000000 ) ;
#6237 = ORIENTED_EDGE ( 'NONE', *, *, #5483, .F. ) ;
#6238 = CARTESIAN_POINT ( 'NONE',  ( -1.846839578305846219, 1.750000000000000000, 0.6979586327827715930 ) ) ;
#6239 = CARTESIAN_POINT ( 'NONE',  ( 1.785249455757842219, 1.803442678262523025, -1.510108312186413837 ) ) ;
#6240 = DIRECTION ( 'NONE',  ( -0.000000000000000000, 1.000000000000000000, -0.000000000000000000 ) ) ;
#6241 = ORIENTED_EDGE ( 'NONE', *, *, #9781, .T. ) ;
#6242 = DIRECTION ( 'NONE',  ( -0.000000000000000000, 1.000000000000000000, -0.000000000000000000 ) ) ;
#6243 = EDGE_LOOP ( 'NONE', ( #4587, #805, #4924, #9220 ) ) ;
#6244 = ORIENTED_EDGE ( 'NONE', *, *, #1337, .F. ) ;
#6245 = CARTESIAN_POINT ( 'NONE',  ( -1.240172439427031259, 1.849999999999999867, 1.446833329081849584 ) ) ;
#6246 = VERTEX_POINT ( 'NONE', #134 ) ;
#6247 = FACE_OUTER_BOUND ( 'NONE', #3139, .T. ) ;
#6248 = LINE ( 'NONE', #10423, #1032 ) ;
#6249 = DIRECTION ( 'NONE',  ( 0.000000000000000000, 0.000000000000000000, -1.000000000000000000 ) ) ;
#6250 = EDGE_CURVE ( 'NONE', #3274, #10364, #1501, .T. ) ;
#6251 = EDGE_CURVE ( 'NONE', #6714, #3624, #7612, .T. ) ;
#6252 = VERTEX_POINT ( 'NONE', #994 ) ;
#6253 = ORIENTED_EDGE ( 'NONE', *, *, #8017, .T. ) ;
#6254 = CARTESIAN_POINT ( 'NONE',  ( -1.639999999999999680, 1.449999999999999956, -0.2144761058952750210 ) ) ;
#6255 = FILL_AREA_STYLE ('',( #10330 ) ) ;
#6256 = LINE ( 'NONE', #7805, #3793 ) ;
#6257 = CARTESIAN_POINT ( 'NONE',  ( -1.460000000000000187, 1.550000000000000266, -1.410853531617383361 ) ) ;
#6258 = CARTESIAN_POINT ( 'NONE',  ( 1.920000000000000595, 1.550000000000000044, -1.319554108468272036 ) ) ;
#6259 = CARTESIAN_POINT ( 'NONE',  ( 1.460000000000000187, 1.449999999999999956, 1.410853531617383361 ) ) ;
#6260 = EDGE_CURVE ( 'NONE', #10271, #9353, #6707, .T. ) ;
#6261 = EDGE_LOOP ( 'NONE', ( #1007, #946, #9577, #1096, #2544, #3794 ) ) ;
#6262 = DIRECTION ( 'NONE',  ( 0.000000000000000000, -1.000000000000000000, 0.000000000000000000 ) ) ;
#6263 = ORIENTED_EDGE ( 'NONE', *, *, #4754, .T. ) ;
#6264 =( NAMED_UNIT ( * ) PLANE_ANGLE_UNIT ( ) SI_UNIT ( $, .RADIAN. ) );
#6265 = ORIENTED_EDGE ( 'NONE', *, *, #3492, .T. ) ;
#6266 = CARTESIAN_POINT ( 'NONE',  ( -1.805857864376268607, 1.749999999999999778, -0.7397265478953022333 ) ) ;
#6267 = EDGE_CURVE ( 'NONE', #2201, #1587, #2589, .T. ) ;
#6268 =( LENGTH_UNIT ( ) NAMED_UNIT ( * ) SI_UNIT ( .MILLI., .METRE. ) );
#6269 = CARTESIAN_POINT ( 'NONE',  ( 1.735646275937244853, 1.749057536156685577, 1.519549667179167063 ) ) ;
#6270 = DIRECTION ( 'NONE',  ( 0.000000000000000000, 0.000000000000000000, 1.000000000000000000 ) ) ;
#6271 = EDGE_CURVE ( 'NONE', #8361, #4709, #5068, .T. ) ;
#6272 = CARTESIAN_POINT ( 'NONE',  ( 1.978072250575702684, 1.850551775759736950, -0.8538686835190341107 ) ) ;
#6273 = CARTESIAN_POINT ( 'NONE',  ( -2.100000000000000089, 1.550000000000000266, 0.8599999999999999867 ) ) ;
#6274 = CARTESIAN_POINT ( 'NONE',  ( -2.100000000000000977, 1.399999999999999689, -1.536602540378444459 ) ) ;
#6275 = EDGE_CURVE ( 'NONE', #5803, #6462, #3452, .T. ) ;
#6276 = CARTESIAN_POINT ( 'NONE',  ( -1.860487750466343737, 1.555704050069236954, 1.519554108468272213 ) ) ;
#6277 = LINE ( 'NONE', #2176, #1205 ) ;
#6278 = ORIENTED_EDGE ( 'NONE', *, *, #740, .F. ) ;
#6279 = PLANE ( 'NONE',  #1531 ) ;
#6280 = EDGE_LOOP ( 'NONE', ( #1342, #9206, #457, #10045 ) ) ;
#6281 = EDGE_CURVE ( 'NONE', #1017, #8609, #8866, .T. ) ;
#6282 = DIRECTION ( 'NONE',  ( 0.000000000000000000, 0.000000000000000000, -1.000000000000000000 ) ) ;
#6283 = EDGE_LOOP ( 'NONE', ( #7306, #4130, #3608 ) ) ;
#6284 = CARTESIAN_POINT ( 'NONE',  ( 1.804007243629380142, 1.822981538429053971, -1.418866253306647618 ) ) ;
#6285 = EDGE_CURVE ( 'NONE', #9874, #3801, #7973, .T. ) ;
#6286 = AXIS2_PLACEMENT_3D ( 'NONE', #3565, #7669, #4270 ) ;
#6287 = VECTOR ( 'NONE', #3312, 1000.000000000000000 ) ;
#6288 = LINE ( 'NONE', #3022, #6236 ) ;
#6289 = DIRECTION ( 'NONE',  ( 1.000000000000000000, 0.000000000000000000, -0.000000000000000000 ) ) ;
#6290 = VERTEX_POINT ( 'NONE', #2222 ) ;
#6291 = EDGE_LOOP ( 'NONE', ( #10517, #2733, #6377, #2411, #4979, #6091, #5125, #5210 ) ) ;
#6292 = ORIENTED_EDGE ( 'NONE', *, *, #2307, .F. ) ;
#6293 = CARTESIAN_POINT ( 'NONE',  ( -1.988032633253842940, 1.566741114999317785, -1.387586741722114159 ) ) ;
#6294 = EDGE_CURVE ( 'NONE', #1587, #2303, #8716, .T. ) ;
#6295 = DIRECTION ( 'NONE',  ( -1.734723475976809619E-14, 0.000000000000000000, -1.000000000000000000 ) ) ;
#6296 = VECTOR ( 'NONE', #4292, 1000.000000000000114 ) ;
#6297 = APPLICATION_PROTOCOL_DEFINITION ( 'draft international standard', 'automotive_design', 1998, #8833 ) ;
#6298 = PRESENTATION_LAYER_ASSIGNMENT (  '', '', ( #7487 ) ) ;
#6299 = ORIENTED_EDGE ( 'NONE', *, *, #6735, .T. ) ;
#6300 = CIRCLE ( 'NONE', #2338, 0.1000000000000000472 ) ;
#6301 = DIRECTION ( 'NONE',  ( 0.000000000000000000, -1.000000000000000000, 0.000000000000000000 ) ) ;
#6302 = ORIENTED_EDGE ( 'NONE', *, *, #3035, .F. ) ;
#6303 = DIRECTION ( 'NONE',  ( 0.000000000000000000, 1.000000000000000000, 0.000000000000000000 ) ) ;
#6304 = CARTESIAN_POINT ( 'NONE',  ( 1.947942502722566305, 1.649999999999999911, -0.7403961109355768899 ) ) ;
#6305 = DIRECTION ( 'NONE',  ( -1.000000000000000000, -0.000000000000000000, -0.000000000000000000 ) ) ;
#6306 = CARTESIAN_POINT ( 'NONE',  ( 1.876568542494923664, 1.550000000000000266, -0.8104372260139570683 ) ) ;
#6307 = CIRCLE ( 'NONE', #9731, 0.09999999999999983902 ) ;
#6308 =( NAMED_UNIT ( * ) SI_UNIT ( $, .STERADIAN. ) SOLID_ANGLE_UNIT ( ) );
#6309 = DIRECTION ( 'NONE',  ( 0.000000000000000000, 0.000000000000000000, -1.000000000000000000 ) ) ;
#6310 = AXIS2_PLACEMENT_3D ( 'NONE', #3314, #824, #2374 ) ;
#6311 = ORIENTED_EDGE ( 'NONE', *, *, #5472, .F. ) ;
#6312 = AXIS2_PLACEMENT_3D ( 'NONE', #2255, #1507, #10584 ) ;
#6313 = FACE_OUTER_BOUND ( 'NONE', #5213, .T. ) ;
#6314 = CARTESIAN_POINT ( 'NONE',  ( -1.600000000000000311, 0.07000000000000000666, -0.6500000000000001332 ) ) ;
#6315 = ORIENTED_EDGE ( 'NONE', *, *, #7051, .T. ) ;
#6316 = PRESENTATION_STYLE_ASSIGNMENT (( #4588 ) ) ;
#6317 = VECTOR ( 'NONE', #1732, 1000.000000000000000 ) ;
#6318 = ORIENTED_EDGE ( 'NONE', *, *, #7251, .T. ) ;
#6319 = CARTESIAN_POINT ( 'NONE',  ( 2.020000000000000462, 1.750000000000000000, 1.235200384405516161 ) ) ;
#6320 = DIRECTION ( 'NONE',  ( -0.000000000000000000, -1.000000000000000000, 0.000000000000000000 ) ) ;
#6321 = DIRECTION ( 'NONE',  ( 0.000000000000000000, 0.000000000000000000, -1.000000000000000000 ) ) ;
#6322 = CARTESIAN_POINT ( 'NONE',  ( 1.919057536156685284, 1.849995558710894938, -0.7952926414032668312 ) ) ;
#6323 = DIRECTION ( 'NONE',  ( 0.000000000000000000, -1.000000000000000000, 0.000000000000000000 ) ) ;
#6324 = DIRECTION ( 'NONE',  ( -5.732077271949496718E-16, 0.000000000000000000, 1.000000000000000000 ) ) ;
#6325 = CARTESIAN_POINT ( 'NONE',  ( 1.888032633253842185, 1.566741114999319784, 1.487586741722114470 ) ) ;
#6326 = COLOUR_RGB ( '',1.000000000000000000, 1.000000000000000000, 1.000000000000000000 ) ;
#6327 = CARTESIAN_POINT ( 'NONE',  ( -1.936315674237733653, 1.477260257245605279, 1.475158129477178726 ) ) ;
#6328 = AXIS2_PLACEMENT_3D ( 'NONE', #9318, #4212, #7501 ) ;
#6329 = CARTESIAN_POINT ( 'NONE',  ( -2.109781476726269478, 0.1779208829390094837, -0.7949999999999999289 ) ) ;
#6330 = ORIENTED_EDGE ( 'NONE', *, *, #2182, .F. ) ;
#6331 = CARTESIAN_POINT ( 'NONE',  ( -2.020000000000000462, 1.539480857672253178, 1.319554108264968217 ) ) ;
#6332 = DIRECTION ( 'NONE',  ( 0.000000000000000000, 0.000000000000000000, -1.000000000000000000 ) ) ;
#6333 = FACE_OUTER_BOUND ( 'NONE', #7631, .T. ) ;
#6334 = CIRCLE ( 'NONE', #10441, 0.09999999999999993616 ) ;
#6335 = DIRECTION ( 'NONE',  ( 0.000000000000000000, 4.336808689942015369E-15, 1.000000000000000000 ) ) ;
#6336 = CARTESIAN_POINT ( 'NONE',  ( 1.354314575050763025, 1.849999999999999867, -1.419554108468272124 ) ) ;
#6337 = CIRCLE ( 'NONE', #7704, 0.1000000000000000472 ) ;
#6338 = ADVANCED_FACE ( 'NONE', ( #6978 ), #4593, .F. ) ;
#6339 = CARTESIAN_POINT ( 'NONE',  ( -1.920000000000000373, 1.849999999999999867, -0.8538686835190337776 ) ) ;
#6340 = PRESENTATION_LAYER_ASSIGNMENT (  '', '', ( #837 ) ) ;
#6341 =( BOUNDED_SURFACE ( )  B_SPLINE_SURFACE ( 3, 3, ( 
 ( #9426, #1270, #6227, #9483 ),
 ( #1742, #2325, #4905, #3270 ),
 ( #4799, #24, #8190, #6485 ),
 ( #7334, #8089, #5717, #4961 ) ),
 .UNSPECIFIED., .F., .F., .F. ) 
 B_SPLINE_SURFACE_WITH_KNOTS ( ( 4, 4 ),
 ( 4, 4 ),
 ( 0.000000000000000000, 1.000000000000000000 ),
 ( 0.000000000000000000, 1.000000000000000000 ),
 .UNSPECIFIED. ) 
 GEOMETRIC_REPRESENTATION_ITEM ( )  RATIONAL_B_SPLINE_SURFACE ( (
 ( 1.000000000000000000, 0.8047378541243629391, 0.8047378541243629391, 1.000000000000000000),
 ( 0.8025111867385943398, 0.6458111303268123660, 0.6458111303268123660, 0.8025111867385943398),
 ( 0.8025111867385943398, 0.6458111303268123660, 0.6458111303268123660, 0.8025111867385943398),
 ( 1.000000000000000000, 0.8047378541243629391, 0.8047378541243629391, 1.000000000000000000) ) ) 
 REPRESENTATION_ITEM ( '' )  SURFACE ( )  );
#6342 = CARTESIAN_POINT ( 'NONE',  ( -0.3999999999999998557, 2.500000000000000000, -1.000000000000000000 ) ) ;
#6343 = ORIENTED_EDGE ( 'NONE', *, *, #6549, .T. ) ;
#6344 = CIRCLE ( 'NONE', #10621, 1.259999999999999787 ) ;
#6345 = ORIENTED_EDGE ( 'NONE', *, *, #2298, .F. ) ;
#6346 = VECTOR ( 'NONE', #960, 1000.000000000000000 ) ;
#6347 = FACE_OUTER_BOUND ( 'NONE', #5414, .T. ) ;
#6348 = ORIENTED_EDGE ( 'NONE', *, *, #2456, .T. ) ;
#6349 = CARTESIAN_POINT ( 'NONE',  ( -1.990670277937394372, 1.449999999999999956, 1.424231999700594331 ) ) ;
#6350 = ORIENTED_EDGE ( 'NONE', *, *, #8036, .T. ) ;
#6351 = CARTESIAN_POINT ( 'NONE',  ( 1.539999999999999591, 1.449999999999999956, -0.2144761058952749655 ) ) ;
#6352 = DIRECTION ( 'NONE',  ( -1.000000000000000000, 0.000000000000000000, 0.000000000000000000 ) ) ;
#6353 = PRESENTATION_LAYER_ASSIGNMENT (  '', '', ( #8902 ) ) ;
#6354 = VECTOR ( 'NONE', #6085, 1000.000000000000000 ) ;
#6355 = CIRCLE ( 'NONE', #9951, 0.1000000000000000472 ) ;
#6356 = EDGE_CURVE ( 'NONE', #975, #5633, #8774, .T. ) ;
#6357 = ADVANCED_FACE ( 'NONE', ( #3010 ), #4879, .T. ) ;
#6358 = EDGE_LOOP ( 'NONE', ( #2072, #6503, #5602, #2685, #2624, #10061, #5039 ) ) ;
#6359 = LINE ( 'NONE', #4720, #9906 ) ;
#6360 = ORIENTED_EDGE ( 'NONE', *, *, #1453, .F. ) ;
#6361 = CARTESIAN_POINT ( 'NONE',  ( -1.360000000000000098, 1.449999999999999956, 1.410853531617383139 ) ) ;
#6362 = AXIS2_PLACEMENT_3D ( 'NONE', #2297, #1394, #2985 ) ;
#6363 = DIRECTION ( 'NONE',  ( 0.000000000000000000, 0.000000000000000000, -1.000000000000000000 ) ) ;
#6364 = CARTESIAN_POINT ( 'NONE',  ( -2.020000000000000018, 1.449999999999999956, 0.9799999999999999822 ) ) ;
#6365 = DIRECTION ( 'NONE',  ( 0.000000000000000000, 0.000000000000000000, -1.000000000000000000 ) ) ;
#6366 = CARTESIAN_POINT ( 'NONE',  ( 1.500000000000000000, 0.07000000000000000666, -1.449999999999999289 ) ) ;
#6367 = DIRECTION ( 'NONE',  ( -0.2079116875743489690, 0.9781476014232136640, 0.000000000000000000 ) ) ;
#6368 = VECTOR ( 'NONE', #1602, 1000.000000000000114 ) ;
#6369 = STYLED_ITEM ( 'NONE', ( #5351 ), #7724 ) ;
#6370 = STYLED_ITEM ( 'NONE', ( #1437 ), #4892 ) ;
#6371 = ORIENTED_EDGE ( 'NONE', *, *, #5225, .T. ) ;
#6372 = DIRECTION ( 'NONE',  ( 0.000000000000000000, -1.000000000000000000, 0.000000000000000000 ) ) ;
#6373 = CARTESIAN_POINT ( 'NONE',  ( 1.919137802864846698, 1.449999999999999956, 0.9799999999999999822 ) ) ;
#6374 = VERTEX_POINT ( 'NONE', #6172 ) ;
#6375 = CARTESIAN_POINT ( 'NONE',  ( -0.3999999999999998557, 2.400000000000000355, -1.000000000000000000 ) ) ;
#6376 = DIRECTION ( 'NONE',  ( 0.000000000000000000, 1.000000000000000000, -0.000000000000000000 ) ) ;
#6377 = ORIENTED_EDGE ( 'NONE', *, *, #3532, .F. ) ;
#6378 = LINE ( 'NONE', #10386, #1044 ) ;
#6379 = CARTESIAN_POINT ( 'NONE',  ( 1.311825581389000295, 1.450008882578226466, 1.276127092252332451 ) ) ;
#6380 = AXIS2_PLACEMENT_3D ( 'NONE', #1153, #2845, #8709 ) ;
#6381 = LINE ( 'NONE', #9479, #9707 ) ;
#6382 = DIRECTION ( 'NONE',  ( 0.000000000000000000, 0.000000000000000000, -1.000000000000000000 ) ) ;
#6383 = LINE ( 'NONE', #6273, #6482 ) ;
#6384 = DIRECTION ( 'NONE',  ( 0.000000000000000000, 0.000000000000000000, 1.000000000000000000 ) ) ;
#6385 = ADVANCED_FACE ( 'NONE', ( #8561 ), #7873, .T. ) ;
#6386 = EDGE_CURVE ( 'NONE', #8116, #793, #9423, .T. ) ;
#6387 = PRESENTATION_LAYER_ASSIGNMENT (  '', '', ( #7070 ) ) ;
#6388 = FILL_AREA_STYLE ('',( #7179 ) ) ;
#6389 = EDGE_LOOP ( 'NONE', ( #7351, #5250, #1933, #5892 ) ) ;
#6390 = CARTESIAN_POINT ( 'NONE',  ( -2.026363480482510138, -0.6955033648010471303, -0.8435786437626897616 ) ) ;
#6391 = DIRECTION ( 'NONE',  ( -0.7071067811865449082, 0.000000000000000000, 0.7071067811865502373 ) ) ;
#6392 = CARTESIAN_POINT ( 'NONE',  ( -1.805194582267281245, 1.749999999999999556, 0.7403961109355766679 ) ) ;
#6393 = VECTOR ( 'NONE', #8404, 1000.000000000000000 ) ;
#6394 = CARTESIAN_POINT ( 'NONE',  ( -1.360000000000000098, 1.449999999999999956, 1.600000000000000089 ) ) ;
#6395 = CARTESIAN_POINT ( 'NONE',  ( 1.920000000000000151, 1.749999999999999778, 0.8538686835190343327 ) ) ;
#6396 = ORIENTED_EDGE ( 'NONE', *, *, #8232, .T. ) ;
#6397 = COLOUR_RGB ( '',1.000000000000000000, 1.000000000000000000, 1.000000000000000000 ) ;
#6398 = FACE_OUTER_BOUND ( 'NONE', #3901, .T. ) ;
#6399 = LINE ( 'NONE', #8586, #8566 ) ;
#6400 = ORIENTED_EDGE ( 'NONE', *, *, #8694, .F. ) ;
#6401 = VERTEX_POINT ( 'NONE', #7931 ) ;
#6402 = DIRECTION ( 'NONE',  ( -0.000000000000000000, 1.000000000000000000, -0.000000000000000000 ) ) ;
#6403 = ORIENTED_EDGE ( 'NONE', *, *, #141, .T. ) ;
#6404 = CARTESIAN_POINT ( 'NONE',  ( -1.936315582161188820, 1.477260098308399439, -1.475158285238883371 ) ) ;
#6405 = ADVANCED_FACE ( 'NONE', ( #3825 ), #5356, .T. ) ;
#6406 = ORIENTED_EDGE ( 'NONE', *, *, #1997, .F. ) ;
#6407 = CARTESIAN_POINT ( 'NONE',  ( -1.907571387754989578, 1.449999999999833200, 1.367837149452320489 ) ) ;
#6408 = ADVANCED_FACE ( 'NONE', ( #1268 ), #10393, .F. ) ;
#6409 =( NAMED_UNIT ( * ) SI_UNIT ( $, .STERADIAN. ) SOLID_ANGLE_UNIT ( ) );
#6410 =( BOUNDED_SURFACE ( )  B_SPLINE_SURFACE ( 3, 3, ( 
 ( #6304, #9790, #4887, #5705 ),
 ( #1446, #3964, #4012, #4722 ),
 ( #759, #5588, #10429, #3098 ),
 ( #10375, #3143, #9676, #5646 ) ),
 .UNSPECIFIED., .F., .F., .T. ) 
 B_SPLINE_SURFACE_WITH_KNOTS ( ( 4, 4 ),
 ( 4, 4 ),
 ( 0.000000000000000000, 1.000000000000000000 ),
 ( 0.000000000000000000, 1.000000000000000000 ),
 .UNSPECIFIED. ) 
 GEOMETRIC_REPRESENTATION_ITEM ( )  RATIONAL_B_SPLINE_SURFACE ( (
 ( 1.000000000000000000, 0.8025111867385928965, 0.8025111867385928965, 1.000000000000000000),
 ( 0.8002741005225355586, 0.6422289181264999591, 0.6422289181264999591, 0.8002741005225355586),
 ( 0.8002741005225355586, 0.6422289181264999591, 0.6422289181264999591, 0.8002741005225355586),
 ( 1.000000000000000000, 0.8025111867385928965, 0.8025111867385928965, 1.000000000000000000) ) ) 
 REPRESENTATION_ITEM ( '' )  SURFACE ( )  );
#6411 = EDGE_CURVE ( 'NONE', #3769, #1231, #2036, .T. ) ;
#6412 = ORIENTED_EDGE ( 'NONE', *, *, #2124, .F. ) ;
#6413 = SURFACE_SIDE_STYLE ('',( #2200 ) ) ;
#6414 = ORIENTED_EDGE ( 'NONE', *, *, #1863, .F. ) ;
#6415 = DIRECTION ( 'NONE',  ( -2.710505431213766015E-16, -0.000000000000000000, 1.000000000000000000 ) ) ;
#6416 = FACE_OUTER_BOUND ( 'NONE', #5735, .T. ) ;
#6417 = CARTESIAN_POINT ( 'NONE',  ( -0.4000000000000000222, 1.550000000000000266, -1.259999999999999787 ) ) ;
#6418 = DIRECTION ( 'NONE',  ( 0.000000000000000000, 0.000000000000000000, 1.000000000000000000 ) ) ;
#6419 = EDGE_CURVE ( 'NONE', #10130, #1216, #3115, .T. ) ;
#6420 = ADVANCED_FACE ( 'NONE', ( #8978 ), #8180, .T. ) ;
#6421 = FACE_OUTER_BOUND ( 'NONE', #5406, .T. ) ;
#6422 = EDGE_CURVE ( 'NONE', #1074, #6513, #4759, .T. ) ;
#6423 = SURFACE_STYLE_USAGE ( .BOTH. , #7220 ) ;
#6424 = VERTEX_POINT ( 'NONE', #2472 ) ;
#6425 = DIRECTION ( 'NONE',  ( 0.7071067811865496822, 0.000000000000000000, -0.7071067811865453523 ) ) ;
#6426 = DIRECTION ( 'NONE',  ( 0.000000000000000000, -0.000000000000000000, -1.000000000000000000 ) ) ;
#6427 = ORIENTED_EDGE ( 'NONE', *, *, #10087, .T. ) ;
#6428 = DIRECTION ( 'NONE',  ( -0.000000000000000000, -0.000000000000000000, -1.000000000000000000 ) ) ;
#6429 = SURFACE_STYLE_FILL_AREA ( #5760 ) ;
#6430 = CARTESIAN_POINT ( 'NONE',  ( -1.990710678118655208, 1.749999999999999778, 0.7831580054003791647 ) ) ;
#6431 = CARTESIAN_POINT ( 'NONE',  ( 2.000000000000000888, 0.06999999999999996503, 1.500000000000000000 ) ) ;
#6432 = EDGE_CURVE ( 'NONE', #4352, #1352, #5764, .T. ) ;
#6433 = DIRECTION ( 'NONE',  ( -0.7071067811865475727, -0.000000000000000000, -0.7071067811865474617 ) ) ;
#6434 = CARTESIAN_POINT ( 'NONE',  ( -1.848427124746192307, 2.049999999999999822, -0.9092893218813449252 ) ) ;
#6435 = CIRCLE ( 'NONE', #7962, 0.1000000000000000472 ) ;
#6436 = CARTESIAN_POINT ( 'NONE',  ( -1.924838626679405973, 1.449999999999999734, 1.490135763895783505 ) ) ;
#6437 = EDGE_CURVE ( 'NONE', #6123, #45, #2278, .T. ) ;
#6438 = CARTESIAN_POINT ( 'NONE',  ( 0.3999999999999999667, 2.400000000000000355, 0.000000000000000000 ) ) ;
#6439 = FACE_BOUND ( 'NONE', #9157, .T. ) ;
#6440 = VERTEX_POINT ( 'NONE', #5608 ) ;
#6441 = CARTESIAN_POINT ( 'NONE',  ( 1.855265411975102419, 1.495475424902659611, -1.519554108468272435 ) ) ;
#6442 = CARTESIAN_POINT ( 'NONE',  ( -1.876568542494923886, 1.649999999999999911, -0.8104372260139568462 ) ) ;
#6443 = CARTESIAN_POINT ( 'NONE',  ( -0.3999999999999999112, 2.400000000000000355, 1.100000000000000089 ) ) ;
#6444 = EDGE_CURVE ( 'NONE', #554, #5020, #8870, .T. ) ;
#6445 = CARTESIAN_POINT ( 'NONE',  ( -1.210883117545685561, 1.749999999999999556, -1.376122650963194305 ) ) ;
#6446 = CARTESIAN_POINT ( 'NONE',  ( -2.020000000000000462, 1.497472741345100777, -1.353218896075736533 ) ) ;
#6447 = CARTESIAN_POINT ( 'NONE',  ( 2.100000000000000089, 0.06999999926500789782, 0.7949999999999999289 ) ) ;
#6448 = CARTESIAN_POINT ( 'NONE',  ( -2.020000000000000906, 1.784571554749779798, 0.7948513479695228368 ) ) ;
#6449 = CARTESIAN_POINT ( 'NONE',  ( 1.210883117545685561, 1.749999999999999556, 1.376122650963194305 ) ) ;
#6450 = AXIS2_PLACEMENT_3D ( 'NONE', #7636, #9173, #8487 ) ;
#6451 = ORIENTED_EDGE ( 'NONE', *, *, #4958, .T. ) ;
#6452 = ORIENTED_EDGE ( 'NONE', *, *, #4558, .F. ) ;
#6453 = SURFACE_STYLE_FILL_AREA ( #5577 ) ;
#6454 = ORIENTED_EDGE ( 'NONE', *, *, #1800, .T. ) ;
#6455 = CARTESIAN_POINT ( 'NONE',  ( 2.020000000000000018, 1.449999999999999956, -0.8800000000000000044 ) ) ;
#6456 = ORIENTED_EDGE ( 'NONE', *, *, #7719, .F. ) ;
#6457 = FACE_OUTER_BOUND ( 'NONE', #2466, .T. ) ;
#6458 = AXIS2_PLACEMENT_3D ( 'NONE', #3499, #2022, #6002 ) ;
#6459 = ORIENTED_EDGE ( 'NONE', *, *, #5695, .T. ) ;
#6460 = ORIENTED_EDGE ( 'NONE', *, *, #8161, .F. ) ;
#6461 = EDGE_CURVE ( 'NONE', #10038, #9798, #1945, .T. ) ;
#6462 = VERTEX_POINT ( 'NONE', #4851 ) ;
#6463 = EDGE_LOOP ( 'NONE', ( #7763, #7621, #10522, #3404 ) ) ;
#6464 = LINE ( 'NONE', #1669, #491 ) ;
#6465 = CARTESIAN_POINT ( 'NONE',  ( 1.920000000000000595, 1.550000000000000044, 1.319554108468272036 ) ) ;
#6466 = CYLINDRICAL_SURFACE ( 'NONE', #5348, 0.1000000000000001443 ) ;
#6467 = CIRCLE ( 'NONE', #10564, 0.09999999999999982514 ) ;
#6468 = DIRECTION ( 'NONE',  ( 1.000000000000000000, 0.000000000000000000, 0.000000000000000000 ) ) ;
#6469 = EDGE_CURVE ( 'NONE', #1574, #9326, #8135, .T. ) ;
#6470 = PRESENTATION_LAYER_ASSIGNMENT (  '', '', ( #5766 ) ) ;
#6471 = EDGE_CURVE ( 'NONE', #6828, #1647, #729, .T. ) ;
#6472 = CARTESIAN_POINT ( 'NONE',  ( -0.3999999999999998557, 2.500000000000000000, 1.058578643762690508 ) ) ;
#6473 = EDGE_CURVE ( 'NONE', #4934, #5174, #4943, .T. ) ;
#6474 = FILL_AREA_STYLE_COLOUR ( '', #7043 ) ;
#6475 = ORIENTED_EDGE ( 'NONE', *, *, #7039, .T. ) ;
#6476 = DIRECTION ( 'NONE',  ( -0.7071067811865463515, 0.000000000000000000, 0.7071067811865487940 ) ) ;
#6477 = DIRECTION ( 'NONE',  ( 0.7071067811865474617, 0.000000000000000000, -0.7071067811865474617 ) ) ;
#6478 = CIRCLE ( 'NONE', #1319, 0.1000000000000000472 ) ;
#6479 = DIRECTION ( 'NONE',  ( -0.7071067811865486830, 0.000000000000000000, -0.7071067811865464625 ) ) ;
#6480 = CARTESIAN_POINT ( 'NONE',  ( -1.920000000000000817, 1.849999999999999867, -1.319554108468271814 ) ) ;
#6481 = CARTESIAN_POINT ( 'NONE',  ( 1.805194582267281467, 1.749999999999999778, 0.7403961109355765569 ) ) ;
#6482 = VECTOR ( 'NONE', #1374, 1000.000000000000000 ) ;
#6483 = CARTESIAN_POINT ( 'NONE',  ( 1.876568542494923664, 1.649999999999999911, -0.8104372260139569573 ) ) ;
#6484 = CARTESIAN_POINT ( 'NONE',  ( 1.947279220613579165, 1.649999999999999911, 0.7397265478953024553 ) ) ;
#6485 = CARTESIAN_POINT ( 'NONE',  ( -1.978072250575702462, 1.549448224240263405, 0.8538686835190346658 ) ) ;
#6486 = VECTOR ( 'NONE', #3534, 1000.000000000000000 ) ;
#6487 = AXIS2_PLACEMENT_3D ( 'NONE', #5342, #1907, #10009 ) ;
#6488 = ADVANCED_FACE ( 'NONE', ( #6751 ), #9903, .T. ) ;
#6489 = EDGE_CURVE ( 'NONE', #3088, #866, #6334, .T. ) ;
#6490 = CARTESIAN_POINT ( 'NONE',  ( -2.109781477445201059, 0.1779208827861959441, 0.7950000000000002620 ) ) ;
#6491 = VERTEX_POINT ( 'NONE', #237 ) ;
#6492 = CARTESIAN_POINT ( 'NONE',  ( 1.995142775509957112, 1.449999999999999956, -1.416120190436367610 ) ) ;
#6493 = DIRECTION ( 'NONE',  ( 0.7071067811865456854, 0.000000000000000000, 0.7071067811865493491 ) ) ;
#6494 = CIRCLE ( 'NONE', #9204, 0.09999999999999997780 ) ;
#6495 = FACE_OUTER_BOUND ( 'NONE', #4987, .T. ) ;
#6496 = FILL_AREA_STYLE ('',( #3171 ) ) ;
#6497 = FACE_OUTER_BOUND ( 'NONE', #4311, .T. ) ;
#6498 = VECTOR ( 'NONE', #4264, 1000.000000000000000 ) ;
#6499 = CARTESIAN_POINT ( 'NONE',  ( -1.354314575050763025, 1.749999999999999778, -1.419554108468272124 ) ) ;
#6500 = LINE ( 'NONE', #9660, #2362 ) ;
#6501 = CARTESIAN_POINT ( 'NONE',  ( 2.517157287525380482, 2.499999999999999556, -1.058578643762690730 ) ) ;
#6502 = ORIENTED_EDGE ( 'NONE', *, *, #9880, .T. ) ;
#6503 = ORIENTED_EDGE ( 'NONE', *, *, #4514, .F. ) ;
#6504 = MECHANICAL_DESIGN_GEOMETRIC_PRESENTATION_REPRESENTATION (  '', ( #2527 ), #5982 ) ;
#6505 = CARTESIAN_POINT ( 'NONE',  ( 1.907770119437836254, 1.480980449765836982, -1.502213026040685850 ) ) ;
#6506 = ORIENTED_EDGE ( 'NONE', *, *, #6147, .T. ) ;
#6507 = CARTESIAN_POINT ( 'NONE',  ( 1.819999998572660704, 1.539480857181791063, 1.519554108468272435 ) ) ;
#6508 = VERTEX_POINT ( 'NONE', #2630 ) ;
#6509 = DIRECTION ( 'NONE',  ( 0.000000000000000000, -1.000000000000000000, 0.000000000000000000 ) ) ;
#6510 = CIRCLE ( 'NONE', #10611, 0.1100000014699854534 ) ;
#6511 = STYLED_ITEM ( 'NONE', ( #6181 ), #5134 ) ;
#6513 = VERTEX_POINT ( 'NONE', #7541 ) ;
#6512 = CIRCLE ( 'NONE', #6862, 0.1000000000000000472 ) ;
#6514 = VERTEX_POINT ( 'NONE', #8390 ) ;
#6515 = ORIENTED_EDGE ( 'NONE', *, *, #8630, .T. ) ;
#6516 = ORIENTED_EDGE ( 'NONE', *, *, #5800, .T. ) ;
#6517 = DIRECTION ( 'NONE',  ( -1.000000000000000000, 0.000000000000000000, 4.928191693115927811E-16 ) ) ;
#6518 = CARTESIAN_POINT ( 'NONE',  ( 1.975604021008832811, 1.477260257245453845, 1.435869782706140185 ) ) ;
#6519 = DIRECTION ( 'NONE',  ( -0.7071067811865475727, 0.000000000000000000, 0.7071067811865474617 ) ) ;
#6520 = VECTOR ( 'NONE', #8406, 1000.000000000000000 ) ;
#6521 = CARTESIAN_POINT ( 'NONE',  ( -1.846839578305846219, 1.536900777156472442, -0.7451183755087185112 ) ) ;
#6522 = CARTESIAN_POINT ( 'NONE',  ( 2.020000000000000462, 1.649999999999999911, 0.8538686835190337776 ) ) ;
#6523 = CARTESIAN_POINT ( 'NONE',  ( 1.354314575050763025, 1.649999999999999911, -1.419554108468272124 ) ) ;
#6524 = AXIS2_PLACEMENT_3D ( 'NONE', #3329, #7403, #3231 ) ;
#6525 = DIRECTION ( 'NONE',  ( -0.7071067811865474617, 0.000000000000000000, 0.7071067811865474617 ) ) ;
#6526 = ORIENTED_EDGE ( 'NONE', *, *, #5903, .T. ) ;
#6528 = FILL_AREA_STYLE ('',( #1620 ) ) ;
#6527 = CARTESIAN_POINT ( 'NONE',  ( 2.100000000000000089, 0.1800000000000006317, 1.649692833238015188 ) ) ;
#6529 = LINE ( 'NONE', #1578, #8920 ) ;
#6530 = CARTESIAN_POINT ( 'NONE',  ( 1.252810866969984005, 1.649999999999999911, 1.476674426722931255 ) ) ;
#6531 = CARTESIAN_POINT ( 'NONE',  ( -2.020000000000000462, 1.809017335549510941, 1.260099750398277374 ) ) ;
#6532 = CARTESIAN_POINT ( 'NONE',  ( -1.421421356237309030, 1.591421356237309404, -1.519554108468271991 ) ) ;
#6533 = AXIS2_PLACEMENT_3D ( 'NONE', #2796, #9366, #8565 ) ;
#6534 = DIRECTION ( 'NONE',  ( 0.7071067811865502373, 0.000000000000000000, -0.7071067811865449082 ) ) ;
#6535 = CIRCLE ( 'NONE', #4635, 0.1000000000000000749 ) ;
#6536 = CARTESIAN_POINT ( 'NONE',  ( -1.916566081967778556, 1.450000000000000400, 1.494696883978403390 ) ) ;
#6537 = CARTESIAN_POINT ( 'NONE',  ( 1.379999999999999893, 1.749999999999999778, 1.519554108468272213 ) ) ;
#6538 =( NAMED_UNIT ( * ) SI_UNIT ( $, .STERADIAN. ) SOLID_ANGLE_UNIT ( ) );
#6539 = CIRCLE ( 'NONE', #1904, 0.1000000000000000472 ) ;
#6540 = CIRCLE ( 'NONE', #10132, 1.259999999999999787 ) ;
#6541 = STYLED_ITEM ( 'NONE', ( #5054 ), #3551 ) ;
#6542 = FACE_OUTER_BOUND ( 'NONE', #7514, .T. ) ;
#6543 = ORIENTED_EDGE ( 'NONE', *, *, #10014, .T. ) ;
#6544 = FILL_AREA_STYLE_COLOUR ( '', #7076 ) ;
#6545 = DIRECTION ( 'NONE',  ( 3.824509120056631987E-15, -0.9282544343432647116, -0.3719458362746727031 ) ) ;
#6546 = DIRECTION ( 'NONE',  ( 0.000000000000000000, 0.000000000000000000, -1.000000000000000000 ) ) ;
#6547 = CARTESIAN_POINT ( 'NONE',  ( -1.252810866969983339, 1.749999999999999556, -1.275570875203458243 ) ) ;
#6548 = DIRECTION ( 'NONE',  ( -0.7071067811865474617, 0.000000000000000000, -0.7071067811865474617 ) ) ;
#6549 = EDGE_CURVE ( 'NONE', #7919, #6668, #827, .T. ) ;
#6550 = ADVANCED_FACE ( 'NONE', ( #4307 ), #9182, .F. ) ;
#6551 = FACE_OUTER_BOUND ( 'NONE', #10528, .T. ) ;
#6552 = EDGE_CURVE ( 'NONE', #8645, #9353, #8045, .T. ) ;
#6553 = AXIS2_PLACEMENT_3D ( 'NONE', #396, #6096, #5433 ) ;
#6554 = EDGE_CURVE ( 'NONE', #9814, #7570, #8337, .T. ) ;
#6555 = DIRECTION ( 'NONE',  ( -1.000000000000000000, 0.000000000000000000, 1.084202172485503842E-15 ) ) ;
#6556 = ORIENTED_EDGE ( 'NONE', *, *, #9930, .F. ) ;
#6557 = CARTESIAN_POINT ( 'NONE',  ( -2.020000000000000462, 1.750000000000000000, 0.8538686835190336666 ) ) ;
#6558 = SURFACE_STYLE_USAGE ( .BOTH. , #433 ) ;
#6559 = ORIENTED_EDGE ( 'NONE', *, *, #1948, .F. ) ;
#6560 = ORIENTED_EDGE ( 'NONE', *, *, #5002, .T. ) ;
#6561 = CIRCLE ( 'NONE', #2754, 1.100000000000000089 ) ;
#6562 = CARTESIAN_POINT ( 'NONE',  ( -1.735646275937244853, 1.749999999999999778, 1.419554108468271902 ) ) ;
#6563 = ORIENTED_EDGE ( 'NONE', *, *, #97, .T. ) ;
#6564 = CARTESIAN_POINT ( 'NONE',  ( 1.947942502722565861, 1.820427584973231872, -0.7697627741596239082 ) ) ;
#6565 = VERTEX_POINT ( 'NONE', #4192 ) ;
#6566 = CARTESIAN_POINT ( 'NONE',  ( 1.283603896932107746, 1.849999999999999867, -1.490264786586926293 ) ) ;
#6567 = ORIENTED_EDGE ( 'NONE', *, *, #5554, .F. ) ;
#6568 = ORIENTED_EDGE ( 'NONE', *, *, #2124, .T. ) ;
#6569 = ORIENTED_EDGE ( 'NONE', *, *, #1857, .T. ) ;
#6570 = ORIENTED_EDGE ( 'NONE', *, *, #1661, .T. ) ;
#6571 = LINE ( 'NONE', #160, #7680 ) ;
#6572 = FACE_OUTER_BOUND ( 'NONE', #9786, .T. ) ;
#6573 = LINE ( 'NONE', #3255, #7235 ) ;
#6574 = AXIS2_PLACEMENT_3D ( 'NONE', #57, #3254, #8322 ) ;
#6575 = SURFACE_SIDE_STYLE ('',( #8277 ) ) ;
#6576 = ADVANCED_FACE ( 'NONE', ( #5183 ), #8447, .T. ) ;
#6577 = EDGE_CURVE ( 'NONE', #7308, #4008, #4126, .T. ) ;
#6578 = CARTESIAN_POINT ( 'NONE',  ( 1.978072250575702684, 1.649999999999999911, 0.7533169077592967167 ) ) ;
#6579 = LINE ( 'NONE', #3363, #4415 ) ;
#6580 = DIRECTION ( 'NONE',  ( 0.000000000000000000, 0.000000000000000000, -1.000000000000000000 ) ) ;
#6581 = CARTESIAN_POINT ( 'NONE',  ( -1.990710678118655208, 1.849999999999999867, 0.7831580054003789426 ) ) ;
#6582 = EDGE_LOOP ( 'NONE', ( #1414, #4223, #9221, #7854 ) ) ;
#6583 = DIRECTION ( 'NONE',  ( 1.000000000000000000, 0.000000000000000000, -0.000000000000000000 ) ) ;
#6584 = CARTESIAN_POINT ( 'NONE',  ( -1.479999999999999982, 1.449999999999999956, 1.519554108468272213 ) ) ;
#6585 = EDGE_CURVE ( 'NONE', #10093, #1722, #5876, .T. ) ;
#6586 = DIRECTION ( 'NONE',  ( 1.000000000000000000, 0.000000000000000000, -0.000000000000000000 ) ) ;
#6587 = CARTESIAN_POINT ( 'NONE',  ( 2.627600192202758311, 1.849999999999999867, -0.5276001922027557800 ) ) ;
#6588 = CARTESIAN_POINT ( 'NONE',  ( -1.327268482960745510, 1.749999999999999778, 1.519554108468272435 ) ) ;
#6589 =( NAMED_UNIT ( * ) SI_UNIT ( $, .STERADIAN. ) SOLID_ANGLE_UNIT ( ) );
#6590 = DIRECTION ( 'NONE',  ( -0.000000000000000000, 1.000000000000000000, 0.000000000000000000 ) ) ;
#6591 = UNCERTAINTY_MEASURE_WITH_UNIT (LENGTH_MEASURE( 1.000000000000000082E-05 ), #5713, 'distance_accuracy_value', 'NONE');
#6592 = EDGE_CURVE ( 'NONE', #975, #1553, #9053, .T. ) ;
#6593 = CARTESIAN_POINT ( 'NONE',  ( -1.961421356237310176, 1.449999999999999512, -1.460975464705581484 ) ) ;
#6594 = EDGE_CURVE ( 'NONE', #1722, #7378, #4471, .T. ) ;
#6595 = ORIENTED_EDGE ( 'NONE', *, *, #8615, .T. ) ;
#6596 = DIRECTION ( 'NONE',  ( -0.000000000000000000, 1.000000000000000000, -0.000000000000000000 ) ) ;
#6597 = CARTESIAN_POINT ( 'NONE',  ( 1.971043495099188636, 1.467998644416249610, 1.444141379849661622 ) ) ;
#6598 = CARTESIAN_POINT ( 'NONE',  ( 1.310883117545685872, 1.749999999999999778, 1.376122650963194305 ) ) ;
#6599 = CYLINDRICAL_SURFACE ( 'NONE', #1546, 0.1100000014699854534 ) ;
#6600 = EDGE_CURVE ( 'NONE', #1364, #4332, #1208, .T. ) ;
#6601 = AXIS2_PLACEMENT_3D ( 'NONE', #7750, #9500, #273 ) ;
#6602 = CARTESIAN_POINT ( 'NONE',  ( 1.310883117545685872, 1.850000000000000089, 1.376122650963194083 ) ) ;
#6603 = ORIENTED_EDGE ( 'NONE', *, *, #4063, .F. ) ;
#6604 = LINE ( 'NONE', #2340, #3853 ) ;
#6605 = CARTESIAN_POINT ( 'NONE',  ( -2.100000000000000089, 0.1800000000000006317, -0.5003071667619851670 ) ) ;
#6606 = CARTESIAN_POINT ( 'NONE',  ( 1.846839578305846441, 1.649999999999999689, 0.6979586327827719261 ) ) ;
#6607 = EDGE_CURVE ( 'NONE', #4883, #9548, #344, .T. ) ;
#6608 = EDGE_CURVE ( 'NONE', #3921, #3296, #5813, .T. ) ;
#6609 = VERTEX_POINT ( 'NONE', #7117 ) ;
#6610 = ORIENTED_EDGE ( 'NONE', *, *, #2588, .T. ) ;
#6611 = CARTESIAN_POINT ( 'NONE',  ( 1.904864354683633021, 1.524734676614828199, -1.487586741505586119 ) ) ;
#6612 = EDGE_LOOP ( 'NONE', ( #4442, #9409, #3808, #4217 ) ) ;
#6613 = DIRECTION ( 'NONE',  ( -0.9282544343432641565, -0.3719458362746743130, 0.000000000000000000 ) ) ;
#6614 = ORIENTED_EDGE ( 'NONE', *, *, #8816, .T. ) ;
#6615 = EDGE_CURVE ( 'NONE', #5020, #9055, #9514, .T. ) ;
#6616 = DIRECTION ( 'NONE',  ( -0.000000000000000000, 1.000000000000000000, -0.000000000000000000 ) ) ;
#6617 = ORIENTED_EDGE ( 'NONE', *, *, #9473, .F. ) ;
#6618 = EDGE_CURVE ( 'NONE', #2927, #4769, #4076, .T. ) ;
#6619 = ORIENTED_EDGE ( 'NONE', *, *, #6552, .F. ) ;
#6620 = EDGE_LOOP ( 'NONE', ( #3353, #8992, #5913, #3250 ) ) ;
#6621 = CARTESIAN_POINT ( 'NONE',  ( 1.988032633253842940, 1.566741114999318008, -1.387586741722113937 ) ) ;
#6622 = EDGE_LOOP ( 'NONE', ( #3786, #1335, #1885 ) ) ;
#6623 = VECTOR ( 'NONE', #7242, 1000.000000000000000 ) ;
#6624 = CARTESIAN_POINT ( 'NONE',  ( 1.868283040983865328, 1.450000000000017053, 1.407125496223330829 ) ) ;
#6625 = SURFACE_SIDE_STYLE ('',( #7470 ) ) ;
#6626 = CARTESIAN_POINT ( 'NONE',  ( 1.354314575050763025, 1.550000000000000266, -1.419554108468271902 ) ) ;
#6627 = ORIENTED_EDGE ( 'NONE', *, *, #8004, .F. ) ;
#6628 = CARTESIAN_POINT ( 'NONE',  ( -1.906297506684001775, 1.816381868788617515, -0.6979586327827720371 ) ) ;
#6629 = SURFACE_STYLE_FILL_AREA ( #182 ) ;
#6630 = CARTESIAN_POINT ( 'NONE',  ( -1.910853531617384693, 1.550000000000000266, 0.8600000000000000977 ) ) ;
#6631 = CARTESIAN_POINT ( 'NONE',  ( -2.020000000000000462, 1.749999999999999778, 1.235200384405516161 ) ) ;
#6632 = STYLED_ITEM ( 'NONE', ( #1782 ), #502 ) ;
#6633 = CARTESIAN_POINT ( 'NONE',  ( -1.876568542494924108, 1.649999999999999911, 0.8104372260139570683 ) ) ;
#6634 = PLANE ( 'NONE',  #9551 ) ;
#6635 = VECTOR ( 'NONE', #809, 1000.000000000000000 ) ;
#6636 = CARTESIAN_POINT ( 'NONE',  ( 1.310000000000000275, 0.07000000000000061728, -0.5500000000000000444 ) ) ;
#6637 = AXIS2_PLACEMENT_3D ( 'NONE', #9674, #8751, #4576 ) ;
#6638 = SURFACE_STYLE_FILL_AREA ( #2430 ) ;
#6639 = CARTESIAN_POINT ( 'NONE',  ( -1.961421356237310176, 1.449999999999999956, -1.460975464705581262 ) ) ;
#6640 = DIRECTION ( 'NONE',  ( 0.000000000000000000, 0.000000000000000000, -1.000000000000000000 ) ) ;
#6641 = AXIS2_PLACEMENT_3D ( 'NONE', #5069, #3454, #10025 ) ;
#6642 = ORIENTED_EDGE ( 'NONE', *, *, #7180, .T. ) ;
#6643 =( LENGTH_UNIT ( ) NAMED_UNIT ( * ) SI_UNIT ( .MILLI., .METRE. ) );
#6644 = DIRECTION ( 'NONE',  ( -0.000000000000000000, 1.000000000000000000, 0.000000000000000000 ) ) ;
#6645 = CARTESIAN_POINT ( 'NONE',  ( 1.820000000000000062, 1.449999999999999956, -1.319554108468271814 ) ) ;
#6646 = DIRECTION ( 'NONE',  ( -0.7071067811865475727, 0.000000000000000000, 0.7071067811865474617 ) ) ;
#6647 = CARTESIAN_POINT ( 'NONE',  ( -1.961450846657130764, 1.449999999999999734, -1.460945955289663978 ) ) ;
#6648 = VECTOR ( 'NONE', #4636, 1000.000000000000114 ) ;
#6649 = CARTESIAN_POINT ( 'NONE',  ( -1.920000000000000151, 1.550000000000000266, 1.410853531617383361 ) ) ;
#6650 = STYLED_ITEM ( 'NONE', ( #6805 ), #10260 ) ;
#6651 = DIRECTION ( 'NONE',  ( -1.000000000000000000, 0.000000000000000000, -4.928191693115927811E-16 ) ) ;
#6652 = ORIENTED_EDGE ( 'NONE', *, *, #3518, .T. ) ;
#6653 = SURFACE_SIDE_STYLE ('',( #6715 ) ) ;
#6654 = ADVANCED_FACE ( 'NONE', ( #10379 ), #9567, .T. ) ;
#6655 = COLOUR_RGB ( '',0.8431372549019607865, 0.8156862745098039102, 0.7529411764705882248 ) ;
#6656 = EDGE_LOOP ( 'NONE', ( #7844, #9550, #904, #2447 ) ) ;
#6657 = ORIENTED_EDGE ( 'NONE', *, *, #6102, .T. ) ;
#6658 = DIRECTION ( 'NONE',  ( -0.9282544343432641565, 0.3719458362746743130, 1.301042606982603743E-14 ) ) ;
#6659 = ORIENTED_EDGE ( 'NONE', *, *, #4067, .T. ) ;
#6660 = CARTESIAN_POINT ( 'NONE',  ( 1.805194582267281245, 1.749999999999999556, -0.7403961109355766679 ) ) ;
#6661 = VERTEX_POINT ( 'NONE', #401 ) ;
#6662 = CARTESIAN_POINT ( 'NONE',  ( -1.582866740853977827, 2.131287453943200738, -1.419554108468271902 ) ) ;
#6663 = EDGE_CURVE ( 'NONE', #10147, #8054, #3705, .T. ) ;
#6664 = MECHANICAL_DESIGN_GEOMETRIC_PRESENTATION_REPRESENTATION (  '', ( #5287 ), #7346 ) ;
#6665 = ORIENTED_EDGE ( 'NONE', *, *, #889, .T. ) ;
#6666 = FACE_OUTER_BOUND ( 'NONE', #1978, .T. ) ;
#6667 = ORIENTED_EDGE ( 'NONE', *, *, #8034, .T. ) ;
#6668 = VERTEX_POINT ( 'NONE', #1404 ) ;
#6669 = CARTESIAN_POINT ( 'NONE',  ( 1.379999999999999893, 1.550000000000000044, -1.419554108468271902 ) ) ;
#6670 = CIRCLE ( 'NONE', #9395, 0.1000000000000000472 ) ;
#6671 = FACE_OUTER_BOUND ( 'NONE', #5488, .T. ) ;
#6672 = AXIS2_PLACEMENT_3D ( 'NONE', #2184, #5527, #5471 ) ;
#6673 = ORIENTED_EDGE ( 'NONE', *, *, #9267, .F. ) ;
#6674 = DIRECTION ( 'NONE',  ( 0.7071067811865464625, -0.000000000000000000, 0.7071067811865487940 ) ) ;
#6675 = CARTESIAN_POINT ( 'NONE',  ( 1.910853531617384693, 1.550000000000000266, 0.8600000000000000977 ) ) ;
#6676 = VECTOR ( 'NONE', #5495, 1000.000000000000000 ) ;
#6677 = CARTESIAN_POINT ( 'NONE',  ( -1.920000000000000373, 1.550000000000000266, 0.8799999999999998934 ) ) ;
#6678 = EDGE_CURVE ( 'NONE', #338, #4435, #2205, .T. ) ;
#6679 = EDGE_CURVE ( 'NONE', #2704, #9077, #2944, .T. ) ;
#6680 = EDGE_CURVE ( 'NONE', #9151, #8378, #8704, .T. ) ;
#6681 = CIRCLE ( 'NONE', #8549, 0.09999999999999997780 ) ;
#6682 = CIRCLE ( 'NONE', #4767, 0.1000000000000000472 ) ;
#6683 = LINE ( 'NONE', #4184, #2172 ) ;
#6684 = ORIENTED_EDGE ( 'NONE', *, *, #4828, .T. ) ;
#6685 = CARTESIAN_POINT ( 'NONE',  ( -2.100000000000000089, 0.1800000014699860151, 0.7950000000000002620 ) ) ;
#6686 = PRESENTATION_LAYER_ASSIGNMENT (  '', '', ( #335 ) ) ;
#6687 =( BOUNDED_SURFACE ( )  B_SPLINE_SURFACE ( 3, 2, ( 
 ( #6492, #3940, #1697 ),
 ( #2533, #834, #8041 ),
 ( #4103, #9858, #8881 ),
 ( #7398, #5838, #8248 ) ),
 .UNSPECIFIED., .F., .F., .T. ) 
 B_SPLINE_SURFACE_WITH_KNOTS ( ( 4, 4 ),
 ( 3, 3 ),
 ( 0.0002758777686984793831, 0.0003154662155144598258 ),
 ( 0.000000000000000000, 1.000000000000000000 ),
 .UNSPECIFIED. ) 
 GEOMETRIC_REPRESENTATION_ITEM ( )  RATIONAL_B_SPLINE_SURFACE ( (
 ( 1.000000000000000000, 0.9808805871847274815, 1.000000000000000000),
 ( 1.000000000000000000, 0.9937896904766424511, 1.000000000000000000),
 ( 1.000000000000000000, 1.000037153824646863, 1.000000000000000000),
 ( 1.000000000000000000, 1.000000000000000000, 1.000000000000000000) ) ) 
 REPRESENTATION_ITEM ( '' )  SURFACE ( )  );
#6688 = FILL_AREA_STYLE ('',( #4354 ) ) ;
#6689 = AXIS2_PLACEMENT_3D ( 'NONE', #10139, #2756, #2797 ) ;
#6690 = CARTESIAN_POINT ( 'NONE',  ( -1.639999999999999458, 1.550000000000000266, 0.2144761058952750488 ) ) ;
#6691 =( GEOMETRIC_REPRESENTATION_CONTEXT ( 3 ) GLOBAL_UNCERTAINTY_ASSIGNED_CONTEXT ( ( #5337 ) ) GLOBAL_UNIT_ASSIGNED_CONTEXT ( ( #9309, #1261, #2071 ) ) REPRESENTATION_CONTEXT ( 'NONE', 'WORKASPACE' ) );
#6692 = DIRECTION ( 'NONE',  ( 0.000000000000000000, -0.9282544343432640455, 0.3719458362746743130 ) ) ;
#6693 = DIRECTION ( 'NONE',  ( 0.000000000000000000, -1.000000000000000000, 0.000000000000000000 ) ) ;
#6694 = CYLINDRICAL_SURFACE ( 'NONE', #6310, 0.09999999999999992228 ) ;
#6695 = CARTESIAN_POINT ( 'NONE',  ( 2.020000000000000462, 1.615428445250220335, -0.7948513479695232808 ) ) ;
#6696 =( GEOMETRIC_REPRESENTATION_CONTEXT ( 3 ) GLOBAL_UNCERTAINTY_ASSIGNED_CONTEXT ( ( #1166 ) ) GLOBAL_UNIT_ASSIGNED_CONTEXT ( ( #6762, #9094, #5128 ) ) REPRESENTATION_CONTEXT ( 'NONE', 'WORKASPACE' ) );
#6697 = VECTOR ( 'NONE', #1975, 1000.000000000000000 ) ;
#6698 = ORIENTED_EDGE ( 'NONE', *, *, #5552, .T. ) ;
#6699 = DIRECTION ( 'NONE',  ( -1.000000000000000000, 0.000000000000000000, 0.000000000000000000 ) ) ;
#6700 = ORIENTED_EDGE ( 'NONE', *, *, #2943, .F. ) ;
#6701 = VECTOR ( 'NONE', #6586, 1000.000000000000000 ) ;
#6702 = AXIS2_PLACEMENT_3D ( 'NONE', #9031, #3980, #2375 ) ;
#6703 = DIRECTION ( 'NONE',  ( -0.7071067811865474617, 0.000000000000000000, -0.7071067811865474617 ) ) ;
#6704 = VECTOR ( 'NONE', #8480, 1000.000000000000000 ) ;
#6705 = CARTESIAN_POINT ( 'NONE',  ( 1.804007243629379253, 1.822981538429054638, 1.418866253306647618 ) ) ;
#6706 = CARTESIAN_POINT ( 'NONE',  ( -2.201952593834479277, 0.6115518992456836500, -0.7949999999999999289 ) ) ;
#6707 = LINE ( 'NONE', #10185, #483 ) ;
#6708 = CARTESIAN_POINT ( 'NONE',  ( 2.049999999999999822, 1.449999999999999956, -0.8600000000000002087 ) ) ;
#6709 = EDGE_CURVE ( 'NONE', #5583, #240, #2837, .T. ) ;
#6710 = CARTESIAN_POINT ( 'NONE',  ( -1.928730210289324010, 1.464166666666669725, -1.487990114549041953 ) ) ;
#6711 = ADVANCED_FACE ( 'NONE', ( #6157 ), #9406, .F. ) ;
#6712 = FACE_OUTER_BOUND ( 'NONE', #3400, .T. ) ;
#6713 = CARTESIAN_POINT ( 'NONE',  ( 1.389289321881345574, 1.550000000000000266, -1.340142853498727860 ) ) ;
#6714 = VERTEX_POINT ( 'NONE', #2418 ) ;
#6715 = SURFACE_STYLE_FILL_AREA ( #1806 ) ;
#6716 = SURFACE_STYLE_USAGE ( .BOTH. , #1003 ) ;
#6717 = ORIENTED_EDGE ( 'NONE', *, *, #5573, .T. ) ;
#6718 = ORIENTED_EDGE ( 'NONE', *, *, #1789, .T. ) ;
#6719 = FILL_AREA_STYLE ('',( #1927 ) ) ;
#6720 = EDGE_LOOP ( 'NONE', ( #8923, #8205, #1230, #9673 ) ) ;
#6721 = LINE ( 'NONE', #5035, #9145 ) ;
#6722 = ORIENTED_EDGE ( 'NONE', *, *, #6422, .F. ) ;
#6723 = CIRCLE ( 'NONE', #3949, 0.09999999999999985290 ) ;
#6724 =( GEOMETRIC_REPRESENTATION_CONTEXT ( 3 ) GLOBAL_UNCERTAINTY_ASSIGNED_CONTEXT ( ( #4964 ) ) GLOBAL_UNIT_ASSIGNED_CONTEXT ( ( #2891, #497, #7912 ) ) REPRESENTATION_CONTEXT ( 'NONE', 'WORKASPACE' ) );
#6725 = ORIENTED_EDGE ( 'NONE', *, *, #3354, .F. ) ;
#6726 = SURFACE_SIDE_STYLE ('',( #3414 ) ) ;
#6727 = VERTEX_POINT ( 'NONE', #5751 ) ;
#6728 = ORIENTED_EDGE ( 'NONE', *, *, #818, .F. ) ;
#6729 = ADVANCED_FACE ( 'NONE', ( #8075 ), #4075, .F. ) ;
#6730 = FACE_OUTER_BOUND ( 'NONE', #204, .T. ) ;
#6731 = CARTESIAN_POINT ( 'NONE',  ( -1.919057536156685950, 1.849995558710895605, -0.7952926414032669422 ) ) ;
#6732 = CARTESIAN_POINT ( 'NONE',  ( 1.354314575050763469, 1.749999999999999778, -1.519554108468272213 ) ) ;
#6733 = EDGE_LOOP ( 'NONE', ( #4202, #10018, #5334, #9185, #9639, #7757 ) ) ;
#6734 = PLANE ( 'NONE',  #4462 ) ;
#6735 = EDGE_CURVE ( 'NONE', #10364, #7954, #9424, .T. ) ;
#6736 = DIRECTION ( 'NONE',  ( 0.9781476007338062439, 0.2079116908177564282, 0.000000000000000000 ) ) ;
#6737 = LINE ( 'NONE', #8328, #9946 ) ;
#6738 = CARTESIAN_POINT ( 'NONE',  ( 1.479999999999999982, 1.649999999999999911, -1.519554108468271991 ) ) ;
#6739 = VECTOR ( 'NONE', #7340, 1000.000000000000000 ) ;
#6740 = ADVANCED_FACE ( 'NONE', ( #3199 ), #1255, .T. ) ;
#6741 = VERTEX_POINT ( 'NONE', #6675 ) ;
#6742 = UNCERTAINTY_MEASURE_WITH_UNIT (LENGTH_MEASURE( 1.000000000000000082E-05 ), #10191, 'distance_accuracy_value', 'NONE');
#6743 = DIRECTION ( 'NONE',  ( -1.000000000000000000, -0.000000000000000000, -0.000000000000000000 ) ) ;
#6744 = EDGE_LOOP ( 'NONE', ( #7795, #10436, #1155, #9011 ) ) ;
#6745 = PRESENTATION_LAYER_ASSIGNMENT (  '', '', ( #3443 ) ) ;
#6746 = CARTESIAN_POINT ( 'NONE',  ( 1.978072250575702684, 1.850551775759737394, -1.235200384405516161 ) ) ;
#6747 = EDGE_CURVE ( 'NONE', #796, #3637, #8724, .T. ) ;
#6748 = CARTESIAN_POINT ( 'NONE',  ( 1.995142775509981092, 1.449999999999851408, -1.416120190436323867 ) ) ;
#6749 = CARTESIAN_POINT ( 'NONE',  ( -1.327268482960745510, 1.550004441289104973, -1.418611644624957258 ) ) ;
#6750 = EDGE_CURVE ( 'NONE', #9051, #9726, #166, .T. ) ;
#6751 = FACE_OUTER_BOUND ( 'NONE', #6161, .T. ) ;
#6752 =( NAMED_UNIT ( * ) SI_UNIT ( $, .STERADIAN. ) SOLID_ANGLE_UNIT ( ) );
#6753 = CARTESIAN_POINT ( 'NONE',  ( 1.919057536156686394, 1.550004441289104751, -0.7952926414032674973 ) ) ;
#6754 =( BOUNDED_SURFACE ( )  B_SPLINE_SURFACE ( 3, 2, ( 
 ( #715, #600, #4724 ),
 ( #5706, #8121, #5647 ),
 ( #8012, #8914, #651 ),
 ( #7214, #3047, #5542 ) ),
 .UNSPECIFIED., .F., .F., .F. ) 
 B_SPLINE_SURFACE_WITH_KNOTS ( ( 4, 4 ),
 ( 3, 3 ),
 ( 0.0002758777686983616929, 0.0003154662155146101504 ),
 ( 0.000000000000000000, 1.000000000000000000 ),
 .UNSPECIFIED. ) 
 GEOMETRIC_REPRESENTATION_ITEM ( )  RATIONAL_B_SPLINE_SURFACE ( (
 ( 1.000000000000000000, 0.9808805871844664681, 1.000000000000000000),
 ( 1.000000000000000000, 0.9937896904765558537, 1.000000000000000000),
 ( 1.000000000000000000, 1.000037153824649971, 1.000000000000000000),
 ( 1.000000000000000000, 1.000000000000000000, 1.000000000000000000) ) ) 
 REPRESENTATION_ITEM ( '' )  SURFACE ( )  );
#6755 = EDGE_LOOP ( 'NONE', ( #7263, #6619, #9436 ) ) ;
#6756 = DIRECTION ( 'NONE',  ( -1.000000000000000000, -0.000000000000000000, 0.000000000000000000 ) ) ;
#6757 = DIRECTION ( 'NONE',  ( 0.000000000000000000, -1.000000000000000000, -1.224646799147353207E-16 ) ) ;
#6758 = CARTESIAN_POINT ( 'NONE',  ( -0.4000000000000000222, 1.550000000000000266, 0.000000000000000000 ) ) ;
#6759 = ADVANCED_FACE ( 'NONE', ( #9123 ), #8381, .T. ) ;
#6760 = ORIENTED_EDGE ( 'NONE', *, *, #8567, .F. ) ;
#6761 = CARTESIAN_POINT ( 'NONE',  ( -2.020000000000000462, 1.795064199120779413, -1.280722272325588218 ) ) ;
#6762 =( LENGTH_UNIT ( ) NAMED_UNIT ( * ) SI_UNIT ( .MILLI., .METRE. ) );
#6763 = CYLINDRICAL_SURFACE ( 'NONE', #2151, 0.1000000000000002554 ) ;
#6764 =( NAMED_UNIT ( * ) SI_UNIT ( $, .STERADIAN. ) SOLID_ANGLE_UNIT ( ) );
#6765 = DIRECTION ( 'NONE',  ( 0.000000000000000000, 0.000000000000000000, -1.000000000000000000 ) ) ;
#6766 = CARTESIAN_POINT ( 'NONE',  ( 1.990710678118655652, 1.649999999999999911, -0.7831580054003790536 ) ) ;
#6767 = DIRECTION ( 'NONE',  ( -0.000000000000000000, 0.000000000000000000, 1.000000000000000000 ) ) ;
#6768 = ORIENTED_EDGE ( 'NONE', *, *, #8497, .F. ) ;
#6769 = CARTESIAN_POINT ( 'NONE',  ( 2.640990257669733055, 2.049999999999999822, -0.5409902576697308563 ) ) ;
#6770 = LINE ( 'NONE', #8520, #8396 ) ;
#6771 = ORIENTED_EDGE ( 'NONE', *, *, #7001, .F. ) ;
#6772 = ADVANCED_FACE ( 'NONE', ( #62 ), #168, .T. ) ;
#6773 = ORIENTED_EDGE ( 'NONE', *, *, #10228, .F. ) ;
#6774 = SURFACE_STYLE_FILL_AREA ( #6719 ) ;
#6775 = EDGE_LOOP ( 'NONE', ( #10357, #1723, #4213, #9836 ) ) ;
#6776 = CARTESIAN_POINT ( 'NONE',  ( 1.919999999999999929, 1.749999999999999778, -0.8538686835190336666 ) ) ;
#6777 = ORIENTED_EDGE ( 'NONE', *, *, #2502, .F. ) ;
#6778 = CARTESIAN_POINT ( 'NONE',  ( 1.920000000000000373, 1.849999999999999867, -0.8538686835190337776 ) ) ;
#6779 = VECTOR ( 'NONE', #10367, 1000.000000000000114 ) ;
#6780 = AXIS2_PLACEMENT_3D ( 'NONE', #3512, #10196, #1117 ) ;
#6781 = ORIENTED_EDGE ( 'NONE', *, *, #9149, .T. ) ;
#6782 =( NAMED_UNIT ( * ) PLANE_ANGLE_UNIT ( ) SI_UNIT ( $, .RADIAN. ) );
#6783 = ORIENTED_EDGE ( 'NONE', *, *, #10012, .F. ) ;
#6784 = ORIENTED_EDGE ( 'NONE', *, *, #2083, .F. ) ;
#6785 = CARTESIAN_POINT ( 'NONE',  ( -1.354314575050763469, 2.049999999999999822, -1.519554108468272213 ) ) ;
#6786 = DIRECTION ( 'NONE',  ( -0.000000000000000000, 1.000000000000000000, -0.000000000000000000 ) ) ;
#6787 = EDGE_LOOP ( 'NONE', ( #4253, #4639, #3542, #105 ) ) ;
#6788 = DIRECTION ( 'NONE',  ( -0.000000000000000000, -0.000000000000000000, 1.000000000000000000 ) ) ;
#6789 = CARTESIAN_POINT ( 'NONE',  ( -1.803678909191087198, 1.777260257245602215, 1.487586741722114247 ) ) ;
#6790 = CARTESIAN_POINT ( 'NONE',  ( -2.100000000000000089, 0.1699999985300154615, 1.355000000000000648 ) ) ;
#6791 = DIRECTION ( 'NONE',  ( 0.000000000000000000, 0.000000000000000000, -1.000000000000000000 ) ) ;
#6792 = CARTESIAN_POINT ( 'NONE',  ( 1.210883117545685783, 1.750000000000000000, -1.435139986512705690 ) ) ;
#6793 = VECTOR ( 'NONE', #278, 1000.000000000000000 ) ;
#6794 = EDGE_CURVE ( 'NONE', #4435, #7622, #7590, .T. ) ;
#6795 = ORIENTED_EDGE ( 'NONE', *, *, #1150, .T. ) ;
#6796 = SURFACE_SIDE_STYLE ('',( #4408 ) ) ;
#6797 = ORIENTED_EDGE ( 'NONE', *, *, #6678, .T. ) ;
#6798 = CARTESIAN_POINT ( 'NONE',  ( 1.023599564173221177, 1.449999999999999956, 1.519554108468272435 ) ) ;
#6799 = CARTESIAN_POINT ( 'NONE',  ( -1.947942502722566305, 1.749999999999999778, -0.7403961109355768899 ) ) ;
#6800 = MECHANICAL_DESIGN_GEOMETRIC_PRESENTATION_REPRESENTATION (  '', ( #5750 ), #1121 ) ;
#6801 = ADVANCED_FACE ( 'NONE', ( #1776 ), #3529, .F. ) ;
#6802 = CARTESIAN_POINT ( 'NONE',  ( -1.380000000000000115, 1.550000000000000266, 1.419345955666558412 ) ) ;
#6803 = DIRECTION ( 'NONE',  ( 0.7071067811865475727, -0.000000000000000000, 0.7071067811865474617 ) ) ;
#6804 = CARTESIAN_POINT ( 'NONE',  ( 1.910853531617384915, 1.449999999999999956, 0.9600000000000000755 ) ) ;
#6805 = PRESENTATION_STYLE_ASSIGNMENT (( #5986 ) ) ;
#6806 = CIRCLE ( 'NONE', #7989, 0.1000000000000000472 ) ;
#6807 = EDGE_CURVE ( 'NONE', #2722, #554, #6737, .T. ) ;
#6808 = VECTOR ( 'NONE', #5223, 1000.000000000000114 ) ;
#6809 = ORIENTED_EDGE ( 'NONE', *, *, #4345, .F. ) ;
#6810 = CARTESIAN_POINT ( 'NONE',  ( 1.975604176770530573, 1.477260098308209368, -1.435869690629616890 ) ) ;
#6811 = CARTESIAN_POINT ( 'NONE',  ( 1.961332827989557659, 1.449999999583023502, -1.461063935965043470 ) ) ;
#6812 = SURFACE_STYLE_FILL_AREA ( #8503 ) ;
#6813 = VECTOR ( 'NONE', #10062, 1000.000000000000000 ) ;
#6814 = ORIENTED_EDGE ( 'NONE', *, *, #762, .T. ) ;
#6815 = CARTESIAN_POINT ( 'NONE',  ( 1.210883117545685561, 1.650000000000000355, -1.376122650963194305 ) ) ;
#6816 = CARTESIAN_POINT ( 'NONE',  ( -1.919057536156685728, 1.826354171651158431, -1.312330037477088318 ) ) ;
#6817 = SURFACE_STYLE_FILL_AREA ( #992 ) ;
#6818 = CARTESIAN_POINT ( 'NONE',  ( 1.354314575050763247, 1.749999999999999778, 1.519554108468271991 ) ) ;
#6819 = VECTOR ( 'NONE', #9171, 1000.000000000000000 ) ;
#6820 = DIRECTION ( 'NONE',  ( 0.000000000000000000, 0.000000000000000000, -1.000000000000000000 ) ) ;
#6821 = CARTESIAN_POINT ( 'NONE',  ( -1.919137802864846698, 1.550000000000000266, -0.8799999999999998934 ) ) ;
#6822 = AXIS2_PLACEMENT_3D ( 'NONE', #4037, #776, #4908 ) ;
#6823 = EDGE_CURVE ( 'NONE', #1819, #2499, #4942, .T. ) ;
#6824 = EDGE_CURVE ( 'NONE', #2508, #8506, #7371, .T. ) ;
#6825 = AXIS2_PLACEMENT_3D ( 'NONE', #9147, #900, #198 ) ;
#6826 = CARTESIAN_POINT ( 'NONE',  ( -1.479999999999999982, 1.449999999999999956, -1.519554108468272213 ) ) ;
#6827 = CARTESIAN_POINT ( 'NONE',  ( 1.919999999999999929, 1.849999999999999645, -0.8538686835190338886 ) ) ;
#6828 = VERTEX_POINT ( 'NONE', #7425 ) ;
#6829 = ORIENTED_EDGE ( 'NONE', *, *, #2770, .F. ) ;
#6830 = CARTESIAN_POINT ( 'NONE',  ( 1.920000000000000151, 1.649999999999999911, -0.8538686835190343327 ) ) ;
#6831 = AXIS2_PLACEMENT_3D ( 'NONE', #4895, #8333, #9738 ) ;
#6832 = ORIENTED_EDGE ( 'NONE', *, *, #4572, .F. ) ;
#6833 = LINE ( 'NONE', #2805, #7443 ) ;
#6834 = EDGE_LOOP ( 'NONE', ( #1329, #6781, #2760, #9538 ) ) ;
#6835 = DIRECTION ( 'NONE',  ( 0.000000000000000000, -1.000000000000000000, 0.000000000000000000 ) ) ;
#6836 = EDGE_LOOP ( 'NONE', ( #3713, #2, #5644, #6954 ) ) ;
#6837 = LINE ( 'NONE', #266, #10121 ) ;
#6838 = AXIS2_PLACEMENT_3D ( 'NONE', #4017, #4890, #4077 ) ;
#6839 = ORIENTED_EDGE ( 'NONE', *, *, #7382, .T. ) ;
#6840 = ORIENTED_EDGE ( 'NONE', *, *, #3026, .T. ) ;
#6841 = CARTESIAN_POINT ( 'NONE',  ( 2.201952593834479277, 0.6115518992456836500, 1.354999999999999982 ) ) ;
#6842 = PLANE ( 'NONE',  #9099 ) ;
#6843 = EDGE_LOOP ( 'NONE', ( #5350, #3897, #8794, #3180 ) ) ;
#6844 =( NAMED_UNIT ( * ) PLANE_ANGLE_UNIT ( ) SI_UNIT ( $, .RADIAN. ) );
#6845 = CARTESIAN_POINT ( 'NONE',  ( 1.327268482960745510, 1.809017335549510719, 1.519554108468271325 ) ) ;
#6846 = CARTESIAN_POINT ( 'NONE',  ( -1.409289321881345591, 1.449999999999999956, 1.348427124746189643 ) ) ;
#6847 = VECTOR ( 'NONE', #1821, 1000.000000000000000 ) ;
#6848 = DIRECTION ( 'NONE',  ( -1.000000000000000000, 0.000000000000000000, 0.000000000000000000 ) ) ;
#6849 = FACE_OUTER_BOUND ( 'NONE', #9572, .T. ) ;
#6850 = MECHANICAL_DESIGN_GEOMETRIC_PRESENTATION_REPRESENTATION (  '', ( #10099 ), #1681 ) ;
#6851 = AXIS2_PLACEMENT_3D ( 'NONE', #1706, #3945, #1646 ) ;
#6852 = EDGE_LOOP ( 'NONE', ( #6627, #5846, #2117, #7420 ) ) ;
#6853 = CYLINDRICAL_SURFACE ( 'NONE', #1998, 0.09999999999999982514 ) ;
#6854 = CARTESIAN_POINT ( 'NONE',  ( 1.310883117545685650, 1.550000000000000266, 1.376122650963194527 ) ) ;
#6855 = UNCERTAINTY_MEASURE_WITH_UNIT (LENGTH_MEASURE( 1.000000000000000082E-05 ), #1831, 'distance_accuracy_value', 'NONE');
#6856 = MECHANICAL_DESIGN_GEOMETRIC_PRESENTATION_REPRESENTATION (  '', ( #7354 ), #1889 ) ;
#6857 = SURFACE_SIDE_STYLE ('',( #6629 ) ) ;
#6858 = CARTESIAN_POINT ( 'NONE',  ( -1.302305608210474697, 1.559914595814657856, -1.471581654730258037 ) ) ;
#6859 = PRESENTATION_LAYER_ASSIGNMENT (  '', '', ( #4078 ) ) ;
#6860 = DIRECTION ( 'NONE',  ( 0.7071067811865501263, 0.000000000000000000, 0.7071067811865447972 ) ) ;
#6861 = CARTESIAN_POINT ( 'NONE',  ( 1.920000000000000373, 1.749999999999999778, 0.8538686835190337776 ) ) ;
#6862 = AXIS2_PLACEMENT_3D ( 'NONE', #7489, #1792, #10076 ) ;
#6863 = ORIENTED_EDGE ( 'NONE', *, *, #5147, .T. ) ;
#6864 = CARTESIAN_POINT ( 'NONE',  ( -2.599999999999999201, 2.399999999999999911, 1.100000000000000311 ) ) ;
#6865 = SURFACE_SIDE_STYLE ('',( #5232 ) ) ;
#6866 = CARTESIAN_POINT ( 'NONE',  ( 2.020000000000000018, 1.449999999999999956, 0.9799999999999999822 ) ) ;
#6867 = VECTOR ( 'NONE', #10438, 1000.000000000000114 ) ;
#6868 = CYLINDRICAL_SURFACE ( 'NONE', #3560, 0.1000000000000000472 ) ;
#6869 = VERTEX_POINT ( 'NONE', #4999 ) ;
#6870 = LINE ( 'NONE', #5289, #7386 ) ;
#6871 = PRESENTATION_STYLE_ASSIGNMENT (( #4260 ) ) ;
#6872 = CARTESIAN_POINT ( 'NONE',  ( -1.360000000000000098, 1.550000000000000266, 1.600000000000000089 ) ) ;
#6873 = UNCERTAINTY_MEASURE_WITH_UNIT (LENGTH_MEASURE( 1.000000000000000082E-05 ), #9732, 'distance_accuracy_value', 'NONE');
#6874 = AXIS2_PLACEMENT_3D ( 'NONE', #10615, #6391, #3226 ) ;
#6875 = AXIS2_PLACEMENT_3D ( 'NONE', #7469, #3362, #9949 ) ;
#6876 = CARTESIAN_POINT ( 'NONE',  ( 1.354314575050763025, 1.550004441289104973, -1.418611644624956813 ) ) ;
#6877 = CARTESIAN_POINT ( 'NONE',  ( 1.479999999999999982, 2.049999999999999822, -1.419137802864844700 ) ) ;
#6878 = DIRECTION ( 'NONE',  ( 0.000000000000000000, -1.000000000000000000, 0.000000000000000000 ) ) ;
#6879 = CIRCLE ( 'NONE', #3587, 0.09999999999999016620 ) ;
#6880 = DIRECTION ( 'NONE',  ( -0.7071067811865456854, 0.000000000000000000, -0.7071067811865493491 ) ) ;
#6881 = UNCERTAINTY_MEASURE_WITH_UNIT (LENGTH_MEASURE( 1.000000000000000082E-05 ), #4438, 'distance_accuracy_value', 'NONE');
#6882 = DIRECTION ( 'NONE',  ( 0.7071067811865444641, -0.7071067811865505703, 0.000000000000000000 ) ) ;
#6883 = ORIENTED_EDGE ( 'NONE', *, *, #9893, .T. ) ;
#6884 = ORIENTED_EDGE ( 'NONE', *, *, #9755, .F. ) ;
#6885 =( GEOMETRIC_REPRESENTATION_CONTEXT ( 3 ) GLOBAL_UNCERTAINTY_ASSIGNED_CONTEXT ( ( #1141 ) ) GLOBAL_UNIT_ASSIGNED_CONTEXT ( ( #1490, #744, #9050 ) ) REPRESENTATION_CONTEXT ( 'NONE', 'WORKASPACE' ) );
#6886 = CARTESIAN_POINT ( 'NONE',  ( -2.100000000000000089, 1.550000000000000266, -0.8599999999999998757 ) ) ;
#6887 = ORIENTED_EDGE ( 'NONE', *, *, #2182, .T. ) ;
#6888 = EDGE_CURVE ( 'NONE', #1898, #2870, #2714, .T. ) ;
#6889 = FACE_OUTER_BOUND ( 'NONE', #9519, .T. ) ;
#6890 = EDGE_CURVE ( 'NONE', #9700, #2870, #8903, .T. ) ;
#6891 = EDGE_CURVE ( 'NONE', #8368, #1810, #9780, .T. ) ;
#6892 = VERTEX_POINT ( 'NONE', #10112 ) ;
#6893 = CARTESIAN_POINT ( 'NONE',  ( -1.761347234272320428, 1.809017335549510275, 1.519554108468272435 ) ) ;
#6894 = EDGE_CURVE ( 'NONE', #2217, #709, #8062, .T. ) ;
#6895 = COLOUR_RGB ( '',0.8431372549019607865, 0.8156862745098039102, 0.7529411764705882248 ) ;
#6896 = ORIENTED_EDGE ( 'NONE', *, *, #9444, .T. ) ;
#6897 = CARTESIAN_POINT ( 'NONE',  ( -1.820000000000000062, 1.849999999999999867, 1.419554108468272124 ) ) ;
#6898 = ORIENTED_EDGE ( 'NONE', *, *, #201, .T. ) ;
#6899 = EDGE_LOOP ( 'NONE', ( #3999, #5549, #46, #1124 ) ) ;
#6900 = CIRCLE ( 'NONE', #2237, 0.09999999999999982514 ) ;
#6901 = VECTOR ( 'NONE', #1187, 1000.000000000000000 ) ;
#6902 = MECHANICAL_DESIGN_GEOMETRIC_PRESENTATION_REPRESENTATION (  '', ( #6541 ), #9623 ) ;
#6903 = DIRECTION ( 'NONE',  ( -0.000000000000000000, -0.000000000000000000, 1.000000000000000000 ) ) ;
#6904 = CARTESIAN_POINT ( 'NONE',  ( -2.100000000000000089, 1.449999999999999956, 0.7950000000000002620 ) ) ;
#6905 = ORIENTED_EDGE ( 'NONE', *, *, #4356, .T. ) ;
#6906 = CARTESIAN_POINT ( 'NONE',  ( -1.966373092157181590, 1.458843141852524949, 1.452480336307016451 ) ) ;
#6907 = EDGE_CURVE ( 'NONE', #7841, #5304, #5314, .T. ) ;
#6908 =( NAMED_UNIT ( * ) PLANE_ANGLE_UNIT ( ) SI_UNIT ( $, .RADIAN. ) );
#6909 = DIRECTION ( 'NONE',  ( 0.7071067811865474617, 0.000000000000000000, -0.7071067811865474617 ) ) ;
#6910 =( NAMED_UNIT ( * ) SI_UNIT ( $, .STERADIAN. ) SOLID_ANGLE_UNIT ( ) );
#6911 = PLANE ( 'NONE',  #10543 ) ;
#6912 = ORIENTED_EDGE ( 'NONE', *, *, #5225, .F. ) ;
#6913 = CARTESIAN_POINT ( 'NONE',  ( 1.888614069061014034, 1.465648472318086926, 1.510108403874999006 ) ) ;
#6914 = EDGE_CURVE ( 'NONE', #2356, #6508, #2513, .T. ) ;
#6915 = CARTESIAN_POINT ( 'NONE',  ( -1.820000000000000062, 1.539480857753717125, 1.519554108468272435 ) ) ;
#6916 = AXIS2_PLACEMENT_3D ( 'NONE', #411, #6222, #1312 ) ;
#6917 = CARTESIAN_POINT ( 'NONE',  ( -1.311825581389000295, 1.649999999999983480, -1.276127092252299589 ) ) ;
#6918 =( LENGTH_UNIT ( ) NAMED_UNIT ( * ) SI_UNIT ( .MILLI., .METRE. ) );
#6919 = ORIENTED_EDGE ( 'NONE', *, *, #501, .F. ) ;
#6920 =( LENGTH_UNIT ( ) NAMED_UNIT ( * ) SI_UNIT ( .MILLI., .METRE. ) );
#6921 = DIRECTION ( 'NONE',  ( 0.000000000000000000, 0.000000000000000000, -1.000000000000000000 ) ) ;
#6922 = EDGE_CURVE ( 'NONE', #3633, #6514, #5812, .T. ) ;
#6923 =( NAMED_UNIT ( * ) SI_UNIT ( $, .STERADIAN. ) SOLID_ANGLE_UNIT ( ) );
#6924 = ORIENTED_EDGE ( 'NONE', *, *, #4001, .T. ) ;
#6925 = CYLINDRICAL_SURFACE ( 'NONE', #2228, 0.1000000000000000472 ) ;
#6926 =( NAMED_UNIT ( * ) PLANE_ANGLE_UNIT ( ) SI_UNIT ( $, .RADIAN. ) );
#6927 = DIRECTION ( 'NONE',  ( 0.7071067811865475727, 0.000000000000000000, 0.7071067811865474617 ) ) ;
#6928 = PRESENTATION_STYLE_ASSIGNMENT (( #1854 ) ) ;
#6929 = CARTESIAN_POINT ( 'NONE',  ( -1.868283040983865328, 1.450000000000017053, -1.407125496223330829 ) ) ;
#6930 = FACE_OUTER_BOUND ( 'NONE', #4417, .T. ) ;
#6931 = EDGE_CURVE ( 'NONE', #58, #10203, #845, .T. ) ;
#6932 = DIRECTION ( 'NONE',  ( 0.7071067811865491270, 0.000000000000000000, 0.7071067811865459074 ) ) ;
#6933 = CARTESIAN_POINT ( 'NONE',  ( 2.050000000000000266, 0.07000000000000022871, 0.5500000000000000444 ) ) ;
#6934 = CARTESIAN_POINT ( 'NONE',  ( -1.820000000000000062, 1.550000000000000266, -1.419554108468271902 ) ) ;
#6935 = EDGE_LOOP ( 'NONE', ( #10474, #2446, #2410, #4498, #9116, #1244 ) ) ;
#6936 = ORIENTED_EDGE ( 'NONE', *, *, #52, .T. ) ;
#6937 =( NAMED_UNIT ( * ) SI_UNIT ( $, .STERADIAN. ) SOLID_ANGLE_UNIT ( ) );
#6938 = ORIENTED_EDGE ( 'NONE', *, *, #7251, .F. ) ;
#6939 = CARTESIAN_POINT ( 'NONE',  ( -1.846839578305846441, 1.649999999999999911, 0.6979586327827718151 ) ) ;
#6940 = EDGE_CURVE ( 'NONE', #9051, #709, #2565, .T. ) ;
#6941 = VERTEX_POINT ( 'NONE', #3641 ) ;
#6942 = CARTESIAN_POINT ( 'NONE',  ( -1.804007243629380142, 1.822981538429053971, 1.418866253306647618 ) ) ;
#6943 = EDGE_CURVE ( 'NONE', #2494, #2291, #10268, .T. ) ;
#6944 = CIRCLE ( 'NONE', #1428, 0.1000000000000000472 ) ;
#6945 = ADVANCED_FACE ( 'NONE', ( #3747 ), #2880, .T. ) ;
#6946 = CARTESIAN_POINT ( 'NONE',  ( -1.399999999999999911, 0.000000000000000000, -1.449999999999999956 ) ) ;
#6947 = FACE_OUTER_BOUND ( 'NONE', #2507, .T. ) ;
#6948 = CARTESIAN_POINT ( 'NONE',  ( -1.354314575050763025, 1.849999999999999867, 1.419554108468271902 ) ) ;
#6949 = ORIENTED_EDGE ( 'NONE', *, *, #2310, .T. ) ;
#6950 = ORIENTED_EDGE ( 'NONE', *, *, #2445, .F. ) ;
#6951 = ADVANCED_FACE ( 'NONE', ( #3590 ), #8122, .T. ) ;
#6952 = CARTESIAN_POINT ( 'NONE',  ( -2.020000000000000906, 1.784571554749779576, -0.7948513479695232808 ) ) ;
#6953 = SURFACE_STYLE_FILL_AREA ( #270 ) ;
#6954 = ORIENTED_EDGE ( 'NONE', *, *, #2109, .F. ) ;
#6955 = CARTESIAN_POINT ( 'NONE',  ( -0.4000000000000000222, 1.550000000000000266, 0.000000000000000000 ) ) ;
#6956 = CARTESIAN_POINT ( 'NONE',  ( -1.975604021008832811, 1.477260257245453845, -1.435869782706140185 ) ) ;
#6957 = PRESENTATION_LAYER_ASSIGNMENT (  '', '', ( #1275 ) ) ;
#6958 = PRESENTATION_STYLE_ASSIGNMENT (( #1292 ) ) ;
#6959 = CYLINDRICAL_SURFACE ( 'NONE', #2141, 0.1000000000000000472 ) ;
#6960 = EDGE_CURVE ( 'NONE', #472, #10315, #3691, .T. ) ;
#6961 = ORIENTED_EDGE ( 'NONE', *, *, #407, .F. ) ;
#6962 = CARTESIAN_POINT ( 'NONE',  ( 2.020000000000000018, 2.049999999999999822, -0.8800000000000000044 ) ) ;
#6963 = ORIENTED_EDGE ( 'NONE', *, *, #4777, .F. ) ;
#6964 = FACE_OUTER_BOUND ( 'NONE', #7779, .T. ) ;
#6965 = UNCERTAINTY_MEASURE_WITH_UNIT (LENGTH_MEASURE( 1.000000000000000082E-05 ), #5159, 'distance_accuracy_value', 'NONE');
#6966 = DIRECTION ( 'NONE',  ( 0.7071067811865474617, 0.000000000000000000, 0.7071067811865474617 ) ) ;
#6967 = DIRECTION ( 'NONE',  ( -2.710505431213766015E-16, -0.000000000000000000, -1.000000000000000000 ) ) ;
#6968 = DIRECTION ( 'NONE',  ( 0.000000000000000000, 1.000000000000000000, 0.000000000000000000 ) ) ;
#6969 = ORIENTED_EDGE ( 'NONE', *, *, #3044, .T. ) ;
#6970 = FILL_AREA_STYLE_COLOUR ( '', #4781 ) ;
#6971 = ORIENTED_EDGE ( 'NONE', *, *, #3894, .F. ) ;
#6972 = CARTESIAN_POINT ( 'NONE',  ( 1.240172439427031259, 1.649999999999999911, 1.446833329081849584 ) ) ;
#6973 = ORIENTED_EDGE ( 'NONE', *, *, #2633, .F. ) ;
#6974 = CARTESIAN_POINT ( 'NONE',  ( 2.207596237518581805, 0.1571297137044202763, 1.649692833238015188 ) ) ;
#6975 = DIRECTION ( 'NONE',  ( -0.000000000000000000, 1.000000000000000000, -0.000000000000000000 ) ) ;
#6976 = CARTESIAN_POINT ( 'NONE',  ( -1.840142853498730302, 1.449999999999999956, -0.8892893218813450185 ) ) ;
#6977 = CARTESIAN_POINT ( 'NONE',  ( -1.910853531617384693, 1.550000000000000266, -0.8600000000000000977 ) ) ;
#6978 = FACE_OUTER_BOUND ( 'NONE', #3028, .T. ) ;
#6979 = CARTESIAN_POINT ( 'NONE',  ( -2.050000000000000266, 0.07000000000000000666, 0.5500000000000000444 ) ) ;
#6980 = STYLED_ITEM ( 'NONE', ( #9914 ), #8488 ) ;
#6981 = CARTESIAN_POINT ( 'NONE',  ( 0.3999999999999999667, 2.500000000000000000, -1.000000000000000000 ) ) ;
#6982 = LINE ( 'NONE', #10302, #1013 ) ;
#6983 = DIRECTION ( 'NONE',  ( 0.000000000000000000, -0.000000000000000000, -1.000000000000000000 ) ) ;
#6984 = VECTOR ( 'NONE', #6210, 1000.000000000000114 ) ;
#6985 = ORIENTED_EDGE ( 'NONE', *, *, #4063, .T. ) ;
#6986 = EDGE_LOOP ( 'NONE', ( #5094, #10384, #3412, #1963 ) ) ;
#6987 = EDGE_LOOP ( 'NONE', ( #5642, #5529, #2621, #9839 ) ) ;
#6988 = CARTESIAN_POINT ( 'NONE',  ( 1.735646275937244853, 1.850551775759736062, -1.477626359043974658 ) ) ;
#6989 = COLOUR_RGB ( '',0.8431372549019607865, 0.8156862745098039102, 0.7529411764705882248 ) ;
#6990 = LINE ( 'NONE', #2869, #4839 ) ;
#6991 = ORIENTED_EDGE ( 'NONE', *, *, #6940, .T. ) ;
#6992 =( GEOMETRIC_REPRESENTATION_CONTEXT ( 3 ) GLOBAL_UNCERTAINTY_ASSIGNED_CONTEXT ( ( #10064 ) ) GLOBAL_UNIT_ASSIGNED_CONTEXT ( ( #5058, #8981, #8341 ) ) REPRESENTATION_CONTEXT ( 'NONE', 'WORKASPACE' ) );
#6993 = DIRECTION ( 'NONE',  ( 0.000000000000000000, 1.000000000000000000, 0.000000000000000000 ) ) ;
#6994 = ORIENTED_EDGE ( 'NONE', *, *, #9691, .F. ) ;
#6995 = ORIENTED_EDGE ( 'NONE', *, *, #2195, .T. ) ;
#6996 = CARTESIAN_POINT ( 'NONE',  ( 2.109781477448648079, 0.1779208828024129441, 0.7949999999999999289 ) ) ;
#6997 = CARTESIAN_POINT ( 'NONE',  ( -1.995142775509890276, 1.449999999999978639, 1.416120190436488180 ) ) ;
#6998 = ORIENTED_EDGE ( 'NONE', *, *, #7393, .F. ) ;
#6999 = FACE_OUTER_BOUND ( 'NONE', #8317, .T. ) ;
#7000 = DIRECTION ( 'NONE',  ( -0.000000000000000000, 1.000000000000000000, -0.000000000000000000 ) ) ;
#7001 = EDGE_CURVE ( 'NONE', #2921, #1587, #4963, .T. ) ;
#7002 = CARTESIAN_POINT ( 'NONE',  ( 2.020000000000000018, 2.049999999999999822, -0.9799999999999999822 ) ) ;
#7003 =( GEOMETRIC_REPRESENTATION_CONTEXT ( 3 ) GLOBAL_UNCERTAINTY_ASSIGNED_CONTEXT ( ( #6855 ) ) GLOBAL_UNIT_ASSIGNED_CONTEXT ( ( #1831, #2675, #5219 ) ) REPRESENTATION_CONTEXT ( 'NONE', 'WORKASPACE' ) );
#7004 = PRESENTATION_LAYER_ASSIGNMENT (  '', '', ( #6650 ) ) ;
#7005 = ORIENTED_EDGE ( 'NONE', *, *, #1765, .F. ) ;
#7006 = CYLINDRICAL_SURFACE ( 'NONE', #6152, 1.100000000000000089 ) ;
#7007 = ORIENTED_EDGE ( 'NONE', *, *, #9806, .T. ) ;
#7008 = LINE ( 'NONE', #1953, #7917 ) ;
#7009 = MECHANICAL_DESIGN_GEOMETRIC_PRESENTATION_REPRESENTATION (  '', ( #2852 ), #306 ) ;
#7010 = DIRECTION ( 'NONE',  ( -0.7071067811865449082, -0.000000000000000000, -0.7071067811865502373 ) ) ;
#7011 = CARTESIAN_POINT ( 'NONE',  ( -1.920000000000000373, 1.749999999999999778, -1.235200384405516161 ) ) ;
#7012 = EDGE_CURVE ( 'NONE', #4734, #7199, #2776, .T. ) ;
#7013 = ADVANCED_FACE ( 'NONE', ( #8692 ), #5380, .T. ) ;
#7014 = ADVANCED_FACE ( 'NONE', ( #8642 ), #5427, .T. ) ;
#7015 = FILL_AREA_STYLE ('',( #452 ) ) ;
#7016 = VECTOR ( 'NONE', #10296, 1000.000000000000000 ) ;
#7017 = ORIENTED_EDGE ( 'NONE', *, *, #1224, .T. ) ;
#7018 = ORIENTED_EDGE ( 'NONE', *, *, #1643, .T. ) ;
#7019 = VECTOR ( 'NONE', #6968, 1000.000000000000000 ) ;
#7020 = SURFACE_SIDE_STYLE ('',( #3819 ) ) ;
#7021 = ORIENTED_EDGE ( 'NONE', *, *, #2122, .T. ) ;
#7022 =( LENGTH_UNIT ( ) NAMED_UNIT ( * ) SI_UNIT ( .MILLI., .METRE. ) );
#7023 = CIRCLE ( 'NONE', #2361, 0.01000000146998518413 ) ;
#7024 = CARTESIAN_POINT ( 'NONE',  ( 1.947942502722566305, 1.820038004349966876, 0.8110973381990249642 ) ) ;
#7025 = DIRECTION ( 'NONE',  ( -1.000000000000000000, -0.000000000000000000, -0.000000000000000000 ) ) ;
#7026 =( LENGTH_UNIT ( ) NAMED_UNIT ( * ) SI_UNIT ( .MILLI., .METRE. ) );
#7027 = CARTESIAN_POINT ( 'NONE',  ( 1.327268482960745288, 1.649999999999999911, -1.519554108468272213 ) ) ;
#7028 = DIRECTION ( 'NONE',  ( 1.000000000000000000, 0.000000000000000000, 0.000000000000000000 ) ) ;
#7029 = COLOUR_RGB ( '',0.8431372549019607865, 0.8156862745098039102, 0.7529411764705882248 ) ;
#7030 =( GEOMETRIC_REPRESENTATION_CONTEXT ( 3 ) GLOBAL_UNCERTAINTY_ASSIGNED_CONTEXT ( ( #2830 ) ) GLOBAL_UNIT_ASSIGNED_CONTEXT ( ( #1423, #621, #6538 ) ) REPRESENTATION_CONTEXT ( 'NONE', 'WORKASPACE' ) );
#7031 = LINE ( 'NONE', #9485, #506 ) ;
#7032 = LINE ( 'NONE', #4549, #2226 ) ;
#7033 = ORIENTED_EDGE ( 'NONE', *, *, #7926, .T. ) ;
#7034 = AXIS2_PLACEMENT_3D ( 'NONE', #5839, #79, #8349 ) ;
#7035 =( BOUNDED_SURFACE ( )  B_SPLINE_SURFACE ( 3, 2, ( 
 ( #7245, #4751, #3640 ),
 ( #5329, #688, #6446 ),
 ( #7798, #2337, #5622 ),
 ( #6956, #3076, #441 ) ),
 .UNSPECIFIED., .F., .F., .F. ) 
 B_SPLINE_SURFACE_WITH_KNOTS ( ( 4, 4 ),
 ( 3, 3 ),
 ( 5.497787143782141506, 6.001671104165806625 ),
 ( 0.000000000000000000, 1.000000000000000000 ),
 .UNSPECIFIED. ) 
 GEOMETRIC_REPRESENTATION_ITEM ( )  RATIONAL_B_SPLINE_SURFACE ( (
 ( 1.000000000000000000, 0.9166041491664833618, 1.000000000000000000),
 ( 1.000000000000000000, 0.9477825877805813315, 1.000000000000000000),
 ( 1.000000000000000000, 0.9694504683581458560, 1.000000000000000000),
 ( 1.000000000000000000, 0.9808805871845901470, 1.000000000000000000) ) ) 
 REPRESENTATION_ITEM ( '' )  SURFACE ( )  );
#7036 = SURFACE_SIDE_STYLE ('',( #10248 ) ) ;
#7037 = ORIENTED_EDGE ( 'NONE', *, *, #4340, .T. ) ;
#7038 = FACE_OUTER_BOUND ( 'NONE', #6775, .T. ) ;
#7039 = EDGE_CURVE ( 'NONE', #8540, #7061, #9864, .T. ) ;
#7040 = EDGE_CURVE ( 'NONE', #4719, #8414, #8202, .T. ) ;
#7041 = VERTEX_POINT ( 'NONE', #2486 ) ;
#7042 = CARTESIAN_POINT ( 'NONE',  ( 2.000000000000000888, 1.449999999999999956, -1.500000000000000000 ) ) ;
#7043 = COLOUR_RGB ( '',1.000000000000000000, 1.000000000000000000, 1.000000000000000000 ) ;
#7044 = VECTOR ( 'NONE', #5481, 1000.000000000000000 ) ;
#7045 =( BOUNDED_SURFACE ( )  B_SPLINE_SURFACE ( 3, 2, ( 
 ( #4650, #3015, #6327 ),
 ( #1272, #1323, #7936 ),
 ( #470, #2917, #2175 ),
 ( #4599, #6276, #5361 ) ),
 .UNSPECIFIED., .F., .F., .T. ) 
 B_SPLINE_SURFACE_WITH_KNOTS ( ( 4, 4 ),
 ( 3, 3 ),
 ( 0.2815142030153202080, 0.7853981633974501664 ),
 ( 0.000000000000000000, 1.000000000000000000 ),
 .UNSPECIFIED. ) 
 GEOMETRIC_REPRESENTATION_ITEM ( )  RATIONAL_B_SPLINE_SURFACE ( (
 ( 1.000000000000000000, 0.9808805871844852309, 1.000000000000000000),
 ( 1.000000000000000000, 0.9694504683580126292, 1.000000000000000000),
 ( 1.000000000000000000, 0.9477825877804855192, 1.000000000000000000),
 ( 1.000000000000000000, 0.9166041491664823626, 1.000000000000000000) ) ) 
 REPRESENTATION_ITEM ( '' )  SURFACE ( )  );
#7046 = CARTESIAN_POINT ( 'NONE',  ( 2.020000000000000018, 1.649999999999999911, -0.8538686835190342217 ) ) ;
#7047 = ORIENTED_EDGE ( 'NONE', *, *, #9493, .T. ) ;
#7048 = PRESENTATION_STYLE_ASSIGNMENT (( #3795 ) ) ;
#7049 = EDGE_LOOP ( 'NONE', ( #2497, #5905, #7534, #2253 ) ) ;
#7050 = VERTEX_POINT ( 'NONE', #8302 ) ;
#7051 = EDGE_CURVE ( 'NONE', #4398, #5688, #5137, .T. ) ;
#7052 = DIRECTION ( 'NONE',  ( -0.7071067811865456854, 0.000000000000000000, 0.7071067811865493491 ) ) ;
#7053 = ORIENTED_EDGE ( 'NONE', *, *, #6607, .F. ) ;
#7054 = CARTESIAN_POINT ( 'NONE',  ( -1.990710678118655208, 1.849999999999999867, 0.7831580054003789426 ) ) ;
#7055 = DIRECTION ( 'NONE',  ( 0.000000000000000000, -1.000000000000000000, 0.000000000000000000 ) ) ;
#7056 = STYLED_ITEM ( 'NONE', ( #466 ), #7271 ) ;
#7057 = SURFACE_STYLE_FILL_AREA ( #9340 ) ;
#7058 = DIRECTION ( 'NONE',  ( 0.000000000000000000, 0.000000000000000000, 1.000000000000000000 ) ) ;
#7059 = EDGE_CURVE ( 'NONE', #8591, #2901, #8253, .T. ) ;
#7060 = AXIS2_PLACEMENT_3D ( 'NONE', #164, #9996, #1025 ) ;
#7061 = VERTEX_POINT ( 'NONE', #2439 ) ;
#7062 = CIRCLE ( 'NONE', #13, 0.09999999999999982514 ) ;
#7063 = CARTESIAN_POINT ( 'NONE',  ( -1.399999999999999245, 0.07000000000000000666, 1.550000000000000044 ) ) ;
#7064 = ADVANCED_FACE ( 'NONE', ( #6551 ), #6599, .T. ) ;
#7065 = VERTEX_POINT ( 'NONE', #5781 ) ;
#7066 = CARTESIAN_POINT ( 'NONE',  ( 1.820000000000000062, 1.550000000000000266, 1.319554108468271814 ) ) ;
#7067 = DIRECTION ( 'NONE',  ( 0.000000000000000000, -0.000000000000000000, -1.000000000000000000 ) ) ;
#7068 = DIRECTION ( 'NONE',  ( 0.7071067811865475727, -0.000000000000000000, -0.7071067811865474617 ) ) ;
#7069 = EDGE_CURVE ( 'NONE', #4168, #1017, #524, .T. ) ;
#7070 = STYLED_ITEM ( 'NONE', ( #3687 ), #3860 ) ;
#7071 = ORIENTED_EDGE ( 'NONE', *, *, #8112, .T. ) ;
#7072 = EDGE_CURVE ( 'NONE', #6741, #2718, #2249, .T. ) ;
#7073 = CARTESIAN_POINT ( 'NONE',  ( -2.517157287525380482, 2.499999999999999556, 1.058578643762690730 ) ) ;
#7074 = CARTESIAN_POINT ( 'NONE',  ( -1.988032633253842940, 1.566741114999318008, 1.387586741722113937 ) ) ;
#7075 = ORIENTED_EDGE ( 'NONE', *, *, #5804, .F. ) ;
#7076 = COLOUR_RGB ( '',0.8431372549019607865, 0.8156862745098039102, 0.7529411764705882248 ) ;
#7077 = CARTESIAN_POINT ( 'NONE',  ( -1.500000000000000000, 0.000000000000000000, -1.500000000000000000 ) ) ;
#7078 = EDGE_LOOP ( 'NONE', ( #10000, #6949, #6022, #8501 ) ) ;
#7079 = DIRECTION ( 'NONE',  ( -1.000000000000000000, 0.000000000000000000, 0.000000000000000000 ) ) ;
#7080 = EDGE_CURVE ( 'NONE', #5203, #4716, #1753, .T. ) ;
#7081 =( NAMED_UNIT ( * ) PLANE_ANGLE_UNIT ( ) SI_UNIT ( $, .RADIAN. ) );
#7082 = CARTESIAN_POINT ( 'NONE',  ( 1.761347234272319984, 1.849995558710894494, 1.418611644624957924 ) ) ;
#7083 = LINE ( 'NONE', #10346, #618 ) ;
#7084 = CARTESIAN_POINT ( 'NONE',  ( 1.919057536156685284, 1.808576042115767279, -0.7538731248081389502 ) ) ;
#7085 = DIRECTION ( 'NONE',  ( -0.000000000000000000, 0.000000000000000000, 1.000000000000000000 ) ) ;
#7086 = CARTESIAN_POINT ( 'NONE',  ( -1.920000000000000373, 1.649999999999999911, 1.319554108468272036 ) ) ;
#7087 = AXIS2_PLACEMENT_3D ( 'NONE', #8612, #7817, #461 ) ;
#7088 = FACE_OUTER_BOUND ( 'NONE', #5818, .T. ) ;
#7089 = ADVANCED_FACE ( 'NONE', ( #9821 ), #37, .F. ) ;
#7090 = DIRECTION ( 'NONE',  ( 0.000000000000000000, -1.000000000000000000, -0.000000000000000000 ) ) ;
#7091 = LINE ( 'NONE', #6178, #5832 ) ;
#7092 = ORIENTED_EDGE ( 'NONE', *, *, #7331, .F. ) ;
#7093 = FILL_AREA_STYLE_COLOUR ( '', #10113 ) ;
#7094 = ORIENTED_EDGE ( 'NONE', *, *, #141, .F. ) ;
#7095 = CARTESIAN_POINT ( 'NONE',  ( 2.109781477445200615, 0.1779208827861960274, 1.649692833238015188 ) ) ;
#7096 = VERTEX_POINT ( 'NONE', #1593 ) ;
#7097 = CARTESIAN_POINT ( 'NONE',  ( -1.961421356237310176, 1.449999999999999734, 1.460975464705581484 ) ) ;
#7098 = DIRECTION ( 'NONE',  ( 1.000000000000000000, -0.000000000000000000, 0.000000000000000000 ) ) ;
#7099 =( BOUNDED_SURFACE ( )  B_SPLINE_SURFACE ( 3, 3, ( 
 ( #5663, #8930, #1581, #7328 ),
 ( #10601, #3210, #6531, #9804 ),
 ( #332, #8537, #10266, #9389 ),
 ( #9958, #5824, #2774, #9337 ) ),
 .UNSPECIFIED., .F., .F., .T. ) 
 B_SPLINE_SURFACE_WITH_KNOTS ( ( 4, 4 ),
 ( 4, 4 ),
 ( 0.000000000000000000, 1.000000000000000000 ),
 ( 0.000000000000000000, 1.000000000000000000 ),
 .UNSPECIFIED. ) 
 GEOMETRIC_REPRESENTATION_ITEM ( )  RATIONAL_B_SPLINE_SURFACE ( (
 ( 1.000000000000000000, 0.8854898804333929396, 0.8854898804333929396, 1.000000000000000000),
 ( 0.8025111867385922304, 0.7106155347916163212, 0.7106155347916163212, 0.8025111867385922304),
 ( 0.8025111867385922304, 0.7106155347916163212, 0.7106155347916163212, 0.8025111867385922304),
 ( 1.000000000000000000, 0.8854898804333929396, 0.8854898804333929396, 1.000000000000000000) ) ) 
 REPRESENTATION_ITEM ( '' )  SURFACE ( )  );
#7100 = ORIENTED_EDGE ( 'NONE', *, *, #1800, .F. ) ;
#7101 = CARTESIAN_POINT ( 'NONE',  ( -1.910853531617384693, 1.550000000000000266, 0.8600000000000000977 ) ) ;
#7102 = ORIENTED_EDGE ( 'NONE', *, *, #2440, .F. ) ;
#7103 = VERTEX_POINT ( 'NONE', #1703 ) ;
#7104 = CARTESIAN_POINT ( 'NONE',  ( 2.000000000000000888, 1.449999999999999956, 1.500000000000000000 ) ) ;
#7105 = ORIENTED_EDGE ( 'NONE', *, *, #1660, .F. ) ;
#7106 = DIRECTION ( 'NONE',  ( 0.000000000000000000, 0.000000000000000000, -1.000000000000000000 ) ) ;
#7107 = FACE_OUTER_BOUND ( 'NONE', #2545, .T. ) ;
#7108 = DIRECTION ( 'NONE',  ( 0.000000000000000000, -1.000000000000000000, 0.000000000000000000 ) ) ;
#7109 =( NAMED_UNIT ( * ) PLANE_ANGLE_UNIT ( ) SI_UNIT ( $, .RADIAN. ) );
#7110 = ORIENTED_EDGE ( 'NONE', *, *, #8345, .T. ) ;
#7111 = CARTESIAN_POINT ( 'NONE',  ( 0.3999999999999999667, 2.500000000000000000, 0.000000000000000000 ) ) ;
#7112 = EDGE_LOOP ( 'NONE', ( #9475, #9882, #4009, #5860, #10307 ) ) ;
#7113 =( NAMED_UNIT ( * ) SI_UNIT ( $, .STERADIAN. ) SOLID_ANGLE_UNIT ( ) );
#7114 = SURFACE_SIDE_STYLE ('',( #4411 ) ) ;
#7115 = DIRECTION ( 'NONE',  ( -0.000000000000000000, -1.000000000000000000, 0.000000000000000000 ) ) ;
#7116 = CARTESIAN_POINT ( 'NONE',  ( -1.735646275937244409, 1.749999999999999778, -1.419554108468273013 ) ) ;
#7117 = CARTESIAN_POINT ( 'NONE',  ( -0.3999999999999999667, 1.550000000000000266, -1.259999999999999787 ) ) ;
#7118 = CARTESIAN_POINT ( 'NONE',  ( -2.100000000000000089, 0.06999999999999996503, 0.000000000000000000 ) ) ;
#7119 = AXIS2_PLACEMENT_3D ( 'NONE', #6776, #7571, #5736 ) ;
#7120 = ORIENTED_EDGE ( 'NONE', *, *, #6009, .F. ) ;
#7121 = CARTESIAN_POINT ( 'NONE',  ( 2.207596236799650224, 0.1571297138572338992, 0.7950000000000000400 ) ) ;
#7122 = CARTESIAN_POINT ( 'NONE',  ( -2.100000000000000089, 0.06999999926500789782, 0.7950000000000002620 ) ) ;
#7123 = ORIENTED_EDGE ( 'NONE', *, *, #1997, .T. ) ;
#7124 =( NAMED_UNIT ( * ) SI_UNIT ( $, .STERADIAN. ) SOLID_ANGLE_UNIT ( ) );
#7125 = ORIENTED_EDGE ( 'NONE', *, *, #1015, .F. ) ;
#7126 = DIRECTION ( 'NONE',  ( 0.000000000000000000, -1.000000000000000000, 0.000000000000000000 ) ) ;
#7127 = CARTESIAN_POINT ( 'NONE',  ( 1.327268482960745510, 1.550004441289104751, 1.418611644624957258 ) ) ;
#7128 = DIRECTION ( 'NONE',  ( 0.000000000000000000, 0.000000000000000000, 1.000000000000000000 ) ) ;
#7129 = FACE_OUTER_BOUND ( 'NONE', #2811, .T. ) ;
#7130 = SURFACE_SIDE_STYLE ('',( #1222 ) ) ;
#7131 = DIRECTION ( 'NONE',  ( -0.000000000000000000, -0.000000000000000000, 1.000000000000000000 ) ) ;
#7132 = EDGE_CURVE ( 'NONE', #8167, #4008, #4862, .T. ) ;
#7133 = CARTESIAN_POINT ( 'NONE',  ( 2.049999999999999822, 1.449999999999999956, -1.586602540378444059 ) ) ;
#7134 = CARTESIAN_POINT ( 'NONE',  ( -1.876568542494923664, 1.550000000000000266, 0.8104372260139570683 ) ) ;
#7135 = VERTEX_POINT ( 'NONE', #1642 ) ;
#7136 = CARTESIAN_POINT ( 'NONE',  ( -2.100000000000000089, 1.449999999999999956, -1.354999999999999982 ) ) ;
#7137 = CARTESIAN_POINT ( 'NONE',  ( 1.910853531617384915, 1.550000000000000266, -0.9600000000000000755 ) ) ;
#7138 = PRESENTATION_LAYER_ASSIGNMENT (  '', '', ( #6980 ) ) ;
#7139 = DIRECTION ( 'NONE',  ( 0.000000000000000000, 0.000000000000000000, -1.000000000000000000 ) ) ;
#7140 = EDGE_CURVE ( 'NONE', #1017, #4934, #841, .T. ) ;
#7141 = ADVANCED_FACE ( 'NONE', ( #4158 ), #5228, .T. ) ;
#7142 = VECTOR ( 'NONE', #9513, 1000.000000000000000 ) ;
#7143 = CARTESIAN_POINT ( 'NONE',  ( -1.210883117545685561, 1.531965328900978696, 1.435139986512705024 ) ) ;
#7144 = CARTESIAN_POINT ( 'NONE',  ( -2.100000000000000089, 0.1800000000000006317, -1.354999999999999982 ) ) ;
#7145 = CARTESIAN_POINT ( 'NONE',  ( -2.299767353907860024, 0.5907607301639082875, -1.355000000000000204 ) ) ;
#7146 = VERTEX_POINT ( 'NONE', #2592 ) ;
#7147 = VERTEX_POINT ( 'NONE', #2026 ) ;
#7148 = DIRECTION ( 'NONE',  ( -0.000000000000000000, 0.000000000000000000, 1.000000000000000000 ) ) ;
#7149 = VECTOR ( 'NONE', #7776, 1000.000000000000000 ) ;
#7150 = ORIENTED_EDGE ( 'NONE', *, *, #2260, .F. ) ;
#7151 = DIRECTION ( 'NONE',  ( 0.000000000000000000, -1.000000000000000000, 0.000000000000000000 ) ) ;
#7152 = ORIENTED_EDGE ( 'NONE', *, *, #7840, .T. ) ;
#7153 = CARTESIAN_POINT ( 'NONE',  ( -1.283271467065780991, 1.608465559789773680, 1.489930786479060965 ) ) ;
#7154 = VECTOR ( 'NONE', #7690, 1000.000000000000000 ) ;
#7155 = VECTOR ( 'NONE', #10606, 1000.000000000000000 ) ;
#7156 = EDGE_LOOP ( 'NONE', ( #5373, #384, #3841, #2652 ) ) ;
#7157 = AXIS2_PLACEMENT_3D ( 'NONE', #8717, #7874, #519 ) ;
#7158 = ORIENTED_EDGE ( 'NONE', *, *, #3750, .T. ) ;
#7159 =( NAMED_UNIT ( * ) SI_UNIT ( $, .STERADIAN. ) SOLID_ANGLE_UNIT ( ) );
#7160 = LINE ( 'NONE', #8011, #2087 ) ;
#7161 = CYLINDRICAL_SURFACE ( 'NONE', #3516, 0.1000000000000000472 ) ;
#7162 = VECTOR ( 'NONE', #3306, 1000.000000000000000 ) ;
#7163 = EDGE_CURVE ( 'NONE', #8054, #4116, #9148, .T. ) ;
#7164 = SURFACE_STYLE_FILL_AREA ( #7961 ) ;
#7165 = CARTESIAN_POINT ( 'NONE',  ( -1.354314575050763025, 1.749999999999999778, -1.419554108468271902 ) ) ;
#7166 = PRESENTATION_LAYER_ASSIGNMENT (  '', '', ( #4236 ) ) ;
#7167 = DIRECTION ( 'NONE',  ( 0.000000000000000000, -1.000000000000000000, 0.000000000000000000 ) ) ;
#7168 = CARTESIAN_POINT ( 'NONE',  ( -1.848427124746192307, 1.449999999999999956, -0.9092893218813449252 ) ) ;
#7169 = ORIENTED_EDGE ( 'NONE', *, *, #3683, .T. ) ;
#7170 = CARTESIAN_POINT ( 'NONE',  ( -1.961421356237310176, 1.449999999999999734, 1.460975464705581484 ) ) ;
#7171 = ORIENTED_EDGE ( 'NONE', *, *, #5664, .F. ) ;
#7172 = FACE_OUTER_BOUND ( 'NONE', #8025, .T. ) ;
#7173 = DIRECTION ( 'NONE',  ( 0.000000000000000000, 0.000000000000000000, 1.000000000000000000 ) ) ;
#7174 = LINE ( 'NONE', #1418, #2888 ) ;
#7175 = DIRECTION ( 'NONE',  ( -1.000000000000000000, 0.000000000000000000, 0.000000000000000000 ) ) ;
#7176 = DIRECTION ( 'NONE',  ( 0.000000000000000000, -1.000000000000000000, 0.000000000000000000 ) ) ;
#7177 = DIRECTION ( 'NONE',  ( -0.7071067811865486830, 0.000000000000000000, -0.7071067811865464625 ) ) ;
#7178 = CYLINDRICAL_SURFACE ( 'NONE', #9952, 0.1000000000000000472 ) ;
#7179 = FILL_AREA_STYLE_COLOUR ( '', #2046 ) ;
#7180 = EDGE_CURVE ( 'NONE', #10326, #7982, #1175, .T. ) ;
#7181 = MECHANICAL_DESIGN_GEOMETRIC_PRESENTATION_REPRESENTATION (  '', ( #3037 ), #2198 ) ;
#7182 = ORIENTED_EDGE ( 'NONE', *, *, #4326, .T. ) ;
#7183 = CARTESIAN_POINT ( 'NONE',  ( -1.379999999999999893, 2.049999999999999822, 1.519554108468272213 ) ) ;
#7184 = DIRECTION ( 'NONE',  ( -1.000000000000000000, 0.000000000000000000, 0.000000000000000000 ) ) ;
#7185 = CARTESIAN_POINT ( 'NONE',  ( -1.846839578305846219, 1.862473597731678199, 0.8114972960866296825 ) ) ;
#7186 = AXIS2_PLACEMENT_3D ( 'NONE', #184, #3374, #6051 ) ;
#7187 = CARTESIAN_POINT ( 'NONE',  ( -1.952926364775198209, 1.458843411121426570, 1.465926955783117380 ) ) ;
#7188 = LINE ( 'NONE', #6394, #3875 ) ;
#7189 = EDGE_CURVE ( 'NONE', #3525, #10326, #5150, .T. ) ;
#7190 = AXIS2_PLACEMENT_3D ( 'NONE', #8093, #5615, #5675 ) ;
#7191 =( GEOMETRIC_REPRESENTATION_CONTEXT ( 3 ) GLOBAL_UNCERTAINTY_ASSIGNED_CONTEXT ( ( #9400 ) ) GLOBAL_UNIT_ASSIGNED_CONTEXT ( ( #986, #3319, #8399 ) ) REPRESENTATION_CONTEXT ( 'NONE', 'WORKASPACE' ) );
#7192 = LINE ( 'NONE', #8050, #5635 ) ;
#7193 = VECTOR ( 'NONE', #3018, 1000.000000000000000 ) ;
#7194 = CARTESIAN_POINT ( 'NONE',  ( -1.919057536156685284, 1.808576042115767279, 0.7538731248081389502 ) ) ;
#7195 = CARTESIAN_POINT ( 'NONE',  ( -1.919137802864846920, 2.049999999999999822, 0.8800000000000000044 ) ) ;
#7196 = EDGE_CURVE ( 'NONE', #7474, #2704, #3455, .T. ) ;
#7197 = EDGE_CURVE ( 'NONE', #8116, #2494, #1379, .T. ) ;
#7198 = ORIENTED_EDGE ( 'NONE', *, *, #6607, .T. ) ;
#7199 = VERTEX_POINT ( 'NONE', #361 ) ;
#7200 = COLOUR_RGB ( '',1.000000000000000000, 1.000000000000000000, 1.000000000000000000 ) ;
#7201 = EDGE_LOOP ( 'NONE', ( #5963, #7628, #231, #8779 ) ) ;
#7202 = CARTESIAN_POINT ( 'NONE',  ( -1.961421356237310176, 1.449999999999999734, 1.460975464705581484 ) ) ;
#7203 = ORIENTED_EDGE ( 'NONE', *, *, #8303, .F. ) ;
#7204 = ADVANCED_FACE ( 'NONE', ( #6930 ), #3503, .F. ) ;
#7205 = CARTESIAN_POINT ( 'NONE',  ( 1.961480346507098904, 1.449999999999991962, -1.460916455325584229 ) ) ;
#7206 = STYLED_ITEM ( 'NONE', ( #3324 ), #5358 ) ;
#7207 = MECHANICAL_DESIGN_GEOMETRIC_PRESENTATION_REPRESENTATION (  '', ( #1202 ), #2889 ) ;
#7208 = VECTOR ( 'NONE', #9533, 1000.000000000000000 ) ;
#7209 = EDGE_LOOP ( 'NONE', ( #4391, #4761, #4330, #5538 ) ) ;
#7210 = ADVANCED_FACE ( 'NONE', ( #5196 ), #2644, .T. ) ;
#7211 = VERTEX_POINT ( 'NONE', #2694 ) ;
#7212 = VECTOR ( 'NONE', #7614, 1000.000000000000114 ) ;
#7213 = DIRECTION ( 'NONE',  ( -0.7071067811865474617, 0.000000000000000000, -0.7071067811865474617 ) ) ;
#7214 = CARTESIAN_POINT ( 'NONE',  ( 1.961421356237310176, 1.449999999999999956, 1.460975464705581262 ) ) ;
#7215 = PLANE ( 'NONE',  #2999 ) ;
#7216 =( NAMED_UNIT ( * ) SI_UNIT ( $, .STERADIAN. ) SOLID_ANGLE_UNIT ( ) );
#7217 = DIRECTION ( 'NONE',  ( 0.000000000000000000, -0.000000000000000000, -1.000000000000000000 ) ) ;
#7218 = CIRCLE ( 'NONE', #8742, 0.1000000000000000472 ) ;
#7219 = AXIS2_PLACEMENT_3D ( 'NONE', #10095, #2703, #2547 ) ;
#7220 = SURFACE_SIDE_STYLE ('',( #605 ) ) ;
#7221 = LINE ( 'NONE', #2312, #4444 ) ;
#7222 = EDGE_CURVE ( 'NONE', #1262, #30, #1060, .T. ) ;
#7223 = VERTEX_POINT ( 'NONE', #6821 ) ;
#7224 = CARTESIAN_POINT ( 'NONE',  ( 2.020000000000000462, 1.750000000000000000, 0.7948513479695232808 ) ) ;
#7225 = LINE ( 'NONE', #7277, #2568 ) ;
#7226 = ORIENTED_EDGE ( 'NONE', *, *, #1047, .T. ) ;
#7227 = DIRECTION ( 'NONE',  ( 0.000000000000000000, -1.000000000000000000, 0.000000000000000000 ) ) ;
#7228 = CARTESIAN_POINT ( 'NONE',  ( 1.311825581389000295, 1.649999999999999911, 1.476118209674089465 ) ) ;
#7229 = VECTOR ( 'NONE', #7322, 1000.000000000000000 ) ;
#7230 = CARTESIAN_POINT ( 'NONE',  ( 1.820000000000000062, 1.849999999999999867, 1.419554108468272124 ) ) ;
#7231 = LINE ( 'NONE', #7819, #1300 ) ;
#7232 = CARTESIAN_POINT ( 'NONE',  ( -1.283271467065781213, 1.820764999460560141, 1.460423429269553042 ) ) ;
#7233 = DIRECTION ( 'NONE',  ( 0.7071067811865464625, 0.000000000000000000, -0.7071067811865487940 ) ) ;
#7234 = CARTESIAN_POINT ( 'NONE',  ( 1.735646275937244853, 1.849999999999999867, 1.419554108468272569 ) ) ;
#7235 = VECTOR ( 'NONE', #9842, 1000.000000000000000 ) ;
#7236 = ADVANCED_FACE ( 'NONE', ( #10088 ), #6008, .T. ) ;
#7237 = CARTESIAN_POINT ( 'NONE',  ( 1.888032633253842407, 1.566741114999319784, 1.487586741722114470 ) ) ;
#7238 = DIRECTION ( 'NONE',  ( 0.7071067811865456854, 0.000000000000000000, 0.7071067811865493491 ) ) ;
#7239 = VERTEX_POINT ( 'NONE', #4377 ) ;
#7240 =( NAMED_UNIT ( * ) PLANE_ANGLE_UNIT ( ) SI_UNIT ( $, .RADIAN. ) );
#7241 = FACE_OUTER_BOUND ( 'NONE', #6843, .T. ) ;
#7242 = DIRECTION ( 'NONE',  ( -0.000000000000000000, -0.000000000000000000, 1.000000000000000000 ) ) ;
#7243 = CARTESIAN_POINT ( 'NONE',  ( -1.210883117545685561, 1.868034671099021438, -1.435139986512705246 ) ) ;
#7244 = AXIS2_PLACEMENT_3D ( 'NONE', #2281, #5323, #5261 ) ;
#7245 = CARTESIAN_POINT ( 'NONE',  ( -1.988032633253842940, 1.566741114999318452, -1.387586741722114159 ) ) ;
#7246 = EDGE_CURVE ( 'NONE', #5584, #2817, #7664, .T. ) ;
#7247 = CARTESIAN_POINT ( 'NONE',  ( 1.944586975188397071, 1.467998118266436780, 1.470598110581978313 ) ) ;
#7248 = VECTOR ( 'NONE', #7067, 1000.000000000000000 ) ;
#7249 = DIRECTION ( 'NONE',  ( -0.7071067811865456854, -0.000000000000000000, 0.7071067811865493491 ) ) ;
#7250 = CARTESIAN_POINT ( 'NONE',  ( 1.311825581389000295, 1.949991117421789655, 1.476118209674089687 ) ) ;
#7251 = EDGE_CURVE ( 'NONE', #4716, #93, #6024, .T. ) ;
#7252 = ORIENTED_EDGE ( 'NONE', *, *, #9689, .T. ) ;
#7253 = ORIENTED_EDGE ( 'NONE', *, *, #7196, .T. ) ;
#7254 = DIRECTION ( 'NONE',  ( 0.000000000000000000, -1.000000000000000000, -0.000000000000000000 ) ) ;
#7255 = VERTEX_POINT ( 'NONE', #1161 ) ;
#7256 = CARTESIAN_POINT ( 'NONE',  ( 1.460000000000000187, 1.449999999999999956, 0.8600000000000000977 ) ) ;
#7257 = ORIENTED_EDGE ( 'NONE', *, *, #3207, .T. ) ;
#7258 = LINE ( 'NONE', #3137, #6368 ) ;
#7259 = ADVANCED_FACE ( 'NONE', ( #4426 ), #3612, .T. ) ;
#7260 = EDGE_CURVE ( 'NONE', #378, #5791, #3930, .T. ) ;
#7261 = EDGE_LOOP ( 'NONE', ( #8535, #6863, #3509, #9414, #9940, #7491 ) ) ;
#7262 = ORIENTED_EDGE ( 'NONE', *, *, #4740, .T. ) ;
#7263 = ORIENTED_EDGE ( 'NONE', *, *, #9240, .F. ) ;
#7264 = ORIENTED_EDGE ( 'NONE', *, *, #953, .T. ) ;
#7265 = SURFACE_STYLE_FILL_AREA ( #3356 ) ;
#7266 = LINE ( 'NONE', #4678, #9280 ) ;
#7267 = DIRECTION ( 'NONE',  ( 0.000000000000000000, 0.000000000000000000, 1.000000000000000000 ) ) ;
#7268 = CARTESIAN_POINT ( 'NONE',  ( -1.919137802864846920, 2.049999999999999822, -0.8799999999999998934 ) ) ;
#7269 = SURFACE_STYLE_USAGE ( .BOTH. , #3968 ) ;
#7270 = PRESENTATION_STYLE_ASSIGNMENT (( #3915 ) ) ;
#7271 = ADVANCED_FACE ( 'NONE', ( #2171 ), #10396, .F. ) ;
#7272 = DIRECTION ( 'NONE',  ( 0.000000000000000000, 0.000000000000000000, -1.000000000000000000 ) ) ;
#7273 = CARTESIAN_POINT ( 'NONE',  ( -1.848427124746192307, 1.550000000000000266, -0.9092893218813449252 ) ) ;
#7274 = ORIENTED_EDGE ( 'NONE', *, *, #9959, .F. ) ;
#7276 = DIRECTION ( 'NONE',  ( -0.000000000000000000, -1.000000000000000000, -3.349657289068619730E-13 ) ) ;
#7275 = LINE ( 'NONE', #10596, #1859 ) ;
#7277 = CARTESIAN_POINT ( 'NONE',  ( -2.100000000000000089, 1.550000000000000266, 1.410853531617383361 ) ) ;
#7278 = FACE_OUTER_BOUND ( 'NONE', #6987, .T. ) ;
#7279 = FACE_OUTER_BOUND ( 'NONE', #6935, .T. ) ;
#7280 = CARTESIAN_POINT ( 'NONE',  ( 2.100000000000000977, 1.399999999999999689, 1.536602540378444459 ) ) ;
#7281 = CARTESIAN_POINT ( 'NONE',  ( 0.4000000000000000777, 1.449999999999999956, 1.259999999999999787 ) ) ;
#7282 = CARTESIAN_POINT ( 'NONE',  ( -1.479999999999999982, 1.649999999999999911, -1.519554108468272213 ) ) ;
#7283 = DIRECTION ( 'NONE',  ( -0.7071067811865501263, 0.000000000000000000, -0.7071067811865447972 ) ) ;
#7284 = FACE_OUTER_BOUND ( 'NONE', #3468, .T. ) ;
#7285 = PLANE ( 'NONE',  #5468 ) ;
#7286 = DIRECTION ( 'NONE',  ( 0.000000000000000000, 0.000000000000000000, -1.000000000000000000 ) ) ;
#7287 = ORIENTED_EDGE ( 'NONE', *, *, #8232, .F. ) ;
#7288 = CARTESIAN_POINT ( 'NONE',  ( 2.100000000000000089, 0.06999999926500789782, -0.7949999999999999289 ) ) ;
#7289 = LINE ( 'NONE', #3169, #2208 ) ;
#7290 = CARTESIAN_POINT ( 'NONE',  ( -1.906297506684001553, 1.862473597731678199, 0.8114972960866296825 ) ) ;
#7291 = CARTESIAN_POINT ( 'NONE',  ( 1.961421356237310176, 1.449999999999999956, 1.460975464705581262 ) ) ;
#7292 = DIRECTION ( 'NONE',  ( 0.2079116908177564282, 0.9781476007338062439, -0.000000000000000000 ) ) ;
#7293 = CARTESIAN_POINT ( 'NONE',  ( 1.936315582161188820, 1.477260098308399439, 1.475158285238883371 ) ) ;
#7294 = CARTESIAN_POINT ( 'NONE',  ( -2.020000000000000462, 1.809017335549510719, 0.8538686835190341107 ) ) ;
#7295 = CARTESIAN_POINT ( 'NONE',  ( 1.961421356237310176, 1.449999999999999734, -1.460975464705581484 ) ) ;
#7296 = CARTESIAN_POINT ( 'NONE',  ( 1.252810866969983561, 1.951103551519473456, 1.476674426722931033 ) ) ;
#7297 = AXIS2_PLACEMENT_3D ( 'NONE', #3451, #4423, #6061 ) ;
#7298 = ORIENTED_EDGE ( 'NONE', *, *, #8694, .T. ) ;
#7299 = ORIENTED_EDGE ( 'NONE', *, *, #6251, .T. ) ;
#7300 = VERTEX_POINT ( 'NONE', #3723 ) ;
#7301 = DIRECTION ( 'NONE',  ( -0.7071067811865486830, 0.000000000000000000, 0.7071067811865464625 ) ) ;
#7302 = CARTESIAN_POINT ( 'NONE',  ( 1.460000000000000187, 1.449999999999999956, -0.8599999999999998757 ) ) ;
#7303 = PRESENTATION_LAYER_ASSIGNMENT (  '', '', ( #1467 ) ) ;
#7304 = VECTOR ( 'NONE', #8977, 1000.000000000000000 ) ;
#7305 = ORIENTED_EDGE ( 'NONE', *, *, #8017, .F. ) ;
#7306 = ORIENTED_EDGE ( 'NONE', *, *, #6890, .T. ) ;
#7307 = AXIS2_PLACEMENT_3D ( 'NONE', #1229, #7276, #3108 ) ;
#7308 = VERTEX_POINT ( 'NONE', #7133 ) ;
#7309 = ORIENTED_EDGE ( 'NONE', *, *, #6600, .F. ) ;
#7310 = PLANE ( 'NONE',  #6312 ) ;
#7311 = CARTESIAN_POINT ( 'NONE',  ( 2.020000000000000462, 1.539480857753715792, 1.319554108468272258 ) ) ;
#7312 = CARTESIAN_POINT ( 'NONE',  ( 1.421421356237309030, 1.591421356237309404, 1.519554108468271991 ) ) ;
#7313 = VECTOR ( 'NONE', #451, 1000.000000000000000 ) ;
#7314 = CARTESIAN_POINT ( 'NONE',  ( -1.805194582267281689, 1.579961995650032369, -0.8110973381990250752 ) ) ;
#7315 = DIRECTION ( 'NONE',  ( 1.000000000000000000, 0.000000000000000000, 0.000000000000000000 ) ) ;
#7316 = LINE ( 'NONE', #10591, #4928 ) ;
#7317 = VECTOR ( 'NONE', #10394, 1000.000000000000000 ) ;
#7318 = DIRECTION ( 'NONE',  ( -1.000000000000000000, -0.000000000000000000, -0.000000000000000000 ) ) ;
#7319 = ORIENTED_EDGE ( 'NONE', *, *, #7840, .F. ) ;
#7321 = CARTESIAN_POINT ( 'NONE',  ( -2.020000000000000018, 2.049999999999999822, -0.8538686835190342217 ) ) ;
#7320 = CARTESIAN_POINT ( 'NONE',  ( -1.593725830020304546, 1.749999999999999778, 1.093279938488576075 ) ) ;
#7322 = DIRECTION ( 'NONE',  ( -1.602269220421927623E-16, 0.000000000000000000, -1.000000000000000000 ) ) ;
#7323 = ADVANCED_FACE ( 'NONE', ( #1375 ), #7178, .T. ) ;
#7324 = ADVANCED_FACE ( 'NONE', ( #7933 ), #3780, .T. ) ;
#7325 = EDGE_CURVE ( 'NONE', #3193, #746, #10349, .T. ) ;
#7326 = CARTESIAN_POINT ( 'NONE',  ( -2.011380556851979584, 1.466487442737705704, 1.386669579679405073 ) ) ;
#7327 = LINE ( 'NONE', #6480, #9651 ) ;
#7328 = CARTESIAN_POINT ( 'NONE',  ( -2.020000000000000462, 1.750000000000000000, 1.235200384405516383 ) ) ;
#7329 = CARTESIAN_POINT ( 'NONE',  ( 1.460000000000000187, 1.449999999999999956, -1.410853531617383361 ) ) ;
#7330 = AXIS2_PLACEMENT_3D ( 'NONE', #9658, #4812, #10267 ) ;
#7331 = EDGE_CURVE ( 'NONE', #1912, #2356, #7780, .T. ) ;
#7332 = CARTESIAN_POINT ( 'NONE',  ( -0.4000000000000000222, 1.550000000000000266, 0.000000000000000000 ) ) ;
#7333 = PLANE ( 'NONE',  #2347 ) ;
#7334 = CARTESIAN_POINT ( 'NONE',  ( -1.919057536156686394, 1.649999999999999911, 0.7538731248081388392 ) ) ;
#7335 = VECTOR ( 'NONE', #5272, 1000.000000000000000 ) ;
#7336 = CARTESIAN_POINT ( 'NONE',  ( -1.971043495066911566, 1.467998644350701154, 1.444141379908203238 ) ) ;
#7337 = VECTOR ( 'NONE', #1304, 1000.000000000000000 ) ;
#7338 = CARTESIAN_POINT ( 'NONE',  ( 1.961509827496771718, 1.449999999583023502, 1.460886936457828522 ) ) ;
#7339 = VERTEX_POINT ( 'NONE', #9529 ) ;
#7340 = DIRECTION ( 'NONE',  ( 0.7071067811865464625, -0.000000000000000000, 0.7071067811865486830 ) ) ;
#7341 = DIRECTION ( 'NONE',  ( 0.000000000000000000, 0.000000000000000000, -1.000000000000000000 ) ) ;
#7342 = CARTESIAN_POINT ( 'NONE',  ( 2.020000000000000462, 2.049999999999999822, 1.319554108468272036 ) ) ;
#7343 = CARTESIAN_POINT ( 'NONE',  ( 1.916566081967760127, 1.449999999999999956, -1.494696883978414048 ) ) ;
#7344 = CYLINDRICAL_SURFACE ( 'NONE', #4399, 0.1000000000000000472 ) ;
#7345 = DIRECTION ( 'NONE',  ( 0.000000000000000000, 0.000000000000000000, -1.000000000000000000 ) ) ;
#7346 =( GEOMETRIC_REPRESENTATION_CONTEXT ( 3 ) GLOBAL_UNCERTAINTY_ASSIGNED_CONTEXT ( ( #5130 ) ) GLOBAL_UNIT_ASSIGNED_CONTEXT ( ( #7026, #7385, #7433 ) ) REPRESENTATION_CONTEXT ( 'NONE', 'WORKASPACE' ) );
#7347 = AXIS2_PLACEMENT_3D ( 'NONE', #7522, #8181, #4506 ) ;
#7348 = FILL_AREA_STYLE_COLOUR ( '', #8020 ) ;
#7349 = CARTESIAN_POINT ( 'NONE',  ( 1.210883117545685561, 1.868034671099021438, 1.435139986512705246 ) ) ;
#7350 = EDGE_CURVE ( 'NONE', #2872, #8677, #8231, .T. ) ;
#7351 = ORIENTED_EDGE ( 'NONE', *, *, #507, .T. ) ;
#7352 = EDGE_CURVE ( 'NONE', #1819, #10418, #3665, .T. ) ;
#7353 = ORIENTED_EDGE ( 'NONE', *, *, #1284, .F. ) ;
#7354 = STYLED_ITEM ( 'NONE', ( #8015 ), #6729 ) ;
#7355 = CYLINDRICAL_SURFACE ( 'NONE', #1726, 0.09999999999999982514 ) ;
#7356 = ORIENTED_EDGE ( 'NONE', *, *, #1958, .F. ) ;
#7357 = FACE_OUTER_BOUND ( 'NONE', #10162, .T. ) ;
#7358 = STYLED_ITEM ( 'NONE', ( #10508 ), #3154 ) ;
#7359 = VERTEX_POINT ( 'NONE', #9650 ) ;
#7360 = CARTESIAN_POINT ( 'NONE',  ( -1.920000000000000373, 1.649999999999999911, -0.8538686835190336666 ) ) ;
#7361 = AXIS2_PLACEMENT_3D ( 'NONE', #1594, #6878, #3564 ) ;
#7362 = VERTEX_POINT ( 'NONE', #2277 ) ;
#7363 = ORIENTED_EDGE ( 'NONE', *, *, #3709, .T. ) ;
#7364 = EDGE_CURVE ( 'NONE', #3970, #1728, #8822, .T. ) ;
#7365 = ORIENTED_EDGE ( 'NONE', *, *, #6251, .F. ) ;
#7366 = EDGE_LOOP ( 'NONE', ( #4117, #8118, #5393, #5504 ) ) ;
#7367 = LINE ( 'NONE', #3298, #6847 ) ;
#7368 = DIRECTION ( 'NONE',  ( -9.866381877431726115E-16, -0.000000000000000000, -1.000000000000000000 ) ) ;
#7369 = DIRECTION ( 'NONE',  ( 0.000000000000000000, 0.000000000000000000, -1.000000000000000000 ) ) ;
#7370 = CIRCLE ( 'NONE', #5482, 0.1000000000000000472 ) ;
#7371 = CIRCLE ( 'NONE', #6187, 0.01000000146998518413 ) ;
#7372 = CARTESIAN_POINT ( 'NONE',  ( 2.020000000000000462, 1.649999999999999911, 0.7948513479695228368 ) ) ;
#7373 = CARTESIAN_POINT ( 'NONE',  ( 2.020000000000000462, 1.449999999999999956, 1.319554108468271814 ) ) ;
#7374 = STYLED_ITEM ( 'NONE', ( #10284 ), #2452 ) ;
#7375 = ADVANCED_FACE ( 'NONE', ( #2853 ), #6341, .T. ) ;
#7376 = EDGE_CURVE ( 'NONE', #7146, #8591, #72, .T. ) ;
#7377 = LINE ( 'NONE', #10594, #8014 ) ;
#7378 = VERTEX_POINT ( 'NONE', #7234 ) ;
#7379 = LINE ( 'NONE', #5871, #8841 ) ;
#7380 = MECHANICAL_DESIGN_GEOMETRIC_PRESENTATION_REPRESENTATION (  '', ( #7890 ), #6885 ) ;
#7381 = DIRECTION ( 'NONE',  ( 0.000000000000000000, -1.000000000000000000, 0.000000000000000000 ) ) ;
#7382 = EDGE_CURVE ( 'NONE', #93, #2905, #826, .T. ) ;
#7383 = DIRECTION ( 'NONE',  ( 0.000000000000000000, -1.000000000000000000, 0.000000000000000000 ) ) ;
#7384 = LINE ( 'NONE', #9028, #5067 ) ;
#7385 =( NAMED_UNIT ( * ) PLANE_ANGLE_UNIT ( ) SI_UNIT ( $, .RADIAN. ) );
#7386 = VECTOR ( 'NONE', #1913, 1000.000000000000000 ) ;
#7387 = CARTESIAN_POINT ( 'NONE',  ( 1.975604176770530573, 1.477260098308209368, -1.435869690629616890 ) ) ;
#7388 = VECTOR ( 'NONE', #9450, 1000.000000000000114 ) ;
#7389 = DIRECTION ( 'NONE',  ( 0.000000000000000000, -1.000000000000000000, 0.000000000000000000 ) ) ;
#7390 = EDGE_CURVE ( 'NONE', #3571, #8477, #2428, .T. ) ;
#7391 = CARTESIAN_POINT ( 'NONE',  ( 1.961480346689383536, 1.449999999583023502, 1.460916455476862996 ) ) ;
#7392 = AXIS2_PLACEMENT_3D ( 'NONE', #7042, #8728, #9539 ) ;
#7393 = EDGE_CURVE ( 'NONE', #317, #8625, #9360, .T. ) ;
#7394 = CIRCLE ( 'NONE', #9962, 0.1000000000000001443 ) ;
#7395 = CIRCLE ( 'NONE', #2078, 0.1000000000000000472 ) ;
#7396 = LINE ( 'NONE', #6490, #348 ) ;
#7397 = EDGE_LOOP ( 'NONE', ( #4218, #9236, #10568, #9113 ) ) ;
#7398 = CARTESIAN_POINT ( 'NONE',  ( 1.961421356237310176, 1.449999999999999956, -1.460975464705581262 ) ) ;
#7399 = LINE ( 'NONE', #9760, #3215 ) ;
#7400 = CARTESIAN_POINT ( 'NONE',  ( 1.876568542494923664, 1.649999999999999911, 0.8104372260139570683 ) ) ;
#7401 = DIRECTION ( 'NONE',  ( -0.7071067811865456854, -0.000000000000000000, 0.7071067811865493491 ) ) ;
#7402 = CYLINDRICAL_SURFACE ( 'NONE', #6825, 0.09999999999999992228 ) ;
#7403 = DIRECTION ( 'NONE',  ( 0.000000000000000000, -1.000000000000000000, 0.000000000000000000 ) ) ;
#7404 = VECTOR ( 'NONE', #4703, 1000.000000000000000 ) ;
#7405 = EDGE_CURVE ( 'NONE', #10203, #4716, #8070, .T. ) ;
#7406 = DIRECTION ( 'NONE',  ( 1.000000000000000000, -0.000000000000000000, -4.928191693115927811E-16 ) ) ;
#7407 = ORIENTED_EDGE ( 'NONE', *, *, #7864, .F. ) ;
#7408 = CARTESIAN_POINT ( 'NONE',  ( 1.354314575050763025, 1.849999999999999867, -1.419554108468271902 ) ) ;
#7409 = CARTESIAN_POINT ( 'NONE',  ( 2.599999999999999645, 2.399999999999999911, 1.099999999999999867 ) ) ;
#7410 = CARTESIAN_POINT ( 'NONE',  ( 1.846839578305846441, 1.537526402268321934, 0.8114972960866299045 ) ) ;
#7411 = EDGE_LOOP ( 'NONE', ( #3003, #10456, #3581, #6961 ) ) ;
#7412 = ORIENTED_EDGE ( 'NONE', *, *, #9893, .F. ) ;
#7413 = AXIS2_PLACEMENT_3D ( 'NONE', #9523, #7173, #10237 ) ;
#7414 = EDGE_LOOP ( 'NONE', ( #8154, #5908, #8810, #8999 ) ) ;
#7415 = CARTESIAN_POINT ( 'NONE',  ( 1.805194582267281245, 1.820038004349967098, -0.8110973381990249642 ) ) ;
#7416 = DIRECTION ( 'NONE',  ( -1.000000000000000000, -0.000000000000000000, 0.000000000000000000 ) ) ;
#7417 = VECTOR ( 'NONE', #9463, 1000.000000000000000 ) ;
#7418 = ORIENTED_EDGE ( 'NONE', *, *, #7740, .F. ) ;
#7419 = VERTEX_POINT ( 'NONE', #9809 ) ;
#7420 = ORIENTED_EDGE ( 'NONE', *, *, #3489, .T. ) ;
#7421 = CARTESIAN_POINT ( 'NONE',  ( 1.919137802864846698, 2.049999999999999822, 0.9799999999999999822 ) ) ;
#7422 = DIRECTION ( 'NONE',  ( 0.000000000000000000, -1.000000000000000000, 0.000000000000000000 ) ) ;
#7423 = VERTEX_POINT ( 'NONE', #8138 ) ;
#7424 = DIRECTION ( 'NONE',  ( 0.000000000000000000, 0.000000000000000000, -1.000000000000000000 ) ) ;
#7425 = CARTESIAN_POINT ( 'NONE',  ( -1.380000000000000115, 1.550000000000000266, 1.419345955666558412 ) ) ;
#7426 = FACE_OUTER_BOUND ( 'NONE', #5311, .T. ) ;
#7427 = ORIENTED_EDGE ( 'NONE', *, *, #3693, .F. ) ;
#7428 =( BOUNDED_SURFACE ( )  B_SPLINE_SURFACE ( 3, 3, ( 
 ( #5315, #9443, #8785, #1237 ),
 ( #1431, #8682, #3735, #4609 ),
 ( #7786, #536, #7143, #5470 ),
 ( #10314, #8631, #3792, #7889 ) ),
 .UNSPECIFIED., .F., .F., .F. ) 
 B_SPLINE_SURFACE_WITH_KNOTS ( ( 4, 4 ),
 ( 4, 4 ),
 ( 0.000000000000000000, 1.000000000000000000 ),
 ( 0.000000000000000000, 1.000000000000000000 ),
 .UNSPECIFIED. ) 
 GEOMETRIC_REPRESENTATION_ITEM ( )  RATIONAL_B_SPLINE_SURFACE ( (
 ( 1.000000000000000000, 0.3333333333333334259, 0.3333333333333334259, 1.000000000000000000),
 ( 0.8025111867385927855, 0.2675037289128643359, 0.2675037289128643359, 0.8025111867385927855),
 ( 0.8025111867385927855, 0.2675037289128643359, 0.2675037289128643359, 0.8025111867385927855),
 ( 1.000000000000000000, 0.3333333333333334259, 0.3333333333333334259, 1.000000000000000000) ) ) 
 REPRESENTATION_ITEM ( '' )  SURFACE ( )  );
#7429 = DIRECTION ( 'NONE',  ( 0.000000000000000000, -1.000000000000000000, 0.000000000000000000 ) ) ;
#7430 = CARTESIAN_POINT ( 'NONE',  ( 1.210883117545685783, 1.531965328900987799, 1.317105315413703126 ) ) ;
#7431 =( NAMED_UNIT ( * ) PLANE_ANGLE_UNIT ( ) SI_UNIT ( $, .RADIAN. ) );
#7432 = CARTESIAN_POINT ( 'NONE',  ( -2.100000000000000089, 0.07000000000000061728, 0.000000000000000000 ) ) ;
#7433 =( NAMED_UNIT ( * ) SI_UNIT ( $, .STERADIAN. ) SOLID_ANGLE_UNIT ( ) );
#7434 = FACE_OUTER_BOUND ( 'NONE', #801, .T. ) ;
#7435 = DIRECTION ( 'NONE',  ( -0.000000000000000000, 1.000000000000000000, -0.000000000000000000 ) ) ;
#7436 = CARTESIAN_POINT ( 'NONE',  ( -1.961421356237310176, 1.449999999999999734, 1.460975464705581484 ) ) ;
#7437 = UNCERTAINTY_MEASURE_WITH_UNIT (LENGTH_MEASURE( 1.000000000000000082E-05 ), #6643, 'distance_accuracy_value', 'NONE');
#7438 = DIRECTION ( 'NONE',  ( 0.000000000000000000, 0.000000000000000000, 1.000000000000000000 ) ) ;
#7439 = CARTESIAN_POINT ( 'NONE',  ( -1.961421356237310176, 1.449999999999999734, -1.460975464705581484 ) ) ;
#7440 = ORIENTED_EDGE ( 'NONE', *, *, #85, .F. ) ;
#7441 = CARTESIAN_POINT ( 'NONE',  ( 1.848427124746192307, 1.550000000000000266, 0.9092893218813449252 ) ) ;
#7442 = ADVANCED_FACE ( 'NONE', ( #774 ), #2474, .T. ) ;
#7443 = VECTOR ( 'NONE', #262, 1000.000000000000000 ) ;
#7444 = DIRECTION ( 'NONE',  ( 0.7071067811865474617, 0.000000000000000000, 0.7071067811865474617 ) ) ;
#7445 = CARTESIAN_POINT ( 'NONE',  ( -1.974147222612492980, 1.449999999999999956, -1.447295075393618236 ) ) ;
#7446 = DIRECTION ( 'NONE',  ( 0.000000000000000000, 0.000000000000000000, 1.000000000000000000 ) ) ;
#7447 = ORIENTED_EDGE ( 'NONE', *, *, #1734, .F. ) ;
#7448 = PLANE ( 'NONE',  #99 ) ;
#7449 = CARTESIAN_POINT ( 'NONE',  ( 1.210883117545685561, 1.868034671099020549, 1.317105315413683808 ) ) ;
#7450 = ORIENTED_EDGE ( 'NONE', *, *, #9600, .T. ) ;
#7451 = ORIENTED_EDGE ( 'NONE', *, *, #695, .T. ) ;
#7452 = DIRECTION ( 'NONE',  ( 0.000000000000000000, 0.000000000000000000, -1.000000000000000000 ) ) ;
#7453 = ORIENTED_EDGE ( 'NONE', *, *, #7140, .T. ) ;
#7454 = CARTESIAN_POINT ( 'NONE',  ( 1.805194582267281245, 1.820427584973231872, -0.7697627741596239082 ) ) ;
#7455 = ADVANCED_FACE ( 'NONE', ( #7284 ), #10551, .F. ) ;
#7456 = EDGE_CURVE ( 'NONE', #4934, #3132, #7728, .T. ) ;
#7457 = ORIENTED_EDGE ( 'NONE', *, *, #6592, .T. ) ;
#7458 = DIRECTION ( 'NONE',  ( -0.2079116908177564282, -0.9781476007338062439, 0.000000000000000000 ) ) ;
#7459 = VECTOR ( 'NONE', #9124, 1000.000000000000000 ) ;
#7460 = ORIENTED_EDGE ( 'NONE', *, *, #7777, .F. ) ;
#7461 = ORIENTED_EDGE ( 'NONE', *, *, #8161, .T. ) ;
#7462 = ORIENTED_EDGE ( 'NONE', *, *, #2926, .F. ) ;
#7463 = SURFACE_STYLE_USAGE ( .BOTH. , #2610 ) ;
#7464 = CARTESIAN_POINT ( 'NONE',  ( 1.990710678118655652, 1.649999999999999911, 0.7831580054003789426 ) ) ;
#7465 = DIRECTION ( 'NONE',  ( 1.000000000000000000, 0.000000000000000000, -4.928191693115927811E-16 ) ) ;
#7466 = CARTESIAN_POINT ( 'NONE',  ( 1.283271467065781213, 1.791534440210225565, -1.489930786479060520 ) ) ;
#7467 = ORIENTED_EDGE ( 'NONE', *, *, #2391, .T. ) ;
#7468 = AXIS2_PLACEMENT_3D ( 'NONE', #6645, #1699, #9095 ) ;
#7469 = CARTESIAN_POINT ( 'NONE',  ( -1.310883117545685650, 1.749999999999999778, 1.376122650963194527 ) ) ;
#7470 = SURFACE_STYLE_FILL_AREA ( #4137 ) ;
#7471 = DIRECTION ( 'NONE',  ( -0.000000000000000000, 1.000000000000000000, -0.000000000000000000 ) ) ;
#7472 = AXIS2_PLACEMENT_3D ( 'NONE', #3927, #5606, #8869 ) ;
#7473 = DIRECTION ( 'NONE',  ( 0.7071067811865502373, -0.000000000000000000, 0.7071067811865449082 ) ) ;
#7474 = VERTEX_POINT ( 'NONE', #5669 ) ;
#7475 = PLANE ( 'NONE',  #2487 ) ;
#7476 = DIRECTION ( 'NONE',  ( 0.000000000000000000, -1.000000000000000000, 0.000000000000000000 ) ) ;
#7477 = EDGE_CURVE ( 'NONE', #7999, #9459, #10604, .T. ) ;
#7478 = EDGE_CURVE ( 'NONE', #8864, #8838, #6540, .T. ) ;
#7479 = DIRECTION ( 'NONE',  ( -1.000000000000000000, 0.000000000000000000, 2.168404344971007685E-15 ) ) ;
#7480 = CIRCLE ( 'NONE', #5592, 0.1000000000000000472 ) ;
#7481 = DIRECTION ( 'NONE',  ( -0.7071067811865474617, 0.000000000000000000, -0.7071067811865474617 ) ) ;
#7482 = SURFACE_SIDE_STYLE ('',( #1687 ) ) ;
#7483 = CIRCLE ( 'NONE', #281, 0.1000000000000001305 ) ;
#7484 = LINE ( 'NONE', #2632, #8581 ) ;
#7485 =( BOUNDED_SURFACE ( )  B_SPLINE_SURFACE ( 3, 2, ( 
 ( #871, #807, #7311 ),
 ( #10585, #4886, #3196 ),
 ( #8912, #4072, #2460 ),
 ( #6518, #1612, #9789 ) ),
 .UNSPECIFIED., .F., .F., .F. ) 
 B_SPLINE_SURFACE_WITH_KNOTS ( ( 4, 4 ),
 ( 3, 3 ),
 ( 5.497787143782141506, 6.001671104165806625 ),
 ( 0.000000000000000000, 1.000000000000000000 ),
 .UNSPECIFIED. ) 
 GEOMETRIC_REPRESENTATION_ITEM ( )  RATIONAL_B_SPLINE_SURFACE ( (
 ( 1.000000000000000000, 0.9166041491664833618, 1.000000000000000000),
 ( 1.000000000000000000, 0.9477825877805813315, 1.000000000000000000),
 ( 1.000000000000000000, 0.9694504683581458560, 1.000000000000000000),
 ( 1.000000000000000000, 0.9808805871845901470, 1.000000000000000000) ) ) 
 REPRESENTATION_ITEM ( '' )  SURFACE ( )  );
#7486 = ORIENTED_EDGE ( 'NONE', *, *, #7197, .F. ) ;
#7487 = STYLED_ITEM ( 'NONE', ( #2154 ), #679 ) ;
#7488 = DIRECTION ( 'NONE',  ( 0.000000000000000000, 1.000000000000000000, -0.000000000000000000 ) ) ;
#7489 = CARTESIAN_POINT ( 'NONE',  ( -1.399999999999999911, 0.07000000000000000666, 1.449999999999999956 ) ) ;
#7490 = DIRECTION ( 'NONE',  ( -0.000000000000000000, 1.000000000000000000, -0.000000000000000000 ) ) ;
#7491 = ORIENTED_EDGE ( 'NONE', *, *, #10380, .F. ) ;
#7492 = FILL_AREA_STYLE ('',( #7555 ) ) ;
#7493 = LINE ( 'NONE', #10133, #3748 ) ;
#7494 = DIRECTION ( 'NONE',  ( 0.000000000000000000, 0.000000000000000000, -1.000000000000000000 ) ) ;
#7495 = PLANE ( 'NONE',  #320 ) ;
#7496 = DIRECTION ( 'NONE',  ( -0.7071067811865493491, 0.000000000000000000, 0.7071067811865456854 ) ) ;
#7497 = MECHANICAL_DESIGN_GEOMETRIC_PRESENTATION_REPRESENTATION (  '', ( #1326 ), #7003 ) ;
#7498 = DIRECTION ( 'NONE',  ( 0.7071067811865449082, -0.000000000000000000, -0.7071067811865502373 ) ) ;
#7499 = VECTOR ( 'NONE', #7645, 1000.000000000000000 ) ;
#7500 = EDGE_CURVE ( 'NONE', #1665, #4452, #5767, .T. ) ;
#7501 = DIRECTION ( 'NONE',  ( -0.7071067811865474617, 0.000000000000000000, -0.7071067811865474617 ) ) ;
#7502 = DIRECTION ( 'NONE',  ( 0.000000000000000000, 1.000000000000000000, 0.000000000000000000 ) ) ;
#7503 = FACE_OUTER_BOUND ( 'NONE', #1924, .T. ) ;
#7504 = ORIENTED_EDGE ( 'NONE', *, *, #3677, .T. ) ;
#7505 = ORIENTED_EDGE ( 'NONE', *, *, #4201, .T. ) ;
#7506 = CARTESIAN_POINT ( 'NONE',  ( 2.020000000000000018, 1.649999999999999911, 0.8538686835190341107 ) ) ;
#7507 = ORIENTED_EDGE ( 'NONE', *, *, #9135, .T. ) ;
#7508 = CARTESIAN_POINT ( 'NONE',  ( 2.100000000000000089, 0.1800000000000006317, 0.7949999999999999289 ) ) ;
#7509 = EDGE_CURVE ( 'NONE', #8788, #512, #8241, .T. ) ;
#7510 = ORIENTED_EDGE ( 'NONE', *, *, #229, .T. ) ;
#7511 = CYLINDRICAL_SURFACE ( 'NONE', #9794, 0.1000000000000001582 ) ;
#7512 = EDGE_CURVE ( 'NONE', #8577, #3865, #7394, .T. ) ;
#7513 = ADVANCED_FACE ( 'NONE', ( #188 ), #9629, .T. ) ;
#7514 = EDGE_LOOP ( 'NONE', ( #4835, #54, #10144, #1598, #2248, #6617, #2294, #6777 ) ) ;
#7515 = ORIENTED_EDGE ( 'NONE', *, *, #2588, .F. ) ;
#7516 = DIRECTION ( 'NONE',  ( 0.000000000000000000, 0.000000000000000000, -1.000000000000000000 ) ) ;
#7517 = ORIENTED_EDGE ( 'NONE', *, *, #52, .F. ) ;
#7518 = ORIENTED_EDGE ( 'NONE', *, *, #5216, .F. ) ;
#7519 = EDGE_CURVE ( 'NONE', #3624, #5321, #7484, .T. ) ;
#7520 = DIRECTION ( 'NONE',  ( -2.710505431213766015E-16, 0.000000000000000000, -1.000000000000000000 ) ) ;
#7522 = CARTESIAN_POINT ( 'NONE',  ( 1.919137802864846698, 1.550000000000000266, 0.9799999999999999822 ) ) ;
#7521 = VECTOR ( 'NONE', #3680, 1000.000000000000000 ) ;
#7523 = CARTESIAN_POINT ( 'NONE',  ( -1.327268482960745510, 1.750000000000000222, -1.519554108468271991 ) ) ;
#7524 = VERTEX_POINT ( 'NONE', #5013 ) ;
#7525 = CARTESIAN_POINT ( 'NONE',  ( -1.936315674237726991, 1.477260257245611719, 1.475158129477182722 ) ) ;
#7526 = CARTESIAN_POINT ( 'NONE',  ( -2.100000000000000089, 1.399999999999999467, 1.500000000000000000 ) ) ;
#7527 = DIRECTION ( 'NONE',  ( 0.000000000000000000, 0.000000000000000000, -1.000000000000000000 ) ) ;
#7528 = AXIS2_PLACEMENT_3D ( 'NONE', #6211, #7808, #2896 ) ;
#7529 = LINE ( 'NONE', #4405, #6793 ) ;
#7530 = AXIS2_PLACEMENT_3D ( 'NONE', #6163, #3714, #3004 ) ;
#7531 = VECTOR ( 'NONE', #4533, 1000.000000000000000 ) ;
#7532 = EDGE_CURVE ( 'NONE', #3252, #1198, #1788, .T. ) ;
#7533 = CARTESIAN_POINT ( 'NONE',  ( -1.920000000000000373, 1.449999999999999956, -0.8800000000000000044 ) ) ;
#7534 = ORIENTED_EDGE ( 'NONE', *, *, #8695, .T. ) ;
#7535 = ADVANCED_FACE ( 'NONE', ( #3487 ), #9964, .F. ) ;
#7536 = DIRECTION ( 'NONE',  ( 0.000000000000000000, 0.000000000000000000, -1.000000000000000000 ) ) ;
#7537 = CIRCLE ( 'NONE', #5988, 0.09999999999999983902 ) ;
#7538 = LINE ( 'NONE', #5924, #7592 ) ;
#7539 = AXIS2_PLACEMENT_3D ( 'NONE', #1456, #3350, #1767 ) ;
#7540 = CARTESIAN_POINT ( 'NONE',  ( -1.302305608210474475, 1.649999999999999911, -1.509145170888289478 ) ) ;
#7541 = CARTESIAN_POINT ( 'NONE',  ( 1.805857864376268607, 1.649999999999999911, -0.7397265478953022333 ) ) ;
#7542 = DIRECTION ( 'NONE',  ( 0.9781476007338062439, 0.2079116908177564282, -0.000000000000000000 ) ) ;
#7543 = CARTESIAN_POINT ( 'NONE',  ( 2.020000000000000462, 1.649999999999999911, -0.7948513479695235029 ) ) ;
#7544 = COLOUR_RGB ( '',1.000000000000000000, 1.000000000000000000, 1.000000000000000000 ) ;
#7545 =( GEOMETRIC_REPRESENTATION_CONTEXT ( 3 ) GLOBAL_UNCERTAINTY_ASSIGNED_CONTEXT ( ( #27 ) ) GLOBAL_UNIT_ASSIGNED_CONTEXT ( ( #8170, #4938, #8224 ) ) REPRESENTATION_CONTEXT ( 'NONE', 'WORKASPACE' ) );
#7546 = EDGE_CURVE ( 'NONE', #3251, #366, #2741, .T. ) ;
#7547 = ORIENTED_EDGE ( 'NONE', *, *, #6090, .F. ) ;
#7548 = PLANE ( 'NONE',  #795 ) ;
#7549 = CARTESIAN_POINT ( 'NONE',  ( 2.100000000000000089, 0.1800000014699860151, 0.7949999999999999289 ) ) ;
#7550 = DIRECTION ( 'NONE',  ( 0.000000000000000000, 0.000000000000000000, -1.000000000000000000 ) ) ;
#7551 = ORIENTED_EDGE ( 'NONE', *, *, #172, .F. ) ;
#7552 = CARTESIAN_POINT ( 'NONE',  ( 1.311825581389000295, 1.650000000000000133, -1.276127092252299589 ) ) ;
#7553 = COLOUR_RGB ( '',0.8431372549019607865, 0.8156862745098039102, 0.7529411764705882248 ) ;
#7554 = AXIS2_PLACEMENT_3D ( 'NONE', #5945, #9199, #5132 ) ;
#7555 = FILL_AREA_STYLE_COLOUR ( '', #26 ) ;
#7556 = VECTOR ( 'NONE', #47, 1000.000000000000000 ) ;
#7557 = DIRECTION ( 'NONE',  ( 0.000000000000000000, -1.000000000000000000, 0.000000000000000000 ) ) ;
#7558 = CARTESIAN_POINT ( 'NONE',  ( 1.907571387754989578, 1.449999999999833200, 1.367837149452320489 ) ) ;
#7559 = FACE_OUTER_BOUND ( 'NONE', #3508, .T. ) ;
#7560 = CARTESIAN_POINT ( 'NONE',  ( -1.359999999999999876, 1.550000000000000266, -1.410853531617382917 ) ) ;
#7561 = VECTOR ( 'NONE', #6616, 1000.000000000000000 ) ;
#7562 = MECHANICAL_DESIGN_GEOMETRIC_PRESENTATION_REPRESENTATION (  '', ( #187 ), #9089 ) ;
#7563 = DIRECTION ( 'NONE',  ( -1.602269220421927623E-16, 0.000000000000000000, -1.000000000000000000 ) ) ;
#7564 = ORIENTED_EDGE ( 'NONE', *, *, #2738, .F. ) ;
#7565 = DIRECTION ( 'NONE',  ( 0.3719458362746736468, -0.9282544343432644895, 2.090662742047476139E-16 ) ) ;
#7566 =( LENGTH_UNIT ( ) NAMED_UNIT ( * ) SI_UNIT ( .MILLI., .METRE. ) );
#7567 = VERTEX_POINT ( 'NONE', #246 ) ;
#7568 = EDGE_LOOP ( 'NONE', ( #5919, #6343, #7870, #7105 ) ) ;
#7569 = SURFACE_SIDE_STYLE ('',( #6774 ) ) ;
#7570 = VERTEX_POINT ( 'NONE', #5190 ) ;
#7571 = DIRECTION ( 'NONE',  ( 0.7071067811865449082, -0.000000000000000000, -0.7071067811865502373 ) ) ;
#7572 = EDGE_CURVE ( 'NONE', #989, #5273, #9358, .T. ) ;
#7573 = ORIENTED_EDGE ( 'NONE', *, *, #3541, .T. ) ;
#7574 = CARTESIAN_POINT ( 'NONE',  ( -1.785249455757842219, 1.803442678262523025, 1.510108312186413837 ) ) ;
#7575 = VECTOR ( 'NONE', #8225, 1000.000000000000000 ) ;
#7576 = EDGE_CURVE ( 'NONE', #4734, #10073, #194, .T. ) ;
#7577 = ADVANCED_FACE ( 'NONE', ( #990 ), #299, .F. ) ;
#7578 = CIRCLE ( 'NONE', #9981, 0.1000000000000001443 ) ;
#7579 = ORIENTED_EDGE ( 'NONE', *, *, #8370, .F. ) ;
#7580 = PLANE ( 'NONE',  #8732 ) ;
#7581 = ORIENTED_EDGE ( 'NONE', *, *, #9437, .F. ) ;
#7582 = ORIENTED_EDGE ( 'NONE', *, *, #8483, .F. ) ;
#7583 = B_SPLINE_CURVE_WITH_KNOTS ( 'NONE', 3,
 ( #9435, #2089, #5405, #5517, #3785, #4967, #2380, #3165, #3222, #6593 ),
 .UNSPECIFIED., .F., .F.,
 ( 4, 3, 3, 4 ),
 ( 0.000000000000000000, 2.778924238412454884E-05, 5.613173365471645462E-05, 5.625689118024807119E-05 ),
 .UNSPECIFIED. ) ;
#7584 = CARTESIAN_POINT ( 'NONE',  ( -2.020000000000000462, 1.750000000000000000, -0.7948513479695232808 ) ) ;
#7585 = CARTESIAN_POINT ( 'NONE',  ( -0.4000000000000000222, 1.550000000000000266, 0.000000000000000000 ) ) ;
#7586 = ORIENTED_EDGE ( 'NONE', *, *, #1880, .F. ) ;
#7587 = CARTESIAN_POINT ( 'NONE',  ( -1.921608451931494654, 1.493727452132818101, 1.483267048186025727 ) ) ;
#7588 = CARTESIAN_POINT ( 'NONE',  ( -2.049999999999999822, 1.449999999999999956, 1.586602540378444282 ) ) ;
#7589 = EDGE_CURVE ( 'NONE', #10425, #796, #6870, .T. ) ;
#7590 = LINE ( 'NONE', #3428, #4093 ) ;
#7591 = CARTESIAN_POINT ( 'NONE',  ( 1.252810866969983783, 1.951103551519474566, -1.275570875203457799 ) ) ;
#7592 = VECTOR ( 'NONE', #9180, 1000.000000000000000 ) ;
#7593 = ORIENTED_EDGE ( 'NONE', *, *, #61, .F. ) ;
#7594 = CARTESIAN_POINT ( 'NONE',  ( -1.848427124746192307, 1.449999999999999956, -0.9092893218813450362 ) ) ;
#7595 = VECTOR ( 'NONE', #7098, 1000.000000000000000 ) ;
#7596 = UNCERTAINTY_MEASURE_WITH_UNIT (LENGTH_MEASURE( 1.000000000000000082E-05 ), #9330, 'distance_accuracy_value', 'NONE');
#7597 = LINE ( 'NONE', #500, #6984 ) ;
#7598 = ADVANCED_FACE ( 'NONE', ( #4317 ), #3710, .T. ) ;
#7599 = ADVANCED_FACE ( 'NONE', ( #410 ), #82, .T. ) ;
#7600 = DIRECTION ( 'NONE',  ( -0.7071067811865449082, 0.000000000000000000, 0.7071067811865502373 ) ) ;
#7601 = CARTESIAN_POINT ( 'NONE',  ( 1.978072250575702906, 1.549448224240262961, -0.7949668169996791933 ) ) ;
#7602 = ORIENTED_EDGE ( 'NONE', *, *, #4683, .F. ) ;
#7603 = DIRECTION ( 'NONE',  ( 0.000000000000000000, -1.000000000000000000, 0.000000000000000000 ) ) ;
#7604 = CARTESIAN_POINT ( 'NONE',  ( -1.920000000000000373, 1.449999999999999956, -0.9799999999999999822 ) ) ;
#7605 = CARTESIAN_POINT ( 'NONE',  ( 0.3999999999999998557, 2.458578643762690863, -1.100000000000000089 ) ) ;
#7606 = DIRECTION ( 'NONE',  ( 0.7071067811865479058, 0.000000000000000000, -0.7071067811865472397 ) ) ;
#7607 = VERTEX_POINT ( 'NONE', #1102 ) ;
#7608 = CARTESIAN_POINT ( 'NONE',  ( -1.252810866969983783, 1.951103551519473678, 1.476674426722931477 ) ) ;
#7609 = CARTESIAN_POINT ( 'NONE',  ( -1.820000000000000062, 2.049999999999999822, -1.319554108468271814 ) ) ;
#7610 = SURFACE_STYLE_USAGE ( .BOTH. , #10022 ) ;
#7611 = UNCERTAINTY_MEASURE_WITH_UNIT (LENGTH_MEASURE( 1.000000000000000082E-05 ), #6918, 'distance_accuracy_value', 'NONE');
#7612 = LINE ( 'NONE', #3610, #5104 ) ;
#7613 = LINE ( 'NONE', #10186, #8517 ) ;
#7614 = DIRECTION ( 'NONE',  ( -0.7071067811865449082, -0.000000000000000000, 0.7071067811865502373 ) ) ;
#7615 = CARTESIAN_POINT ( 'NONE',  ( -2.207596237518581805, 0.1571297137044201930, 1.649692833238015632 ) ) ;
#7616 = CARTESIAN_POINT ( 'NONE',  ( 1.840142853498730302, 1.550000000000000266, 0.8892893218813450185 ) ) ;
#7617 = LINE ( 'NONE', #257, #9074 ) ;
#7618 = ORIENTED_EDGE ( 'NONE', *, *, #6461, .F. ) ;
#7619 = ORIENTED_EDGE ( 'NONE', *, *, #2516, .T. ) ;
#7620 = CYLINDRICAL_SURFACE ( 'NONE', #5328, 0.09999999999999982514 ) ;
#7621 = ORIENTED_EDGE ( 'NONE', *, *, #2778, .F. ) ;
#7622 = VERTEX_POINT ( 'NONE', #10081 ) ;
#7623 = DIRECTION ( 'NONE',  ( 0.000000000000000000, 0.000000000000000000, -1.000000000000000000 ) ) ;
#7624 = PRESENTATION_LAYER_ASSIGNMENT (  '', '', ( #5902 ) ) ;
#7625 = ORIENTED_EDGE ( 'NONE', *, *, #9600, .F. ) ;
#7626 = DIRECTION ( 'NONE',  ( 0.000000000000000000, -0.000000000000000000, 1.000000000000000000 ) ) ;
#7627 = ORIENTED_EDGE ( 'NONE', *, *, #5084, .T. ) ;
#7628 = ORIENTED_EDGE ( 'NONE', *, *, #8630, .F. ) ;
#7629 = CARTESIAN_POINT ( 'NONE',  ( -2.020000000000000462, 1.750000000000000000, -0.8538686835190338886 ) ) ;
#7630 = FACE_OUTER_BOUND ( 'NONE', #1168, .T. ) ;
#7631 = EDGE_LOOP ( 'NONE', ( #10527, #8556, #3462, #2296 ) ) ;
#7632 = FACE_OUTER_BOUND ( 'NONE', #3672, .T. ) ;
#7633 = CARTESIAN_POINT ( 'NONE',  ( 1.302305608210474253, 1.839587083421922786, 1.418709745098121644 ) ) ;
#7634 = CARTESIAN_POINT ( 'NONE',  ( -1.920000000000000151, 1.749999999999999778, 1.235200384405516605 ) ) ;
#7635 = DIRECTION ( 'NONE',  ( -1.000000000000000000, 0.000000000000000000, -4.928191693115927811E-16 ) ) ;
#7636 = CARTESIAN_POINT ( 'NONE',  ( 1.848427124746192307, 2.049999999999999822, 0.9092893218813449252 ) ) ;
#7637 = VECTOR ( 'NONE', #10056, 1000.000000000000000 ) ;
#7638 = PRESENTATION_STYLE_ASSIGNMENT (( #6093 ) ) ;
#7639 = EDGE_LOOP ( 'NONE', ( #1928, #6595, #525, #101 ) ) ;
#7640 = DIRECTION ( 'NONE',  ( -0.9282544343432641565, -0.3719458362746743130, 0.000000000000000000 ) ) ;
#7641 = CARTESIAN_POINT ( 'NONE',  ( -1.947942502722566083, 1.820427584973231872, -0.7697627741596239082 ) ) ;
#7642 = VECTOR ( 'NONE', #8942, 1000.000000000000000 ) ;
#7643 = SURFACE_STYLE_USAGE ( .BOTH. , #6857 ) ;
#7644 = CARTESIAN_POINT ( 'NONE',  ( -1.311825581389000295, 1.649999999999999911, -1.476118209674089465 ) ) ;
#7645 = DIRECTION ( 'NONE',  ( 0.000000000000000000, -1.000000000000000000, 0.000000000000000000 ) ) ;
#7646 = AXIS2_PLACEMENT_3D ( 'NONE', #601, #2063, #10378 ) ;
#7647 = ORIENTED_EDGE ( 'NONE', *, *, #4526, .F. ) ;
#7648 = EDGE_CURVE ( 'NONE', #9723, #8522, #9312, .T. ) ;
#7649 = EDGE_CURVE ( 'NONE', #7684, #9784, #9265, .T. ) ;
#7650 = CARTESIAN_POINT ( 'NONE',  ( -1.928730210289307800, 1.464166666666673722, -1.487990114549054388 ) ) ;
#7651 = ADVANCED_FACE ( 'NONE', ( #3609 ), #6925, .T. ) ;
#7652 = CARTESIAN_POINT ( 'NONE',  ( 1.916566081967778556, 1.450000000000000400, -1.494696883978403390 ) ) ;
#7653 = DIRECTION ( 'NONE',  ( -1.000000000000000000, 0.000000000000000000, -9.866381877431726115E-16 ) ) ;
#7654 = AXIS2_PLACEMENT_3D ( 'NONE', #5920, #7758, #8543 ) ;
#7655 = ORIENTED_EDGE ( 'NONE', *, *, #7576, .F. ) ;
#7656 = CARTESIAN_POINT ( 'NONE',  ( -1.876568542494923664, 1.749999999999999778, -0.8104372260139570683 ) ) ;
#7657 = EDGE_CURVE ( 'NONE', #4165, #8962, #7218, .T. ) ;
#7658 = DIRECTION ( 'NONE',  ( 0.7071067811865449082, -0.000000000000000000, 0.7071067811865502373 ) ) ;
#7659 = CARTESIAN_POINT ( 'NONE',  ( -1.479999999999999982, 2.049999999999999822, 1.519554108468271991 ) ) ;
#7660 =( BOUNDED_SURFACE ( )  B_SPLINE_SURFACE ( 3, 3, ( 
 ( #1099, #4922, #7409, #9868 ),
 ( #7605, #8258, #10078, #1649 ),
 ( #1550, #6501, #9049, #243 ),
 ( #8950, #3493, #1710, #9770 ) ),
 .UNSPECIFIED., .F., .F., .F. ) 
 B_SPLINE_SURFACE_WITH_KNOTS ( ( 4, 4 ),
 ( 4, 4 ),
 ( 0.000000000000000000, 1.000000000000000000 ),
 ( 0.000000000000000000, 1.000000000000000000 ),
 .UNSPECIFIED. ) 
 GEOMETRIC_REPRESENTATION_ITEM ( )  RATIONAL_B_SPLINE_SURFACE ( (
 ( 1.000000000000000000, 0.3333333333333334259, 0.3333333333333334259, 1.000000000000000000),
 ( 0.8047378541243649375, 0.2682459513747884050, 0.2682459513747884050, 0.8047378541243649375),
 ( 0.8047378541243649375, 0.2682459513747884050, 0.2682459513747884050, 0.8047378541243649375),
 ( 1.000000000000000000, 0.3333333333333334259, 0.3333333333333334259, 1.000000000000000000) ) ) 
 REPRESENTATION_ITEM ( '' )  SURFACE ( )  );
#7661 = DIRECTION ( 'NONE',  ( 0.000000000000000000, 0.000000000000000000, -1.000000000000000000 ) ) ;
#7662 = CIRCLE ( 'NONE', #9363, 0.1000000000000001443 ) ;
#7663 = CARTESIAN_POINT ( 'NONE',  ( 1.354314575050763247, 1.549448224240262961, -1.477626359043974436 ) ) ;
#7664 = LINE ( 'NONE', #10136, #1373 ) ;
#7665 = VECTOR ( 'NONE', #6415, 1000.000000000000000 ) ;
#7666 = AXIS2_PLACEMENT_3D ( 'NONE', #5195, #4487, #4542 ) ;
#7667 = EDGE_CURVE ( 'NONE', #564, #8115, #354, .T. ) ;
#7668 = CYLINDRICAL_SURFACE ( 'NONE', #9920, 0.1000000000000000472 ) ;
#7669 = DIRECTION ( 'NONE',  ( 0.000000000000000000, -1.000000000000000000, 0.000000000000000000 ) ) ;
#7670 = LINE ( 'NONE', #6934, #1543 ) ;
#7671 = EDGE_LOOP ( 'NONE', ( #8159, #4409, #7573, #1392 ) ) ;
#7672 = ORIENTED_EDGE ( 'NONE', *, *, #714, .F. ) ;
#7673 = LINE ( 'NONE', #7735, #8582 ) ;
#7674 = PRESENTATION_LAYER_ASSIGNMENT (  '', '', ( #1835 ) ) ;
#7675 = ORIENTED_EDGE ( 'NONE', *, *, #8036, .F. ) ;
#7676 = CARTESIAN_POINT ( 'NONE',  ( 1.310883117545686094, 1.649999999999999911, 1.376122650963194971 ) ) ;
#7677 = VERTEX_POINT ( 'NONE', #9644 ) ;
#7678 = CARTESIAN_POINT ( 'NONE',  ( -1.785249455757842219, 1.841053859863680975, 1.472140972558303673 ) ) ;
#7679 = AXIS2_PLACEMENT_3D ( 'NONE', #9682, #3815, #8076 ) ;
#7680 = VECTOR ( 'NONE', #917, 1000.000000000000000 ) ;
#7681 = ADVANCED_FACE ( 'NONE', ( #9522 ), #5178, .T. ) ;
#7682 = EDGE_CURVE ( 'NONE', #4883, #9517, #534, .T. ) ;
#7683 = ORIENTED_EDGE ( 'NONE', *, *, #7576, .T. ) ;
#7684 = VERTEX_POINT ( 'NONE', #6266 ) ;
#7685 = VERTEX_POINT ( 'NONE', #513 ) ;
#7686 = CARTESIAN_POINT ( 'NONE',  ( -1.978072250575702906, 1.808901866519355917, -0.7533169077592970497 ) ) ;
#7687 = ORIENTED_EDGE ( 'NONE', *, *, #8437, .T. ) ;
#7688 = CARTESIAN_POINT ( 'NONE',  ( -2.100000000000000089, 1.449999999999999956, -0.8599999999999999867 ) ) ;
#7689 = FILL_AREA_STYLE ('',( #1189 ) ) ;
#7690 = DIRECTION ( 'NONE',  ( 0.000000000000000000, 1.000000000000000000, 0.000000000000000000 ) ) ;
#7691 = DIRECTION ( 'NONE',  ( 0.7071067811865497932, 4.336808689942012214E-15, -0.7071067811865453523 ) ) ;
#7692 = VECTOR ( 'NONE', #5512, 1000.000000000000000 ) ;
#7693 = EDGE_CURVE ( 'NONE', #7999, #3833, #6221, .T. ) ;
#7695 = ORIENTED_EDGE ( 'NONE', *, *, #4189, .T. ) ;
#7694 = VECTOR ( 'NONE', #8255, 1000.000000000000000 ) ;
#7696 = ORIENTED_EDGE ( 'NONE', *, *, #4558, .T. ) ;
#7697 = DIRECTION ( 'NONE',  ( 0.000000000000000000, -1.000000000000000000, 0.000000000000000000 ) ) ;
#7698 = PRESENTATION_STYLE_ASSIGNMENT (( #10170 ) ) ;
#7699 = UNCERTAINTY_MEASURE_WITH_UNIT (LENGTH_MEASURE( 1.000000000000000082E-05 ), #8850, 'distance_accuracy_value', 'NONE');
#7700 = VECTOR ( 'NONE', #3814, 1000.000000000000000 ) ;
#7701 = CARTESIAN_POINT ( 'NONE',  ( 2.100000000000000533, 1.449999999999999956, 1.500000000000000000 ) ) ;
#7702 = LINE ( 'NONE', #2007, #4723 ) ;
#7703 = SURFACE_SIDE_STYLE ('',( #1146 ) ) ;
#7704 = AXIS2_PLACEMENT_3D ( 'NONE', #7604, #129, #242 ) ;
#7705 = ADVANCED_FACE ( 'NONE', ( #7172 ), #9476, .T. ) ;
#7706 = MECHANICAL_DESIGN_GEOMETRIC_PRESENTATION_REPRESENTATION (  '', ( #335 ), #3206 ) ;
#7707 = ORIENTED_EDGE ( 'NONE', *, *, #7512, .T. ) ;
#7708 = FILL_AREA_STYLE_COLOUR ( '', #10086 ) ;
#7709 = CYLINDRICAL_SURFACE ( 'NONE', #155, 0.1000000000000002554 ) ;
#7710 = EDGE_CURVE ( 'NONE', #984, #7103, #6378, .T. ) ;
#7711 = VECTOR ( 'NONE', #10623, 1000.000000000000000 ) ;
#7712 = ORIENTED_EDGE ( 'NONE', *, *, #1092, .T. ) ;
#7713 = DIRECTION ( 'NONE',  ( 0.000000000000000000, 0.000000000000000000, -1.000000000000000000 ) ) ;
#7714 = DIRECTION ( 'NONE',  ( 0.000000000000000000, 1.301042606982587808E-14, -1.000000000000000000 ) ) ;
#7715 = LINE ( 'NONE', #6977, #4195 ) ;
#7716 = CIRCLE ( 'NONE', #4782, 0.1000000000000002554 ) ;
#7717 = DIRECTION ( 'NONE',  ( 0.000000000000000000, -1.000000000000000000, 0.000000000000000000 ) ) ;
#7718 = DIRECTION ( 'NONE',  ( 0.000000000000000000, 0.000000000000000000, -1.000000000000000000 ) ) ;
#7719 = EDGE_CURVE ( 'NONE', #6491, #10471, #3707, .T. ) ;
#7720 = EDGE_CURVE ( 'NONE', #6107, #5737, #8240, .T. ) ;
#7721 = DIRECTION ( 'NONE',  ( 0.000000000000000000, -1.000000000000000000, 0.000000000000000000 ) ) ;
#7722 = STYLED_ITEM ( 'NONE', ( #1923 ), #3025 ) ;
#7723 = DIRECTION ( 'NONE',  ( -2.710505431213766015E-16, 0.000000000000000000, 1.000000000000000000 ) ) ;
#7724 = ADVANCED_FACE ( 'NONE', ( #3006 ), #1462, .T. ) ;
#7725 = DIRECTION ( 'NONE',  ( -0.000000000000000000, 1.000000000000000000, -0.000000000000000000 ) ) ;
#7726 = FACE_OUTER_BOUND ( 'NONE', #6720, .T. ) ;
#7727 = AXIS2_PLACEMENT_3D ( 'NONE', #6351, #9615, #6295 ) ;
#7728 = CIRCLE ( 'NONE', #3420, 0.1000000000000000472 ) ;
#7729 = LINE ( 'NONE', #1459, #10058 ) ;
#7730 = UNCERTAINTY_MEASURE_WITH_UNIT (LENGTH_MEASURE( 1.000000000000000082E-05 ), #6109, 'distance_accuracy_value', 'NONE');
#7731 = CARTESIAN_POINT ( 'NONE',  ( 1.805194582267281689, 1.579572415026767374, 0.7697627741596239082 ) ) ;
#7732 = ORIENTED_EDGE ( 'NONE', *, *, #1660, .T. ) ;
#7733 = ORIENTED_EDGE ( 'NONE', *, *, #10408, .T. ) ;
#7734 = AXIS2_PLACEMENT_3D ( 'NONE', #9856, #1635, #8195 ) ;
#7735 = CARTESIAN_POINT ( 'NONE',  ( 1.910853531617384693, 1.550000000000000266, -0.8599999999999999867 ) ) ;
#7736 = ORIENTED_EDGE ( 'NONE', *, *, #85, .T. ) ;
#7737 = FACE_OUTER_BOUND ( 'NONE', #1241, .T. ) ;
#7738 = EDGE_LOOP ( 'NONE', ( #223, #10481, #6077, #6773, #8005, #5998, #2813, #5546, #880, #6067, #422, #8653 ) ) ;
#7739 = CYLINDRICAL_SURFACE ( 'NONE', #4121, 0.1000000000000000472 ) ;
#7740 = EDGE_CURVE ( 'NONE', #9326, #8506, #5046, .T. ) ;
#7741 = AXIS2_PLACEMENT_3D ( 'NONE', #10470, #10365, #3031 ) ;
#7742 = ORIENTED_EDGE ( 'NONE', *, *, #9350, .T. ) ;
#7743 = CARTESIAN_POINT ( 'NONE',  ( 1.947279220613579165, 1.649999999999999911, -0.7397265478953024553 ) ) ;
#7744 = ORIENTED_EDGE ( 'NONE', *, *, #417, .T. ) ;
#7745 = EDGE_LOOP ( 'NONE', ( #3352, #1396, #1935, #1999 ) ) ;
#7746 = COLOUR_RGB ( '',0.8431372549019607865, 0.8156862745098039102, 0.7529411764705882248 ) ;
#7747 = CARTESIAN_POINT ( 'NONE',  ( -1.327268482960745510, 1.850551775759736950, -1.477626359043973769 ) ) ;
#7748 = CARTESIAN_POINT ( 'NONE',  ( -2.000000000000000888, 1.550000000000000266, -1.600000000000000089 ) ) ;
#7749 = VERTEX_POINT ( 'NONE', #2368 ) ;
#7750 = CARTESIAN_POINT ( 'NONE',  ( -1.539999999999999591, 1.550000000000000266, 0.2144761058952749655 ) ) ;
#7751 = PRESENTATION_STYLE_ASSIGNMENT (( #2724 ) ) ;
#7752 = DIRECTION ( 'NONE',  ( -0.7071067811865497932, 4.336808689942012214E-15, 0.7071067811865453523 ) ) ;
#7753 = CARTESIAN_POINT ( 'NONE',  ( -1.804007243629379253, 1.822981538429054638, -1.418866253306647618 ) ) ;
#7754 = FACE_OUTER_BOUND ( 'NONE', #3243, .T. ) ;
#7755 = VERTEX_POINT ( 'NONE', #2667 ) ;
#7756 = CARTESIAN_POINT ( 'NONE',  ( -0.4000000000000000777, 1.550000000000000266, 1.259999999999999787 ) ) ;
#7757 = ORIENTED_EDGE ( 'NONE', *, *, #1746, .T. ) ;
#7758 = DIRECTION ( 'NONE',  ( 0.000000000000000000, -1.000000000000000000, 0.000000000000000000 ) ) ;
#7759 = SURFACE_STYLE_USAGE ( .BOTH. , #4468 ) ;
#7760 = CARTESIAN_POINT ( 'NONE',  ( 2.102842712474619180, 1.749999999999999778, 1.036711395993654694 ) ) ;
#7761 = PLANE ( 'NONE',  #6487 ) ;
#7762 = PRESENTATION_LAYER_ASSIGNMENT (  '', '', ( #1751 ) ) ;
#7763 = ORIENTED_EDGE ( 'NONE', *, *, #7260, .T. ) ;
#7764 =( NAMED_UNIT ( * ) PLANE_ANGLE_UNIT ( ) SI_UNIT ( $, .RADIAN. ) );
#7765 = LINE ( 'NONE', #6972, #9796 ) ;
#7766 = ORIENTED_EDGE ( 'NONE', *, *, #1991, .T. ) ;
#7767 = CARTESIAN_POINT ( 'NONE',  ( 1.210883117545685783, 1.650000000000000133, -1.376122650963194527 ) ) ;
#7768 = CARTESIAN_POINT ( 'NONE',  ( -1.360000000000000098, 1.550000000000000266, -1.410853531617383139 ) ) ;
#7769 = CARTESIAN_POINT ( 'NONE',  ( -1.919137802864846698, 1.550000000000000266, 0.9799999999999999822 ) ) ;
#7770 = SURFACE_STYLE_USAGE ( .BOTH. , #7130 ) ;
#7771 = DIRECTION ( 'NONE',  ( 0.000000000000000000, 0.000000000000000000, -1.000000000000000000 ) ) ;
#7772 = DIRECTION ( 'NONE',  ( 0.3447561378323560355, -0.7001135404623790581, -0.6252873226670683238 ) ) ;
#7773 = CARTESIAN_POINT ( 'NONE',  ( 1.500000000000000000, 0.07000000000000000666, 1.449999999999999289 ) ) ;
#7774 = DIRECTION ( 'NONE',  ( 0.000000000000000000, 0.000000000000000000, -1.000000000000000000 ) ) ;
#7775 = CARTESIAN_POINT ( 'NONE',  ( -2.299767353907860468, 0.5907607301639083985, -0.7950000000000000400 ) ) ;
#7776 = DIRECTION ( 'NONE',  ( 0.000000000000000000, -1.000000000000000000, 0.000000000000000000 ) ) ;
#7777 = EDGE_CURVE ( 'NONE', #5078, #10401, #5971, .T. ) ;
#7778 = EDGE_LOOP ( 'NONE', ( #3799, #4531, #9838, #265, #6427, #9740, #7865, #2110, #261, #5530, #1535 ) ) ;
#7779 = EDGE_LOOP ( 'NONE', ( #3626, #6350, #5574, #780 ) ) ;
#7780 =( BOUNDED_CURVE ( )  B_SPLINE_CURVE ( 3, ( #2963, #6274, #4596, #4697 ),
 .UNSPECIFIED., .F., .F. ) 
 B_SPLINE_CURVE_WITH_KNOTS ( ( 4, 4 ),
 ( 0.000000000000000000, 1.047197551196609178 ),
 .UNSPECIFIED. ) 
 CURVE ( )  GEOMETRIC_REPRESENTATION_ITEM ( )  RATIONAL_B_SPLINE_CURVE ( ( 1.000000000000000000, 0.9106836025229571030, 0.9106836025229571030, 1.000000000000000000 ) ) 
 REPRESENTATION_ITEM ( '' )  );
#7781 = ORIENTED_EDGE ( 'NONE', *, *, #5147, .F. ) ;
#7782 = FACE_OUTER_BOUND ( 'NONE', #5249, .T. ) ;
#7783 = EDGE_LOOP ( 'NONE', ( #8064, #4230, #9690, #9344 ) ) ;
#7784 = PLANE ( 'NONE',  #4641 ) ;
#7785 = AXIS2_PLACEMENT_3D ( 'NONE', #3405, #9000, #2549 ) ;
#7786 = CARTESIAN_POINT ( 'NONE',  ( -1.210883117545685561, 1.650000000000000133, 1.317105315413683586 ) ) ;
#7787 = ORIENTED_EDGE ( 'NONE', *, *, #10480, .F. ) ;
#7788 = SURFACE_STYLE_FILL_AREA ( #2099 ) ;
#7789 = ADVANCED_FACE ( 'NONE', ( #9227 ), #9944, .T. ) ;
#7790 = ADVANCED_FACE ( 'NONE', ( #3974 ), #6734, .F. ) ;
#7791 = EDGE_CURVE ( 'NONE', #10320, #4880, #10476, .T. ) ;
#7792 = ORIENTED_EDGE ( 'NONE', *, *, #3541, .F. ) ;
#7793 = ORIENTED_EDGE ( 'NONE', *, *, #4098, .F. ) ;
#7794 = DIRECTION ( 'NONE',  ( 0.9781476007338062439, 0.2079116908177564282, -0.000000000000000000 ) ) ;
#7795 = ORIENTED_EDGE ( 'NONE', *, *, #309, .T. ) ;
#7796 =( NAMED_UNIT ( * ) SI_UNIT ( $, .STERADIAN. ) SOLID_ANGLE_UNIT ( ) );
#7797 =( GEOMETRIC_REPRESENTATION_CONTEXT ( 3 ) GLOBAL_UNCERTAINTY_ASSIGNED_CONTEXT ( ( #6003 ) ) GLOBAL_UNIT_ASSIGNED_CONTEXT ( ( #8638, #6844, #1290 ) ) REPRESENTATION_CONTEXT ( 'NONE', 'WORKASPACE' ) );
#7798 = CARTESIAN_POINT ( 'NONE',  ( -1.983712939717728885, 1.493727452132623812, -1.421162560399869212 ) ) ;
#7799 = ORIENTED_EDGE ( 'NONE', *, *, #9129, .F. ) ;
#7800 = CARTESIAN_POINT ( 'NONE',  ( 1.820000000000000062, 1.539480857753717125, -1.519554108468272435 ) ) ;
#7801 = ORIENTED_EDGE ( 'NONE', *, *, #1207, .T. ) ;
#7802 = CYLINDRICAL_SURFACE ( 'NONE', #5071, 0.1000000000000000472 ) ;
#7803 = CARTESIAN_POINT ( 'NONE',  ( 0.4000000000000000777, 2.500000000000000000, 1.100000000000000089 ) ) ;
#7804 = UNCERTAINTY_MEASURE_WITH_UNIT (LENGTH_MEASURE( 1.000000000000000082E-05 ), #8411, 'distance_accuracy_value', 'NONE');
#7805 = CARTESIAN_POINT ( 'NONE',  ( -1.920000000000000373, 1.550000000000000266, -0.8538686835190338886 ) ) ;
#7806 = DIRECTION ( 'NONE',  ( 0.000000000000000000, 0.000000000000000000, 1.000000000000000000 ) ) ;
#7807 = AXIS2_PLACEMENT_3D ( 'NONE', #3749, #7058, #3692 ) ;
#7808 = DIRECTION ( 'NONE',  ( 0.000000000000000000, 0.000000000000000000, -1.000000000000000000 ) ) ;
#7809 = FILL_AREA_STYLE ('',( #2838 ) ) ;
#7810 = ORIENTED_EDGE ( 'NONE', *, *, #817, .T. ) ;
#7811 = EDGE_CURVE ( 'NONE', #6491, #2722, #10497, .T. ) ;
#7812 = LINE ( 'NONE', #6216, #675 ) ;
#7813 = EDGE_CURVE ( 'NONE', #8378, #5803, #968, .T. ) ;
#7814 = EDGE_LOOP ( 'NONE', ( #179, #5980, #3005, #7968, #10422 ) ) ;
#7815 = ORIENTED_EDGE ( 'NONE', *, *, #1453, .T. ) ;
#7816 = CARTESIAN_POINT ( 'NONE',  ( 1.310000000000000275, 0.07000000000000061728, -1.600000000000000089 ) ) ;
#7817 = DIRECTION ( 'NONE',  ( 9.866381877431726115E-16, 0.000000000000000000, 1.000000000000000000 ) ) ;
#7818 = DIRECTION ( 'NONE',  ( 0.000000000000000000, 0.000000000000000000, -1.000000000000000000 ) ) ;
#7819 = CARTESIAN_POINT ( 'NONE',  ( 1.460000000000000187, 1.550000000000000266, -1.419554108468271902 ) ) ;
#7820 = CARTESIAN_POINT ( 'NONE',  ( -1.920000000000000373, 1.849999999999999867, 0.8538686835190337776 ) ) ;
#7821 = CARTESIAN_POINT ( 'NONE',  ( 1.354314575050763025, 1.649999999999999689, -1.519554108468272435 ) ) ;
#7822 = MECHANICAL_DESIGN_GEOMETRIC_PRESENTATION_REPRESENTATION (  '', ( #6980 ), #1630 ) ;
#7823 = CARTESIAN_POINT ( 'NONE',  ( 1.600000000000000311, 0.000000000000000000, -0.6500000000000001332 ) ) ;
#7824 = B_SPLINE_CURVE_WITH_KNOTS ( 'NONE', 3,
 ( #8207, #5626, #4164, #3239 ),
 .UNSPECIFIED., .F., .F.,
 ( 4, 4 ),
 ( 0.000000000000000000, 1.000000000000000000 ),
 .UNSPECIFIED. ) ;
#7825 = LINE ( 'NONE', #9590, #9933 ) ;
#7826 = CIRCLE ( 'NONE', #7646, 0.09999999999999982514 ) ;
#7827 = EDGE_LOOP ( 'NONE', ( #2042, #3460, #8698, #8696, #349, #10572 ) ) ;
#7828 = CARTESIAN_POINT ( 'NONE',  ( -2.100000000000000089, 0.1800000000000006317, 1.649692833238015632 ) ) ;
#7829 = ORIENTED_EDGE ( 'NONE', *, *, #10227, .T. ) ;
#7830 = CARTESIAN_POINT ( 'NONE',  ( -1.846839578305846441, 1.537526402268321490, 0.8114972960866301266 ) ) ;
#7831 = ORIENTED_EDGE ( 'NONE', *, *, #1197, .T. ) ;
#7832 = CARTESIAN_POINT ( 'NONE',  ( 1.761347234272320428, 1.850551775759735840, -1.477626359043974658 ) ) ;
#7833 = EDGE_CURVE ( 'NONE', #4880, #5045, #5910, .T. ) ;
#7834 = VECTOR ( 'NONE', #10589, 1000.000000000000000 ) ;
#7835 = ADVANCED_FACE ( 'NONE', ( #5165 ), #10544, .T. ) ;
#7836 = DIRECTION ( 'NONE',  ( 0.7071067811865464625, -0.000000000000000000, -0.7071067811865487940 ) ) ;
#7837 =( BOUNDED_SURFACE ( )  B_SPLINE_SURFACE ( 3, 3, ( 
 ( #3942, #8943, #32, #9041 ),
 ( #6547, #1590, #4973, #686 ),
 ( #8046, #9763, #7243, #898 ),
 ( #8885, #6445, #3228, #3988 ) ),
 .UNSPECIFIED., .F., .F., .T. ) 
 B_SPLINE_SURFACE_WITH_KNOTS ( ( 4, 4 ),
 ( 4, 4 ),
 ( 0.000000000000000000, 1.000000000000000000 ),
 ( 0.000000000000000000, 1.000000000000000000 ),
 .UNSPECIFIED. ) 
 GEOMETRIC_REPRESENTATION_ITEM ( )  RATIONAL_B_SPLINE_SURFACE ( (
 ( 1.000000000000000000, 0.3333333333333334259, 0.3333333333333334259, 1.000000000000000000),
 ( 0.8025111867385938957, 0.2675037289128647244, 0.2675037289128647244, 0.8025111867385938957),
 ( 0.8025111867385938957, 0.2675037289128647244, 0.2675037289128647244, 0.8025111867385938957),
 ( 1.000000000000000000, 0.3333333333333334259, 0.3333333333333334259, 1.000000000000000000) ) ) 
 REPRESENTATION_ITEM ( '' )  SURFACE ( )  );
#7838 = ORIENTED_EDGE ( 'NONE', *, *, #6615, .F. ) ;
#7839 = DIRECTION ( 'NONE',  ( -0.000000000000000000, -0.000000000000000000, -1.000000000000000000 ) ) ;
#7840 = EDGE_CURVE ( 'NONE', #3769, #7622, #5864, .T. ) ;
#7841 = VERTEX_POINT ( 'NONE', #1521 ) ;
#7842 = ORIENTED_EDGE ( 'NONE', *, *, #10205, .T. ) ;
#7843 = DIRECTION ( 'NONE',  ( -1.000000000000000000, -0.000000000000000000, 0.000000000000000000 ) ) ;
#7844 = ORIENTED_EDGE ( 'NONE', *, *, #5947, .F. ) ;
#7845 = VECTOR ( 'NONE', #465, 1000.000000000000000 ) ;
#7846 = DIRECTION ( 'NONE',  ( 0.000000000000000000, -1.000000000000000000, 0.000000000000000000 ) ) ;
#7847 = CARTESIAN_POINT ( 'NONE',  ( 1.240172439427031259, 1.649999999999999911, -1.446833329081849584 ) ) ;
#7848 = DIRECTION ( 'NONE',  ( 0.000000000000000000, -1.000000000000000000, 0.000000000000000000 ) ) ;
#7849 = CYLINDRICAL_SURFACE ( 'NONE', #5230, 0.1000000000000000472 ) ;
#7850 = AXIS2_PLACEMENT_3D ( 'NONE', #6581, #7473, #2420 ) ;
#7851 = EDGE_CURVE ( 'NONE', #1327, #4170, #770, .T. ) ;
#7852 = VECTOR ( 'NONE', #8604, 1000.000000000000000 ) ;
#7853 = ADVANCED_FACE ( 'NONE', ( #7278 ), #4473, .T. ) ;
#7854 = ORIENTED_EDGE ( 'NONE', *, *, #9619, .F. ) ;
#7855 = DIRECTION ( 'NONE',  ( -0.000000000000000000, 1.000000000000000000, -0.000000000000000000 ) ) ;
#7856 = ORIENTED_EDGE ( 'NONE', *, *, #745, .T. ) ;
#7857 = CARTESIAN_POINT ( 'NONE',  ( 1.919137802864846698, 1.449999999999999956, -0.9799999999999999822 ) ) ;
#7858 = VECTOR ( 'NONE', #8273, 1000.000000000000000 ) ;
#7859 = FILL_AREA_STYLE ('',( #2203 ) ) ;
#7860 = CARTESIAN_POINT ( 'NONE',  ( -1.805857864376268385, 1.749999999999999778, -0.7397265478953025664 ) ) ;
#7861 = SURFACE_STYLE_USAGE ( .BOTH. , #9466 ) ;
#7862 = AXIS2_PLACEMENT_3D ( 'NONE', #7820, #7176, #8616 ) ;
#7863 =( NAMED_UNIT ( * ) SI_UNIT ( $, .STERADIAN. ) SOLID_ANGLE_UNIT ( ) );
#7864 = EDGE_CURVE ( 'NONE', #3094, #590, #3527, .T. ) ;
#7865 = ORIENTED_EDGE ( 'NONE', *, *, #8695, .F. ) ;
#7866 = PLANE ( 'NONE',  #3013 ) ;
#7867 = SURFACE_STYLE_USAGE ( .BOTH. , #350 ) ;
#7868 = ORIENTED_EDGE ( 'NONE', *, *, #10228, .T. ) ;
#7869 = STYLED_ITEM ( 'NONE', ( #717 ), #6711 ) ;
#7870 = ORIENTED_EDGE ( 'NONE', *, *, #1523, .F. ) ;
#7871 = VECTOR ( 'NONE', #10513, 1000.000000000000000 ) ;
#7872 = CARTESIAN_POINT ( 'NONE',  ( -1.820000000000000062, 1.449999999999999956, -1.319554108468271814 ) ) ;
#7873 = CYLINDRICAL_SURFACE ( 'NONE', #8705, 0.2000000000000005107 ) ;
#7874 = DIRECTION ( 'NONE',  ( 0.000000000000000000, 0.000000000000000000, 1.000000000000000000 ) ) ;
#7875 = FILL_AREA_STYLE_COLOUR ( '', #8730 ) ;
#7876 = EDGE_CURVE ( 'NONE', #10029, #1762, #486, .T. ) ;
#7877 = AXIS2_PLACEMENT_3D ( 'NONE', #2132, #5462, #6332 ) ;
#7878 = AXIS2_PLACEMENT_3D ( 'NONE', #9264, #8668, #5242 ) ;
#7879 = COLOUR_RGB ( '',0.8431372549019607865, 0.8156862745098039102, 0.7529411764705882248 ) ;
#7880 = DIRECTION ( 'NONE',  ( -1.000000000000000000, 2.168404344971007685E-15, -1.084202172485503842E-15 ) ) ;
#7881 = ORIENTED_EDGE ( 'NONE', *, *, #5868, .F. ) ;
#7882 = AXIS2_PLACEMENT_3D ( 'NONE', #1369, #574, #6927 ) ;
#7883 =( LENGTH_UNIT ( ) NAMED_UNIT ( * ) SI_UNIT ( .MILLI., .METRE. ) );
#7884 = ORIENTED_EDGE ( 'NONE', *, *, #6090, .T. ) ;
#7885 = CARTESIAN_POINT ( 'NONE',  ( -1.805194582267281245, 1.820038004349967098, 0.8110973381990249642 ) ) ;
#7886 = ORIENTED_EDGE ( 'NONE', *, *, #9482, .F. ) ;
#7887 = CARTESIAN_POINT ( 'NONE',  ( -1.939714764512132650, 1.459345992368435763, 1.478937174835058821 ) ) ;
#7888 = VECTOR ( 'NONE', #8476, 1000.000000000000000 ) ;
#7889 = CARTESIAN_POINT ( 'NONE',  ( -1.210883117545685783, 1.649999999999999911, 1.376122650963194305 ) ) ;
#7890 = STYLED_ITEM ( 'NONE', ( #8105 ), #2836 ) ;
#7891 = ORIENTED_EDGE ( 'NONE', *, *, #8354, .T. ) ;
#7892 = CARTESIAN_POINT ( 'NONE',  ( -0.3999999999999999667, 2.500000000000000000, 1.100000000000000089 ) ) ;
#7893 = ORIENTED_EDGE ( 'NONE', *, *, #9880, .F. ) ;
#7894 = ORIENTED_EDGE ( 'NONE', *, *, #2755, .T. ) ;
#7895 = ADVANCED_FACE ( 'NONE', ( #2104 ), #10264, .F. ) ;
#7896 = ORIENTED_EDGE ( 'NONE', *, *, #76, .F. ) ;
#7897 = DIRECTION ( 'NONE',  ( -1.000000000000000000, -0.000000000000000000, -0.000000000000000000 ) ) ;
#7898 = EDGE_CURVE ( 'NONE', #2980, #1810, #2818, .T. ) ;
#7899 = CARTESIAN_POINT ( 'NONE',  ( 1.283271467065781435, 1.820373552379055404, 1.418890833723893907 ) ) ;
#7900 = STYLED_ITEM ( 'NONE', ( #1119 ), #5935 ) ;
#7901 = CARTESIAN_POINT ( 'NONE',  ( 1.980053005378827891, 1.449999999999999956, -1.439455592598239964 ) ) ;
#7902 = PRESENTATION_LAYER_ASSIGNMENT (  '', '', ( #5837 ) ) ;
#7903 = CIRCLE ( 'NONE', #8743, 0.1000000000000000472 ) ;
#7904 = CARTESIAN_POINT ( 'NONE',  ( -1.785249455757841774, 1.802985821698001478, -1.510611728530160347 ) ) ;
#7905 = EDGE_CURVE ( 'NONE', #5478, #1017, #385, .T. ) ;
#7906 =( GEOMETRIC_REPRESENTATION_CONTEXT ( 3 ) GLOBAL_UNCERTAINTY_ASSIGNED_CONTEXT ( ( #303 ) ) GLOBAL_UNIT_ASSIGNED_CONTEXT ( ( #7022, #3474, #3111 ) ) REPRESENTATION_CONTEXT ( 'NONE', 'WORKASPACE' ) );
#7907 = ORIENTED_EDGE ( 'NONE', *, *, #6260, .F. ) ;
#7908 = PRESENTATION_LAYER_ASSIGNMENT (  '', '', ( #6541 ) ) ;
#7909 = DIRECTION ( 'NONE',  ( -0.000000000000000000, 1.000000000000000000, -0.000000000000000000 ) ) ;
#7910 = ORIENTED_EDGE ( 'NONE', *, *, #9001, .T. ) ;
#7911 = CARTESIAN_POINT ( 'NONE',  ( -1.832909342632961680, -1.124660092056822380, -0.09999999999999968636 ) ) ;
#7912 =( NAMED_UNIT ( * ) SI_UNIT ( $, .STERADIAN. ) SOLID_ANGLE_UNIT ( ) );
#7913 = ADVANCED_FACE ( 'NONE', ( #7632 ), #1245, .T. ) ;
#7914 = CARTESIAN_POINT ( 'NONE',  ( -1.310883117545685650, 1.550000000000000266, 1.376122650963194527 ) ) ;
#7915 = SURFACE_STYLE_FILL_AREA ( #7015 ) ;
#7916 = CARTESIAN_POINT ( 'NONE',  ( -1.975604021008833255, 1.477260257245418762, -1.435869782706153286 ) ) ;
#7917 = VECTOR ( 'NONE', #10274, 1000.000000000000000 ) ;
#7918 = UNCERTAINTY_MEASURE_WITH_UNIT (LENGTH_MEASURE( 1.000000000000000082E-05 ), #10124, 'distance_accuracy_value', 'NONE');
#7919 = VERTEX_POINT ( 'NONE', #2933 ) ;
#7920 = CARTESIAN_POINT ( 'NONE',  ( 2.299767353907860024, 0.5907607301639081765, -1.354999999999999982 ) ) ;
#7921 = ORIENTED_EDGE ( 'NONE', *, *, #5883, .F. ) ;
#7922 =( GEOMETRIC_REPRESENTATION_CONTEXT ( 3 ) GLOBAL_UNCERTAINTY_ASSIGNED_CONTEXT ( ( #1632 ) ) GLOBAL_UNIT_ASSIGNED_CONTEXT ( ( #1055, #1796, #5063 ) ) REPRESENTATION_CONTEXT ( 'NONE', 'WORKASPACE' ) );
#7923 = SURFACE_SIDE_STYLE ('',( #3767 ) ) ;
#7924 = ADVANCED_FACE ( 'NONE', ( #6247 ), #2146, .F. ) ;
#7925 = ORIENTED_EDGE ( 'NONE', *, *, #1803, .T. ) ;
#7926 = EDGE_CURVE ( 'NONE', #9714, #8057, #2723, .T. ) ;
#7927 = CARTESIAN_POINT ( 'NONE',  ( 1.978072250575702906, 1.850551775759736506, 1.235200384405516827 ) ) ;
#7928 = CARTESIAN_POINT ( 'NONE',  ( 1.354314575050763247, 1.549448224240262961, 1.477626359043974436 ) ) ;
#7929 = CARTESIAN_POINT ( 'NONE',  ( 1.785249455757841774, 1.802985821698001478, 1.510611728530160347 ) ) ;
#7930 = DIRECTION ( 'NONE',  ( -0.000000000000000000, -0.000000000000000000, 1.000000000000000000 ) ) ;
#7931 = CARTESIAN_POINT ( 'NONE',  ( -1.240172439427031259, 1.749999999999999778, -1.305411972844539470 ) ) ;
#7932 = DIRECTION ( 'NONE',  ( 0.000000000000000000, 0.000000000000000000, -1.000000000000000000 ) ) ;
#7933 = FACE_OUTER_BOUND ( 'NONE', #2972, .T. ) ;
#7934 = VECTOR ( 'NONE', #4026, 1000.000000000000114 ) ;
#7935 = SURFACE_STYLE_USAGE ( .BOTH. , #10350 ) ;
#7936 = CARTESIAN_POINT ( 'NONE',  ( -1.921608451931494654, 1.493727452132818101, 1.483267048186025727 ) ) ;
#7937 = CARTESIAN_POINT ( 'NONE',  ( 2.100000000000000089, 0.1800000014699860151, -0.7949999999999999289 ) ) ;
#7938 = ORIENTED_EDGE ( 'NONE', *, *, #10548, .T. ) ;
#7939 = CIRCLE ( 'NONE', #6574, 0.09999999999999997780 ) ;
#7940 = LINE ( 'NONE', #7136, #7193 ) ;
#7941 = DIRECTION ( 'NONE',  ( 0.000000000000000000, -1.000000000000000000, 0.000000000000000000 ) ) ;
#7942 = CARTESIAN_POINT ( 'NONE',  ( -1.944587271381273297, 1.467998644416366405, 1.470597603567530554 ) ) ;
#7943 = CARTESIAN_POINT ( 'NONE',  ( -1.819999998572660704, 1.539480857181791063, -1.519554108468272435 ) ) ;
#7944 = EDGE_LOOP ( 'NONE', ( #3960, #5395, #1667, #3131 ) ) ;
#7945 =( LENGTH_UNIT ( ) NAMED_UNIT ( * ) SI_UNIT ( .MILLI., .METRE. ) );
#7946 = ORIENTED_EDGE ( 'NONE', *, *, #6914, .T. ) ;
#7947 = ORIENTED_EDGE ( 'NONE', *, *, #1610, .F. ) ;
#7948 =( LENGTH_UNIT ( ) NAMED_UNIT ( * ) SI_UNIT ( .MILLI., .METRE. ) );
#7949 = ORIENTED_EDGE ( 'NONE', *, *, #4297, .T. ) ;
#7950 = CARTESIAN_POINT ( 'NONE',  ( -1.354314575050762803, 1.749999999999999778, -1.419554108468271680 ) ) ;
#7951 = ORIENTED_EDGE ( 'NONE', *, *, #5811, .F. ) ;
#7952 = FACE_OUTER_BOUND ( 'NONE', #8490, .T. ) ;
#7953 = SURFACE_STYLE_FILL_AREA ( #2193 ) ;
#7954 = VERTEX_POINT ( 'NONE', #3638 ) ;
#7955 = FILL_AREA_STYLE_COLOUR ( '', #6655 ) ;
#7956 = ORIENTED_EDGE ( 'NONE', *, *, #9216, .T. ) ;
#7957 = CARTESIAN_POINT ( 'NONE',  ( -1.354314575050763469, 1.649999999999999911, -1.419554108468271902 ) ) ;
#7958 = CARTESIAN_POINT ( 'NONE',  ( -1.995142775509890276, 1.449999999999978639, 1.416120190436488180 ) ) ;
#7959 =( LENGTH_UNIT ( ) NAMED_UNIT ( * ) SI_UNIT ( .MILLI., .METRE. ) );
#7960 = PLANE ( 'NONE',  #2000 ) ;
#7961 = FILL_AREA_STYLE ('',( #9016 ) ) ;
#7962 = AXIS2_PLACEMENT_3D ( 'NONE', #5479, #1556, #3033 ) ;
#7963 = DIRECTION ( 'NONE',  ( -1.000000000000000000, -0.000000000000000000, 0.000000000000000000 ) ) ;
#7964 = FACE_OUTER_BOUND ( 'NONE', #6071, .T. ) ;
#7965 = ORIENTED_EDGE ( 'NONE', *, *, #10014, .F. ) ;
#7966 = FACE_OUTER_BOUND ( 'NONE', #2657, .T. ) ;
#7967 = CARTESIAN_POINT ( 'NONE',  ( 0.4000000000000000777, 2.400000000000000355, 1.100000000000000089 ) ) ;
#7968 = ORIENTED_EDGE ( 'NONE', *, *, #10265, .F. ) ;
#7969 = CARTESIAN_POINT ( 'NONE',  ( 1.978072250575702906, 1.850551775759736728, 1.277623097029725985 ) ) ;
#7970 = CARTESIAN_POINT ( 'NONE',  ( 0.3999999999999999667, 1.449999999999999956, 0.000000000000000000 ) ) ;
#7971 = DIRECTION ( 'NONE',  ( -0.000000000000000000, 1.000000000000000000, -0.000000000000000000 ) ) ;
#7972 = CARTESIAN_POINT ( 'NONE',  ( -1.988032633253842940, 1.566741114999318008, 1.387586741722113937 ) ) ;
#7973 = LINE ( 'NONE', #2125, #3030 ) ;
#7974 = DIRECTION ( 'NONE',  ( -0.7071067811865463515, 0.000000000000000000, -0.7071067811865487940 ) ) ;
#7975 = SURFACE_STYLE_USAGE ( .BOTH. , #5455 ) ;
#7976 = EDGE_CURVE ( 'NONE', #6869, #9712, #8854, .T. ) ;
#7977 = EDGE_CURVE ( 'NONE', #317, #647, #9973, .T. ) ;
#7978 = EDGE_CURVE ( 'NONE', #10263, #5431, #5122, .T. ) ;
#7979 = DIRECTION ( 'NONE',  ( 0.000000000000000000, -0.000000000000000000, 1.000000000000000000 ) ) ;
#7980 = EDGE_CURVE ( 'NONE', #5798, #3094, #1940, .T. ) ;
#7981 = LINE ( 'NONE', #2800, #7208 ) ;
#7982 = VERTEX_POINT ( 'NONE', #6293 ) ;
#7983 =( LENGTH_UNIT ( ) NAMED_UNIT ( * ) SI_UNIT ( .MILLI., .METRE. ) );
#7984 = SURFACE_STYLE_USAGE ( .BOTH. , #7036 ) ;
#7985 = DIRECTION ( 'NONE',  ( 0.000000000000000000, -0.000000000000000000, -1.000000000000000000 ) ) ;
#7986 = VECTOR ( 'NONE', #9971, 1000.000000000000000 ) ;
#7987 = CARTESIAN_POINT ( 'NONE',  ( -1.961421356237309732, 1.449999999999999512, 1.460975464705581706 ) ) ;
#7988 = DIRECTION ( 'NONE',  ( -1.000000000000000000, -0.000000000000000000, -0.000000000000000000 ) ) ;
#7989 = AXIS2_PLACEMENT_3D ( 'NONE', #8949, #9709, #1648 ) ;
#7990 = EDGE_CURVE ( 'NONE', #6714, #1574, #9666, .T. ) ;
#7991 = VECTOR ( 'NONE', #3267, 999.9999999999998863 ) ;
#7992 = CARTESIAN_POINT ( 'NONE',  ( -1.805194582267281689, 1.649999999999999467, -0.7403961109355764458 ) ) ;
#7993 = ORIENTED_EDGE ( 'NONE', *, *, #4349, .T. ) ;
#7994 = CARTESIAN_POINT ( 'NONE',  ( 2.020000000000000462, 1.749999999999999778, 1.235200384405516161 ) ) ;
#7995 = ORIENTED_EDGE ( 'NONE', *, *, #6275, .F. ) ;
#7996 = ORIENTED_EDGE ( 'NONE', *, *, #6709, .F. ) ;
#7997 = CARTESIAN_POINT ( 'NONE',  ( 1.920000000000000373, 1.849999999999999867, 0.8538686835190338886 ) ) ;
#7998 = CIRCLE ( 'NONE', #9356, 0.1000000000000000472 ) ;
#7999 = VERTEX_POINT ( 'NONE', #10573 ) ;
#8000 = CARTESIAN_POINT ( 'NONE',  ( -1.968185286595250050, 1.449999999999991962, 1.454202824671499750 ) ) ;
#8001 = VERTEX_POINT ( 'NONE', #1393 ) ;
#8002 = LINE ( 'NONE', #7847, #2221 ) ;
#8003 = FACE_OUTER_BOUND ( 'NONE', #8529, .T. ) ;
#8004 = EDGE_CURVE ( 'NONE', #9712, #8361, #4865, .T. ) ;
#8005 = ORIENTED_EDGE ( 'NONE', *, *, #9287, .F. ) ;
#8006 = AXIS2_PLACEMENT_3D ( 'NONE', #8252, #7496, #8352 ) ;
#8007 = DIRECTION ( 'NONE',  ( -1.000000000000000000, 0.000000000000000000, 0.000000000000000000 ) ) ;
#8008 = ORIENTED_EDGE ( 'NONE', *, *, #7833, .F. ) ;
#8009 = DIRECTION ( 'NONE',  ( 2.710505431213766015E-16, -0.000000000000000000, -1.000000000000000000 ) ) ;
#8010 = DIRECTION ( 'NONE',  ( 0.000000000000000000, 0.000000000000000000, -1.000000000000000000 ) ) ;
#8011 = CARTESIAN_POINT ( 'NONE',  ( -1.389289321881345574, 1.449999999999999956, -1.340142853498727860 ) ) ;
#8012 = CARTESIAN_POINT ( 'NONE',  ( 1.948435503280003145, 1.449999877060273334, 1.473961366924080307 ) ) ;
#8013 = DIRECTION ( 'NONE',  ( -9.866381877431726115E-16, 0.000000000000000000, 1.000000000000000000 ) ) ;
#8014 = VECTOR ( 'NONE', #9797, 1000.000000000000000 ) ;
#8015 = PRESENTATION_STYLE_ASSIGNMENT (( #7269 ) ) ;
#8016 = SURFACE_SIDE_STYLE ('',( #4726 ) ) ;
#8017 = EDGE_CURVE ( 'NONE', #4556, #2094, #1965, .T. ) ;
#8018 = VECTOR ( 'NONE', #8136, 1000.000000000000000 ) ;
#8019 = PRODUCT_DEFINITION_CONTEXT ( 'detailed design', #8833, 'design' ) ;
#8020 = COLOUR_RGB ( '',1.000000000000000000, 1.000000000000000000, 1.000000000000000000 ) ;
#8021 = CARTESIAN_POINT ( 'NONE',  ( -0.4000000000000001887, 2.500000000000000000, -1.058578643762690508 ) ) ;
#8022 = DIRECTION ( 'NONE',  ( 0.000000000000000000, 0.000000000000000000, -1.000000000000000000 ) ) ;
#8023 = EDGE_LOOP ( 'NONE', ( #3852, #9329, #10003, #3407 ) ) ;
#8024 = DIRECTION ( 'NONE',  ( 0.7071067811865449082, 0.000000000000000000, 0.7071067811865502373 ) ) ;
#8025 = EDGE_LOOP ( 'NONE', ( #3457, #5849, #9875, #7198, #4992, #8954 ) ) ;
#8026 = FILL_AREA_STYLE_COLOUR ( '', #706 ) ;
#8027 = EDGE_CURVE ( 'NONE', #10145, #1148, #3800, .T. ) ;
#8028 = CARTESIAN_POINT ( 'NONE',  ( 1.379999999999999893, 1.749999999999999778, -1.519554108468272213 ) ) ;
#8029 = DIRECTION ( 'NONE',  ( 0.000000000000000000, 0.000000000000000000, -1.000000000000000000 ) ) ;
#8030 = EDGE_CURVE ( 'NONE', #10108, #9670, #5038, .T. ) ;
#8031 = CARTESIAN_POINT ( 'NONE',  ( -1.354314575050763247, 1.809017335549510497, 1.519554108468272435 ) ) ;
#8032 = FACE_OUTER_BOUND ( 'NONE', #7366, .T. ) ;
#8033 = DIRECTION ( 'NONE',  ( -1.000000000000000000, 0.000000000000000000, 0.000000000000000000 ) ) ;
#8034 = EDGE_CURVE ( 'NONE', #9968, #3939, #4350, .T. ) ;
#8035 = DIRECTION ( 'NONE',  ( 0.000000000000000000, 0.000000000000000000, -1.000000000000000000 ) ) ;
#8036 = EDGE_CURVE ( 'NONE', #1005, #8115, #9717, .T. ) ;
#8037 = CIRCLE ( 'NONE', #6851, 0.1000000000000001166 ) ;
#8038 = VECTOR ( 'NONE', #10514, 999.9999999999998863 ) ;
#8039 = CARTESIAN_POINT ( 'NONE',  ( -1.920000000000000373, 2.049999999999999822, 0.9799999999999999822 ) ) ;
#8040 = ORIENTED_EDGE ( 'NONE', *, *, #7132, .F. ) ;
#8041 = CARTESIAN_POINT ( 'NONE',  ( 1.971043495066911566, 1.467998644350701154, -1.444141379908203238 ) ) ;
#8042 = DIRECTION ( 'NONE',  ( 0.000000000000000000, -1.000000000000000000, 0.000000000000000000 ) ) ;
#8043 = EDGE_CURVE ( 'NONE', #10317, #9931, #6435, .T. ) ;
#8044 = LINE ( 'NONE', #5521, #9504 ) ;
#8045 = CIRCLE ( 'NONE', #5629, 0.09999999999999992228 ) ;
#8046 = CARTESIAN_POINT ( 'NONE',  ( -1.210883117545686005, 1.749999999999999556, -1.317105315413684030 ) ) ;
#8047 = CARTESIAN_POINT ( 'NONE',  ( 1.876568542494923664, 1.849999999999999867, 0.7104372260139569795 ) ) ;
#8048 = VECTOR ( 'NONE', #5124, 999.9999999999998863 ) ;
#8049 = VECTOR ( 'NONE', #1378, 1000.000000000000000 ) ;
#8050 = CARTESIAN_POINT ( 'NONE',  ( 1.840142853498730302, 1.550000000000000266, 0.8892893218813451295 ) ) ;
#8051 = CARTESIAN_POINT ( 'NONE',  ( -1.978072250575702906, 1.808901866519356361, 0.7533169077592969387 ) ) ;
#8052 = CARTESIAN_POINT ( 'NONE',  ( 1.500000000000000000, 0.000000000000000000, -0.6500000000000003553 ) ) ;
#8053 = ORIENTED_EDGE ( 'NONE', *, *, #3406, .T. ) ;
#8054 = VERTEX_POINT ( 'NONE', #4826 ) ;
#8055 = MECHANICAL_DESIGN_GEOMETRIC_PRESENTATION_REPRESENTATION (  '', ( #2881 ), #10630 ) ;
#8056 = DIRECTION ( 'NONE',  ( 0.000000000000000000, -1.000000000000000000, 0.000000000000000000 ) ) ;
#8057 = VERTEX_POINT ( 'NONE', #8843 ) ;
#8058 = CARTESIAN_POINT ( 'NONE',  ( -1.961509827306908926, 1.449999999999991962, 1.460886936314421014 ) ) ;
#8059 = ADVANCED_FACE ( 'NONE', ( #750 ), #4667, .F. ) ;
#8060 = ORIENTED_EDGE ( 'NONE', *, *, #10480, .T. ) ;
#8061 = DIRECTION ( 'NONE',  ( -0.7071067811865456854, 0.000000000000000000, 0.7071067811865493491 ) ) ;
#8062 = CIRCLE ( 'NONE', #9247, 0.09999999999999985290 ) ;
#8063 = AXIS2_PLACEMENT_3D ( 'NONE', #5076, #6882, #8358 ) ;
#8064 = ORIENTED_EDGE ( 'NONE', *, *, #6907, .T. ) ;
#8065 = VERTEX_POINT ( 'NONE', #591 ) ;
#8066 = LINE ( 'NONE', #493, #3722 ) ;
#8067 = ORIENTED_EDGE ( 'NONE', *, *, #3044, .F. ) ;
#8068 =( NAMED_UNIT ( * ) PLANE_ANGLE_UNIT ( ) SI_UNIT ( $, .RADIAN. ) );
#8069 = AXIS2_PLACEMENT_3D ( 'NONE', #8238, #121, #10164 ) ;
#8070 = CIRCLE ( 'NONE', #10304, 0.1000000000000000472 ) ;
#8071 =( GEOMETRIC_REPRESENTATION_CONTEXT ( 3 ) GLOBAL_UNCERTAINTY_ASSIGNED_CONTEXT ( ( #4381 ) ) GLOBAL_UNIT_ASSIGNED_CONTEXT ( ( #7948, #3798, #9664 ) ) REPRESENTATION_CONTEXT ( 'NONE', 'WORKASPACE' ) );
#8072 = PLANE ( 'NONE',  #1565 ) ;
#8073 = CARTESIAN_POINT ( 'NONE',  ( -1.906297506684001331, 1.583618131211382396, -0.6979586327827723702 ) ) ;
#8074 =( NAMED_UNIT ( * ) PLANE_ANGLE_UNIT ( ) SI_UNIT ( $, .RADIAN. ) );
#8075 = FACE_OUTER_BOUND ( 'NONE', #7261, .T. ) ;
#8076 = DIRECTION ( 'NONE',  ( -1.000000000000000000, 0.000000000000000000, -0.000000000000000000 ) ) ;
#8077 = COLOUR_RGB ( '',0.8431372549019607865, 0.8156862745098039102, 0.7529411764705882248 ) ;
#8078 = DIRECTION ( 'NONE',  ( 0.000000000000000000, 0.000000000000000000, 1.000000000000000000 ) ) ;
#8079 = ORIENTED_EDGE ( 'NONE', *, *, #5290, .F. ) ;
#8081 = DIRECTION ( 'NONE',  ( 0.000000000000000000, 0.000000000000000000, -1.000000000000000000 ) ) ;
#8080 = DIRECTION ( 'NONE',  ( 0.7071067811865474617, 0.000000000000000000, -0.7071067811865474617 ) ) ;
#8082 = ORIENTED_EDGE ( 'NONE', *, *, #6294, .F. ) ;
#8083 = PLANE ( 'NONE',  #9469 ) ;
#8084 = VECTOR ( 'NONE', #1399, 1000.000000000000000 ) ;
#8085 = DIRECTION ( 'NONE',  ( 1.000000000000000000, 0.000000000000000000, 0.000000000000000000 ) ) ;
#8086 = CARTESIAN_POINT ( 'NONE',  ( -1.919137802864846698, 2.049999999999999822, 0.9799999999999999822 ) ) ;
#8087 = CARTESIAN_POINT ( 'NONE',  ( 2.020000000000000018, 2.049999999999999822, 0.8538686835190342217 ) ) ;
#8088 = CARTESIAN_POINT ( 'NONE',  ( 1.920000000000000373, 1.649999999999999911, -0.8538686835190336666 ) ) ;
#8089 = CARTESIAN_POINT ( 'NONE',  ( -1.919057536156686394, 1.591423957884232410, 0.7538731248081388392 ) ) ;
#8090 = CARTESIAN_POINT ( 'NONE',  ( -1.995142775509957112, 1.449999999999999956, 1.416120190436367610 ) ) ;
#8091 = STYLED_ITEM ( 'NONE', ( #9913 ), #3982 ) ;
#8092 = FACE_OUTER_BOUND ( 'NONE', #5258, .T. ) ;
#8093 = CARTESIAN_POINT ( 'NONE',  ( -1.920000000000000151, 1.649999999999999911, -0.8538686835190338886 ) ) ;
#8094 = ORIENTED_EDGE ( 'NONE', *, *, #714, .T. ) ;
#8095 = CARTESIAN_POINT ( 'NONE',  ( 1.539999999999999591, 1.550000000000000266, -0.2144761058952749655 ) ) ;
#8096 = CARTESIAN_POINT ( 'NONE',  ( 1.910853531617384693, 1.550000000000000266, -0.8600000000000000977 ) ) ;
#8097 = DIRECTION ( 'NONE',  ( 1.000000000000000000, 0.000000000000000000, 0.000000000000000000 ) ) ;
#8098 = CARTESIAN_POINT ( 'NONE',  ( 1.735646275937244853, 1.749999999999999556, -1.519554108468272213 ) ) ;
#8099 = CARTESIAN_POINT ( 'NONE',  ( -1.283603896932107968, 1.649999999999999911, -1.490264786586926515 ) ) ;
#8100 = LINE ( 'NONE', #5783, #7711 ) ;
#8101 = EDGE_CURVE ( 'NONE', #10038, #9663, #3845, .T. ) ;
#8102 = CARTESIAN_POINT ( 'NONE',  ( -1.735646275937244853, 1.849999999999999867, -1.419554108468272569 ) ) ;
#8103 = CIRCLE ( 'NONE', #5526, 0.09999999999999993616 ) ;
#8104 = CARTESIAN_POINT ( 'NONE',  ( 1.910853531617384693, 1.449999999999999956, -0.8600000000000000977 ) ) ;
#8105 = PRESENTATION_STYLE_ASSIGNMENT (( #6558 ) ) ;
#8106 = ORIENTED_EDGE ( 'NONE', *, *, #6807, .T. ) ;
#8107 = ORIENTED_EDGE ( 'NONE', *, *, #8043, .T. ) ;
#8108 = ORIENTED_EDGE ( 'NONE', *, *, #9589, .T. ) ;
#8109 = CARTESIAN_POINT ( 'NONE',  ( -1.537157287525380500, 1.749999999999999778, -1.602396820942890043 ) ) ;
#8110 = VERTEX_POINT ( 'NONE', #9776 ) ;
#8111 = CARTESIAN_POINT ( 'NONE',  ( -1.995142775509890720, 1.449999999999978639, -1.416120190436488180 ) ) ;
#8112 = EDGE_CURVE ( 'NONE', #3729, #317, #6084, .T. ) ;
#8113 = EDGE_CURVE ( 'NONE', #2313, #4463, #4762, .T. ) ;
#8114 = ADVANCED_FACE ( 'NONE', ( #3087 ), #5632, .T. ) ;
#8115 = VERTEX_POINT ( 'NONE', #6507 ) ;
#8116 = VERTEX_POINT ( 'NONE', #49 ) ;
#8117 = ORIENTED_EDGE ( 'NONE', *, *, #9394, .F. ) ;
#8118 = ORIENTED_EDGE ( 'NONE', *, *, #3903, .T. ) ;
#8119 = DIRECTION ( 'NONE',  ( -4.336808689942025625E-15, 0.000000000000000000, -1.000000000000000000 ) ) ;
#8120 = CARTESIAN_POINT ( 'NONE',  ( 1.479999999999999982, 1.649999999999999911, 1.519554108468272213 ) ) ;
#8121 = CARTESIAN_POINT ( 'NONE',  ( 1.939714764531885960, 1.459345992359767585, 1.478937174818779399 ) ) ;
#8122 =( BOUNDED_SURFACE ( )  B_SPLINE_SURFACE ( 3, 3, ( 
 ( #7753, #2986, #4618, #442 ),
 ( #1944, #2106, #7904, #9293 ),
 ( #8594, #9391, #1995, #549 ),
 ( #3803, #10211, #1133, #6144 ) ),
 .UNSPECIFIED., .F., .F., .F. ) 
 B_SPLINE_SURFACE_WITH_KNOTS ( ( 4, 4 ),
 ( 4, 4 ),
 ( 0.000000000000000000, 1.000000000000000000 ),
 ( 0.000000000000000000, 1.000000000000000000 ),
 .UNSPECIFIED. ) 
 GEOMETRIC_REPRESENTATION_ITEM ( )  RATIONAL_B_SPLINE_SURFACE ( (
 ( 1.000000000000000000, 0.8002741005225383342, 0.8002741005225383342, 1.000000000000000000),
 ( 0.9533418993926747742, 0.7629348310269210565, 0.7629348310269210565, 0.9533418993926747742),
 ( 0.9533418993926747742, 0.7629348310269210565, 0.7629348310269210565, 0.9533418993926747742),
 ( 1.000000000000000000, 0.8002741005225383342, 0.8002741005225383342, 1.000000000000000000) ) ) 
 REPRESENTATION_ITEM ( '' )  SURFACE ( )  );
#8123 =( NAMED_UNIT ( * ) SI_UNIT ( $, .STERADIAN. ) SOLID_ANGLE_UNIT ( ) );
#8124 =( BOUNDED_SURFACE ( )  B_SPLINE_SURFACE ( 3, 2, ( 
 ( #4855, #2227, #1634 ),
 ( #2328, #8824, #9754 ),
 ( #5613, #4038, #4744 ),
 ( #7237, #4097, #5516 ) ),
 .UNSPECIFIED., .F., .F., .F. ) 
 B_SPLINE_SURFACE_WITH_KNOTS ( ( 4, 4 ),
 ( 3, 3 ),
 ( 0.2815142030153202080, 0.7853981633974501664 ),
 ( 0.000000000000000000, 1.000000000000000000 ),
 .UNSPECIFIED. ) 
 GEOMETRIC_REPRESENTATION_ITEM ( )  RATIONAL_B_SPLINE_SURFACE ( (
 ( 1.000000000000000000, 0.9808805871844852309, 1.000000000000000000),
 ( 1.000000000000000000, 0.9694504683580126292, 1.000000000000000000),
 ( 1.000000000000000000, 0.9477825877804855192, 1.000000000000000000),
 ( 1.000000000000000000, 0.9166041491664823626, 1.000000000000000000) ) ) 
 REPRESENTATION_ITEM ( '' )  SURFACE ( )  );
#8125 = LINE ( 'NONE', #765, #977 ) ;
#8126 = DIRECTION ( 'NONE',  ( -0.000000000000000000, 1.000000000000000000, -0.000000000000000000 ) ) ;
#8127 = ORIENTED_EDGE ( 'NONE', *, *, #1991, .F. ) ;
#8129 =( NAMED_UNIT ( * ) SI_UNIT ( $, .STERADIAN. ) SOLID_ANGLE_UNIT ( ) );
#8128 = DIRECTION ( 'NONE',  ( -1.000000000000000000, 0.000000000000000000, 0.000000000000000000 ) ) ;
#8130 = LINE ( 'NONE', #7967, #5509 ) ;
#8131 = CARTESIAN_POINT ( 'NONE',  ( -1.988032633037315922, 1.524734676614701190, 1.404418463151953622 ) ) ;
#8132 = CARTESIAN_POINT ( 'NONE',  ( 1.210883117545685783, 1.649999999999999911, 1.376122650963194305 ) ) ;
#8133 = DIRECTION ( 'NONE',  ( -1.000000000000000000, -0.000000000000000000, -4.928191693115927811E-16 ) ) ;
#8134 = SURFACE_STYLE_FILL_AREA ( #8285 ) ;
#8135 = LINE ( 'NONE', #9852, #3726 ) ;
#8136 = DIRECTION ( 'NONE',  ( -0.000000000000000000, 1.000000000000000000, 0.000000000000000000 ) ) ;
#8137 = VECTOR ( 'NONE', #3689, 1000.000000000000000 ) ;
#8138 = CARTESIAN_POINT ( 'NONE',  ( -1.638275862068965028, 1.550000000000000266, -0.2329654253690053578 ) ) ;
#8139 = DIRECTION ( 'NONE',  ( 0.000000000000000000, 0.000000000000000000, -1.000000000000000000 ) ) ;
#8140 = EDGE_CURVE ( 'NONE', #2982, #1087, #4529, .T. ) ;
#8141 = ADVANCED_FACE ( 'NONE', ( #4169 ), #2498, .T. ) ;
#8142 = LINE ( 'NONE', #3318, #3173 ) ;
#8143 = FACE_OUTER_BOUND ( 'NONE', #8478, .T. ) ;
#8144 = DIRECTION ( 'NONE',  ( 1.084202172485506012E-14, 0.000000000000000000, -1.000000000000000000 ) ) ;
#8145 = ORIENTED_EDGE ( 'NONE', *, *, #5975, .F. ) ;
#8146 = CARTESIAN_POINT ( 'NONE',  ( -2.020000000000000462, 1.809017335549510719, -1.235200384405516827 ) ) ;
#8147 = CARTESIAN_POINT ( 'NONE',  ( 1.876568542494923664, 1.550000000000000266, 0.8104372260139570683 ) ) ;
#8148 = LINE ( 'NONE', #3388, #5923 ) ;
#8149 = CARTESIAN_POINT ( 'NONE',  ( -1.803678909191087198, 1.777260257245602437, -1.487586741722113803 ) ) ;
#8150 = CARTESIAN_POINT ( 'NONE',  ( 2.100000000000000089, 1.399999999999999689, 0.000000000000000000 ) ) ;
#8151 = ADVANCED_FACE ( 'NONE', ( #4222 ), #146, .T. ) ;
#8152 = CARTESIAN_POINT ( 'NONE',  ( 1.354314575050763025, 1.649999999999999911, -1.419554108468271902 ) ) ;
#8153 = LINE ( 'NONE', #5572, #5293 ) ;
#8154 = ORIENTED_EDGE ( 'NONE', *, *, #9919, .F. ) ;
#8155 = ORIENTED_EDGE ( 'NONE', *, *, #10371, .F. ) ;
#8156 = FACE_OUTER_BOUND ( 'NONE', #9995, .T. ) ;
#8157 = ORIENTED_EDGE ( 'NONE', *, *, #9084, .T. ) ;
#8158 = EDGE_CURVE ( 'NONE', #4930, #5205, #6073, .T. ) ;
#8159 = ORIENTED_EDGE ( 'NONE', *, *, #4698, .T. ) ;
#8160 = DIRECTION ( 'NONE',  ( 0.000000000000000000, -1.000000000000000000, -0.000000000000000000 ) ) ;
#8161 = EDGE_CURVE ( 'NONE', #7524, #8417, #6944, .T. ) ;
#8162 = VECTOR ( 'NONE', #5399, 1000.000000000000000 ) ;
#8163 = ADVANCED_FACE ( 'NONE', ( #7357 ), #857, .T. ) ;
#8164 = ORIENTED_EDGE ( 'NONE', *, *, #10405, .F. ) ;
#8165 = ORIENTED_EDGE ( 'NONE', *, *, #7720, .F. ) ;
#8166 = COLOUR_RGB ( '',1.000000000000000000, 1.000000000000000000, 1.000000000000000000 ) ;
#8167 = VERTEX_POINT ( 'NONE', #9928 ) ;
#8168 = ORIENTED_EDGE ( 'NONE', *, *, #8952, .T. ) ;
#8169 = DIRECTION ( 'NONE',  ( 0.7071067811865456854, 0.000000000000000000, 0.7071067811865493491 ) ) ;
#8170 =( LENGTH_UNIT ( ) NAMED_UNIT ( * ) SI_UNIT ( .MILLI., .METRE. ) );
#8171 = DIRECTION ( 'NONE',  ( -0.6326911274538761232, -0.6869888215622168559, -0.3574189366691412628 ) ) ;
#8172 = VECTOR ( 'NONE', #9, 1000.000000000000114 ) ;
#8173 = EDGE_CURVE ( 'NONE', #4082, #8577, #6721, .T. ) ;
#8174 = CARTESIAN_POINT ( 'NONE',  ( 2.020000000000000462, 1.590982664450488970, 0.8538686835190336666 ) ) ;
#8175 = COLOUR_RGB ( '',1.000000000000000000, 1.000000000000000000, 1.000000000000000000 ) ;
#8176 = EDGE_CURVE ( 'NONE', #5696, #4282, #3244, .T. ) ;
#8177 = AXIS2_PLACEMENT_3D ( 'NONE', #5296, #10085, #7771 ) ;
#8178 = CARTESIAN_POINT ( 'NONE',  ( -1.379999999999999893, 1.749999999999999778, 1.519554108468272213 ) ) ;
#8179 = EDGE_LOOP ( 'NONE', ( #9614, #4881, #8106, #6569 ) ) ;
#8180 =( BOUNDED_SURFACE ( )  B_SPLINE_SURFACE ( 3, 3, ( 
 ( #1583, #8031, #2275, #2373 ),
 ( #6588, #10549, #4146, #670 ),
 ( #8820, #1626, #5665, #9807 ),
 ( #5558, #3929, #7232, #3212 ) ),
 .UNSPECIFIED., .F., .F., .T. ) 
 B_SPLINE_SURFACE_WITH_KNOTS ( ( 4, 4 ),
 ( 4, 4 ),
 ( 0.000000000000000000, 1.000000000000000000 ),
 ( 0.000000000000000000, 1.000000000000000000 ),
 .UNSPECIFIED. ) 
 GEOMETRIC_REPRESENTATION_ITEM ( )  RATIONAL_B_SPLINE_SURFACE ( (
 ( 1.000000000000000000, 0.8025111867385925635, 0.8025111867385925635, 1.000000000000000000),
 ( 0.9486501948152645802, 0.7613023936409950565, 0.7613023936409950565, 0.9486501948152645802),
 ( 0.9486501948152645802, 0.7613023936409950565, 0.7613023936409950565, 0.9486501948152645802),
 ( 1.000000000000000000, 0.8025111867385925635, 0.8025111867385925635, 1.000000000000000000) ) ) 
 REPRESENTATION_ITEM ( '' )  SURFACE ( )  );
#8181 = DIRECTION ( 'NONE',  ( 0.000000000000000000, -1.000000000000000000, 0.000000000000000000 ) ) ;
#8182 = CYLINDRICAL_SURFACE ( 'NONE', #9966, 0.1000000000000001443 ) ;
#8183 = CIRCLE ( 'NONE', #9898, 0.1000000000000000472 ) ;
#8184 = CARTESIAN_POINT ( 'NONE',  ( 1.311825581389000295, 1.450008882578243341, 1.476118209674089687 ) ) ;
#8185 = CARTESIAN_POINT ( 'NONE',  ( 1.805194582267281467, 1.820038004349967320, 0.8110973381990249642 ) ) ;
#8186 = DIRECTION ( 'NONE',  ( 0.8757138775497611549, 1.667502941282869802E-12, -0.4828304098405172828 ) ) ;
#8187 = AXIS2_PLACEMENT_3D ( 'NONE', #5401, #8665, #2960 ) ;
#8188 = EDGE_CURVE ( 'NONE', #211, #6741, #251, .T. ) ;
#8189 = CARTESIAN_POINT ( 'NONE',  ( 1.920000000000000373, 1.849999999999999645, 0.8538686835190343327 ) ) ;
#8190 = CARTESIAN_POINT ( 'NONE',  ( -1.978072250575702906, 1.549448224240262961, 0.7949668169996791933 ) ) ;
#8191 = AXIS2_PLACEMENT_3D ( 'NONE', #113, #4841, #4183 ) ;
#8192 = UNCERTAINTY_MEASURE_WITH_UNIT (LENGTH_MEASURE( 1.000000000000000082E-05 ), #6268, 'distance_accuracy_value', 'NONE');
#8193 = CARTESIAN_POINT ( 'NONE',  ( -1.920000000000000373, 1.449999999999999956, 0.8799999999999998934 ) ) ;
#8194 = FILL_AREA_STYLE ('',( #3882 ) ) ;
#8195 = DIRECTION ( 'NONE',  ( -1.000000000000000000, 0.000000000000000000, -0.000000000000000000 ) ) ;
#8196 = ORIENTED_EDGE ( 'NONE', *, *, #2946, .F. ) ;
#8197 = CARTESIAN_POINT ( 'NONE',  ( 1.310883117545685650, 1.649999999999999911, 1.376122650963194749 ) ) ;
#8198 = CARTESIAN_POINT ( 'NONE',  ( 1.803678909191086088, 1.777260257245604214, 1.487586741722114025 ) ) ;
#8199 = FILL_AREA_STYLE_COLOUR ( '', #8654 ) ;
#8200 = CARTESIAN_POINT ( 'NONE',  ( 1.975604021008820821, 1.477260257245428754, 1.435869782706161946 ) ) ;
#8201 = CARTESIAN_POINT ( 'NONE',  ( -1.990581655427291041, 1.449999999999999956, -1.424392735148029221 ) ) ;
#8202 = LINE ( 'NONE', #9917, #7044 ) ;
#8203 = AXIS2_PLACEMENT_3D ( 'NONE', #10028, #10141, #2647 ) ;
#8204 = DIRECTION ( 'NONE',  ( -0.000000000000000000, 1.000000000000000000, -0.000000000000000000 ) ) ;
#8205 = ORIENTED_EDGE ( 'NONE', *, *, #7833, .T. ) ;
#8206 = LINE ( 'NONE', #9769, #9525 ) ;
#8207 = CARTESIAN_POINT ( 'NONE',  ( 1.975604021008833255, 1.477260257245418762, 1.435869782706153286 ) ) ;
#8208 = ORIENTED_EDGE ( 'NONE', *, *, #4672, .T. ) ;
#8209 = ORIENTED_EDGE ( 'NONE', *, *, #9493, .F. ) ;
#8210 = CARTESIAN_POINT ( 'NONE',  ( -1.919057536156685506, 1.550004441289105195, -0.8538686835190336666 ) ) ;
#8211 = ORIENTED_EDGE ( 'NONE', *, *, #632, .F. ) ;
#8212 = DIRECTION ( 'NONE',  ( -0.000000000000000000, 1.000000000000000000, -0.000000000000000000 ) ) ;
#8213 = ORIENTED_EDGE ( 'NONE', *, *, #3181, .T. ) ;
#8214 = CARTESIAN_POINT ( 'NONE',  ( -0.4000000000000000777, 1.449999999999999956, -1.259999999999999787 ) ) ;
#8215 = VECTOR ( 'NONE', #7090, 1000.000000000000000 ) ;
#8216 = MECHANICAL_DESIGN_GEOMETRIC_PRESENTATION_REPRESENTATION (  '', ( #9061 ), #9762 ) ;
#8217 = CIRCLE ( 'NONE', #5310, 0.1000000000000000472 ) ;
#8219 = VERTEX_POINT ( 'NONE', #4875 ) ;
#8218 = MECHANICAL_DESIGN_GEOMETRIC_PRESENTATION_REPRESENTATION (  '', ( #9773 ), #9242 ) ;
#8220 = ORIENTED_EDGE ( 'NONE', *, *, #4754, .F. ) ;
#8221 = ORIENTED_EDGE ( 'NONE', *, *, #5300, .T. ) ;
#8222 = ORIENTED_EDGE ( 'NONE', *, *, #763, .F. ) ;
#8223 = FACE_OUTER_BOUND ( 'NONE', #7944, .T. ) ;
#8224 =( NAMED_UNIT ( * ) SI_UNIT ( $, .STERADIAN. ) SOLID_ANGLE_UNIT ( ) );
#8225 = DIRECTION ( 'NONE',  ( 0.000000000000000000, 0.000000000000000000, -1.000000000000000000 ) ) ;
#8226 = VECTOR ( 'NONE', #5064, 1000.000000000000000 ) ;
#8227 = AXIS2_PLACEMENT_3D ( 'NONE', #10432, #4016, #8969 ) ;
#8228 =( NAMED_UNIT ( * ) SI_UNIT ( $, .STERADIAN. ) SOLID_ANGLE_UNIT ( ) );
#8229 = CARTESIAN_POINT ( 'NONE',  ( -1.920000000000000373, 1.449999999999999956, 0.9799999999999999822 ) ) ;
#8230 =( NAMED_UNIT ( * ) PLANE_ANGLE_UNIT ( ) SI_UNIT ( $, .RADIAN. ) );
#8231 = CIRCLE ( 'NONE', #8911, 0.1000000000000000472 ) ;
#8232 = EDGE_CURVE ( 'NONE', #7146, #3738, #443, .T. ) ;
#8233 = DIRECTION ( 'NONE',  ( 0.000000000000000000, -1.000000000000000000, 0.000000000000000000 ) ) ;
#8234 = EDGE_LOOP ( 'NONE', ( #6568, #6526, #8282, #1024 ) ) ;
#8235 = CIRCLE ( 'NONE', #9057, 0.1000000000000000749 ) ;
#8236 = CARTESIAN_POINT ( 'NONE',  ( -1.947942502722566083, 1.791336399908426413, -0.7403961109355768899 ) ) ;
#8237 = CARTESIAN_POINT ( 'NONE',  ( 1.311825581389000295, 1.649999999999983480, 1.276127092252299589 ) ) ;
#8238 = CARTESIAN_POINT ( 'NONE',  ( 2.100000000000000089, 1.550000000000000266, -0.8599999999999999867 ) ) ;
#8239 = DIRECTION ( 'NONE',  ( 0.000000000000000000, 0.000000000000000000, -1.000000000000000000 ) ) ;
#8240 = CIRCLE ( 'NONE', #9616, 0.1000000000000000472 ) ;
#8241 = LINE ( 'NONE', #3315, #8919 ) ;
#8242 = ADVANCED_FACE ( 'NONE', ( #2602 ), #1008, .F. ) ;
#8243 = CARTESIAN_POINT ( 'NONE',  ( -1.950681815031790611, 1.454427688058792301, -1.469941046401197049 ) ) ;
#8244 = EDGE_CURVE ( 'NONE', #6401, #5029, #6833, .T. ) ;
#8245 = CIRCLE ( 'NONE', #3600, 0.1000000000000000472 ) ;
#8246 = DIRECTION ( 'NONE',  ( -0.2079116875743489690, 0.9781476014232136640, 0.000000000000000000 ) ) ;
#8247 = EDGE_LOOP ( 'NONE', ( #6068, #2824, #7363, #6292 ) ) ;
#8248 = CARTESIAN_POINT ( 'NONE',  ( 1.961421356237309732, 1.449999999999999512, -1.460975464705581706 ) ) ;
#8249 = DIRECTION ( 'NONE',  ( 0.000000000000000000, 0.000000000000000000, -1.000000000000000000 ) ) ;
#8250 = SURFACE_SIDE_STYLE ('',( #3278 ) ) ;
#8251 = CARTESIAN_POINT ( 'NONE',  ( 1.961421356237310176, 1.449999999999999734, -1.460975464705581484 ) ) ;
#8252 = CARTESIAN_POINT ( 'NONE',  ( -1.240172439427031259, 1.849999999999999867, -1.446833329081849584 ) ) ;
#8253 = LINE ( 'NONE', #6649, #10463 ) ;
#8254 = AXIS2_PLACEMENT_3D ( 'NONE', #3197, #6519, #9728 ) ;
#8255 = DIRECTION ( 'NONE',  ( 0.000000000000000000, -0.000000000000000000, -1.000000000000000000 ) ) ;
#8256 = ORIENTED_EDGE ( 'NONE', *, *, #1786, .T. ) ;
#8257 = CARTESIAN_POINT ( 'NONE',  ( 1.379999999999999893, 1.649999999999999911, -1.519554108468272213 ) ) ;
#8258 = CARTESIAN_POINT ( 'NONE',  ( 2.599999999999999201, 2.458578643762690863, -1.100000000000000311 ) ) ;
#8259 = CARTESIAN_POINT ( 'NONE',  ( -1.600000000000000755, 0.07000000000000032585, -0.5500000000000000444 ) ) ;
#8260 = ORIENTED_EDGE ( 'NONE', *, *, #8782, .F. ) ;
#8261 = ORIENTED_EDGE ( 'NONE', *, *, #7069, .F. ) ;
#8262 = VECTOR ( 'NONE', #5519, 1000.000000000000000 ) ;
#8263 = PLANE ( 'NONE',  #356 ) ;
#8264 = ORIENTED_EDGE ( 'NONE', *, *, #6823, .F. ) ;
#8265 = DIRECTION ( 'NONE',  ( 0.000000000000000000, 0.000000000000000000, -1.000000000000000000 ) ) ;
#8266 = ORIENTED_EDGE ( 'NONE', *, *, #5882, .F. ) ;
#8267 = DIRECTION ( 'NONE',  ( -0.000000000000000000, 1.000000000000000000, 0.000000000000000000 ) ) ;
#8268 = AXIS2_PLACEMENT_3D ( 'NONE', #1738, #8284, #10006 ) ;
#8269 = ADVANCED_FACE ( 'NONE', ( #7782 ), #8584, .T. ) ;
#8270 = VERTEX_POINT ( 'NONE', #3625 ) ;
#8271 = ORIENTED_EDGE ( 'NONE', *, *, #5554, .T. ) ;
#8272 = ORIENTED_EDGE ( 'NONE', *, *, #3836, .T. ) ;
#8273 = DIRECTION ( 'NONE',  ( -0.000000000000000000, 1.000000000000000000, -0.000000000000000000 ) ) ;
#8274 = DIRECTION ( 'NONE',  ( 5.732077271949496718E-16, -0.000000000000000000, 1.000000000000000000 ) ) ;
#8275 =( NAMED_UNIT ( * ) SI_UNIT ( $, .STERADIAN. ) SOLID_ANGLE_UNIT ( ) );
#8276 = EDGE_LOOP ( 'NONE', ( #6784, #4638, #5077, #4229 ) ) ;
#8277 = SURFACE_STYLE_FILL_AREA ( #1615 ) ;
#8278 = DIRECTION ( 'NONE',  ( 0.000000000000000000, 0.000000000000000000, -1.000000000000000000 ) ) ;
#8279 = DIRECTION ( 'NONE',  ( -0.000000000000000000, -0.000000000000000000, 1.000000000000000000 ) ) ;
#8280 = ORIENTED_EDGE ( 'NONE', *, *, #2619, .T. ) ;
#8281 = LINE ( 'NONE', #8971, #4053 ) ;
#8282 = ORIENTED_EDGE ( 'NONE', *, *, #1947, .T. ) ;
#8283 = FACE_OUTER_BOUND ( 'NONE', #6261, .T. ) ;
#8284 = DIRECTION ( 'NONE',  ( 0.7071067811865493491, -0.000000000000000000, 0.7071067811865456854 ) ) ;
#8285 = FILL_AREA_STYLE ('',( #5010 ) ) ;
#8286 = ADVANCED_FACE ( 'NONE', ( #7038 ), #6021, .T. ) ;
#8287 = CARTESIAN_POINT ( 'NONE',  ( 1.920000000000000373, 1.750000000000000000, -1.235200384405516161 ) ) ;
#8288 = CARTESIAN_POINT ( 'NONE',  ( 1.988032633253842940, 1.523913479700161666, -1.404747511482704159 ) ) ;
#8289 = CARTESIAN_POINT ( 'NONE',  ( 1.978072250575702906, 1.591098133480643995, -0.7533169077592973828 ) ) ;
#8290 = EDGE_CURVE ( 'NONE', #8054, #3801, #10023, .T. ) ;
#8291 = SURFACE_STYLE_USAGE ( .BOTH. , #5833 ) ;
#8292 = CARTESIAN_POINT ( 'NONE',  ( -1.919999999999999929, 1.849999999999999645, 0.8538686835190338886 ) ) ;
#8293 = EDGE_CURVE ( 'NONE', #1287, #5710, #1979, .T. ) ;
#8294 = CARTESIAN_POINT ( 'NONE',  ( 1.961421356237309732, 1.449999999999999289, -1.460975464705581928 ) ) ;
#8295 = ORIENTED_EDGE ( 'NONE', *, *, #3883, .F. ) ;
#8296 = SURFACE_SIDE_STYLE ('',( #9093 ) ) ;
#8297 = CARTESIAN_POINT ( 'NONE',  ( 2.049999999999999822, 1.449999999999999956, -1.500000000000000000 ) ) ;
#8298 = PLANE ( 'NONE',  #8995 ) ;
#8299 = AXIS2_PLACEMENT_3D ( 'NONE', #426, #8471, #1233 ) ;
#8300 = DIRECTION ( 'NONE',  ( 0.7071067811865486830, 0.000000000000000000, -0.7071067811865464625 ) ) ;
#8301 = ADVANCED_FACE ( 'NONE', ( #2922 ), #1868, .F. ) ;
#8302 = CARTESIAN_POINT ( 'NONE',  ( 1.360000000000000098, 1.550000000000000266, -1.419554108468271902 ) ) ;
#8303 = EDGE_CURVE ( 'NONE', #5189, #378, #4387, .T. ) ;
#8304 = ORIENTED_EDGE ( 'NONE', *, *, #10392, .F. ) ;
#8305 = DIRECTION ( 'NONE',  ( 0.7071067811865493491, 0.000000000000000000, -0.7071067811865456854 ) ) ;
#8306 = DIRECTION ( 'NONE',  ( 3.824509120056631987E-15, 0.9282544343432647116, 0.3719458362746727031 ) ) ;
#8307 = EDGE_LOOP ( 'NONE', ( #2773, #6673, #6832 ) ) ;
#8308 = ORIENTED_EDGE ( 'NONE', *, *, #5552, .F. ) ;
#8309 = DIRECTION ( 'NONE',  ( 1.000000000000000000, 0.000000000000000000, -4.928191693115927811E-16 ) ) ;
#8310 = EDGE_LOOP ( 'NONE', ( #4140, #10372, #9324 ) ) ;
#8311 = CARTESIAN_POINT ( 'NONE',  ( 1.846839578305845997, 1.816381868788617515, -0.6979586327827717041 ) ) ;
#8312 = ORIENTED_EDGE ( 'NONE', *, *, #8479, .T. ) ;
#8313 = CARTESIAN_POINT ( 'NONE',  ( -2.010554295406563163, 1.465648472317697015, -1.388168177529784275 ) ) ;
#8314 = ADVANCED_FACE ( 'NONE', ( #6889 ), #1171, .T. ) ;
#8315 = ADVANCED_FACE ( 'NONE', ( #7737 ), #10250, .T. ) ;
#8316 = CIRCLE ( 'NONE', #9863, 0.1000000000000000472 ) ;
#8317 = EDGE_LOOP ( 'NONE', ( #4876, #5440, #4173, #4925 ) ) ;
#8318 = PRESENTATION_STYLE_ASSIGNMENT (( #3055 ) ) ;
#8319 = ORIENTED_EDGE ( 'NONE', *, *, #5741, .F. ) ;
#8320 = ORIENTED_EDGE ( 'NONE', *, *, #371, .T. ) ;
#8321 = CARTESIAN_POINT ( 'NONE',  ( 1.500000000000000000, 0.07000000000000000666, 1.449999999999999289 ) ) ;
#8322 = DIRECTION ( 'NONE',  ( 0.7071067811865486830, 0.000000000000000000, -0.7071067811865464625 ) ) ;
#8323 = ORIENTED_EDGE ( 'NONE', *, *, #1857, .F. ) ;
#8324 = DIRECTION ( 'NONE',  ( 0.000000000000000000, 0.000000000000000000, -1.000000000000000000 ) ) ;
#8325 = CARTESIAN_POINT ( 'NONE',  ( 1.961391846773589798, 1.449999999999999956, 1.461004955062114030 ) ) ;
#8326 = VECTOR ( 'NONE', #10459, 1000.000000000000000 ) ;
#8327 = ADVANCED_FACE ( 'NONE', ( #6333 ), #2234, .T. ) ;
#8328 = CARTESIAN_POINT ( 'NONE',  ( 2.020000000000000462, 1.749999999999999778, 1.319554108468272036 ) ) ;
#8329 = DIRECTION ( 'NONE',  ( 0.000000000000000000, -1.000000000000000000, 0.000000000000000000 ) ) ;
#8330 = ORIENTED_EDGE ( 'NONE', *, *, #864, .F. ) ;
#8331 = UNCERTAINTY_MEASURE_WITH_UNIT (LENGTH_MEASURE( 1.000000000000000082E-05 ), #9090, 'distance_accuracy_value', 'NONE');
#8332 = AXIS2_PLACEMENT_3D ( 'NONE', #69, #4191, #8186 ) ;
#8333 = DIRECTION ( 'NONE',  ( 0.7071067811865449082, 0.000000000000000000, 0.7071067811865502373 ) ) ;
#8334 = ORIENTED_EDGE ( 'NONE', *, *, #7080, .T. ) ;
#8335 = CARTESIAN_POINT ( 'NONE',  ( 1.479999999999999982, 1.449999999999999956, -1.419554108468271902 ) ) ;
#8336 = CARTESIAN_POINT ( 'NONE',  ( -1.252810866969983561, 1.448896448480543109, -1.275570875203490884 ) ) ;
#8337 = LINE ( 'NONE', #5985, #1691 ) ;
#8338 = DIRECTION ( 'NONE',  ( 0.000000000000000000, 0.000000000000000000, 1.000000000000000000 ) ) ;
#8339 = ORIENTED_EDGE ( 'NONE', *, *, #5445, .F. ) ;
#8340 =( GEOMETRIC_REPRESENTATION_CONTEXT ( 3 ) GLOBAL_UNCERTAINTY_ASSIGNED_CONTEXT ( ( #1253 ) ) GLOBAL_UNIT_ASSIGNED_CONTEXT ( ( #6920, #5284, #4532 ) ) REPRESENTATION_CONTEXT ( 'NONE', 'WORKASPACE' ) );
#8341 =( NAMED_UNIT ( * ) SI_UNIT ( $, .STERADIAN. ) SOLID_ANGLE_UNIT ( ) );
#8342 = CARTESIAN_POINT ( 'NONE',  ( 1.638275862068965028, 1.550000000000000266, 0.2329654253690054411 ) ) ;
#8343 = CARTESIAN_POINT ( 'NONE',  ( -1.876568542494923664, 1.550000000000000266, -0.8104372260139570683 ) ) ;
#8344 = CIRCLE ( 'NONE', #2168, 0.09999999999999982514 ) ;
#8345 = EDGE_CURVE ( 'NONE', #9534, #5288, #8044, .T. ) ;
#8346 = EDGE_LOOP ( 'NONE', ( #3060, #10232, #2542, #756 ) ) ;
#8347 = CARTESIAN_POINT ( 'NONE',  ( -1.210883117545685783, 1.749999999999999778, 1.376122650963194527 ) ) ;
#8348 = CARTESIAN_POINT ( 'NONE',  ( -2.020000000000000462, 2.049999999999999822, -1.319554108468272036 ) ) ;
#8349 = DIRECTION ( 'NONE',  ( -0.7071067811865486830, 0.000000000000000000, -0.7071067811865464625 ) ) ;
#8350 = DIRECTION ( 'NONE',  ( 0.000000000000000000, 0.000000000000000000, -1.000000000000000000 ) ) ;
#8351 = CARTESIAN_POINT ( 'NONE',  ( 0.4000000000000000777, 2.500000000000000000, 1.100000000000000089 ) ) ;
#8352 = DIRECTION ( 'NONE',  ( 0.7071067811865456854, 0.000000000000000000, 0.7071067811865493491 ) ) ;
#8353 = CARTESIAN_POINT ( 'NONE',  ( -1.988032633253842940, 1.566741114999317785, -1.387586741722114159 ) ) ;
#8354 = EDGE_CURVE ( 'NONE', #5745, #6661, #614, .T. ) ;
#8355 = CARTESIAN_POINT ( 'NONE',  ( -1.919137802864846698, 1.550000000000000266, -0.9799999999999999822 ) ) ;
#8356 = DIRECTION ( 'NONE',  ( 0.000000000000000000, -1.000000000000000000, 0.000000000000000000 ) ) ;
#8357 = AXIS2_PLACEMENT_3D ( 'NONE', #649, #6517, #9787 ) ;
#8358 = DIRECTION ( 'NONE',  ( 0.7071067811865505703, 0.7071067811865444641, 0.000000000000000000 ) ) ;
#8359 = EDGE_CURVE ( 'NONE', #5802, #2217, #3667, .T. ) ;
#8360 = VERTEX_POINT ( 'NONE', #6443 ) ;
#8361 = VERTEX_POINT ( 'NONE', #2135 ) ;
#8362 =( NAMED_UNIT ( * ) SI_UNIT ( $, .STERADIAN. ) SOLID_ANGLE_UNIT ( ) );
#8363 = EDGE_LOOP ( 'NONE', ( #7744, #2827, #2101, #7831, #4386, #2112 ) ) ;
#8364 = CARTESIAN_POINT ( 'NONE',  ( -1.600000000000000311, 0.000000000000000000, 0.6500000000000001332 ) ) ;
#8365 = ORIENTED_EDGE ( 'NONE', *, *, #10213, .F. ) ;
#8366 = VECTOR ( 'NONE', #4959, 1000.000000000000000 ) ;
#8367 = COLOUR_RGB ( '',1.000000000000000000, 1.000000000000000000, 1.000000000000000000 ) ;
#8368 = VERTEX_POINT ( 'NONE', #5409 ) ;
#8369 = CARTESIAN_POINT ( 'NONE',  ( -2.100000000000000089, 0.1800000014699860151, -0.7949999999999999289 ) ) ;
#8370 = EDGE_CURVE ( 'NONE', #2846, #8628, #9537, .T. ) ;
#8371 = ADVANCED_FACE ( 'NONE', ( #2179 ), #3941, .T. ) ;
#8372 = ORIENTED_EDGE ( 'NONE', *, *, #1631, .T. ) ;
#8373 = VERTEX_POINT ( 'NONE', #8727 ) ;
#8374 = CARTESIAN_POINT ( 'NONE',  ( 1.735646275937244853, 1.749999999999999778, -1.419554108468272569 ) ) ;
#8375 = VECTOR ( 'NONE', #8947, 1000.000000000000000 ) ;
#8376 = CARTESIAN_POINT ( 'NONE',  ( -2.109781477448648079, 0.1779208828024128886, 0.7950000000000002620 ) ) ;
#8377 = CARTESIAN_POINT ( 'NONE',  ( 1.327268482960745732, 1.850551775759736950, -1.477626359043974880 ) ) ;
#8378 = VERTEX_POINT ( 'NONE', #4749 ) ;
#8379 = DIRECTION ( 'NONE',  ( 1.000000000000000000, 0.000000000000000000, 0.000000000000000000 ) ) ;
#8380 = CARTESIAN_POINT ( 'NONE',  ( -2.081698729810778747, 1.418301270189221697, 1.568301270189222496 ) ) ;
#8381 = CYLINDRICAL_SURFACE ( 'NONE', #10636, 0.1000000000000000472 ) ;
#8382 = DIRECTION ( 'NONE',  ( 3.412117296977063918E-16, -0.9282544343432639344, 0.3719458362746745905 ) ) ;
#8383 = AXIS2_PLACEMENT_3D ( 'NONE', #8671, #8721, #418 ) ;
#8384 = ORIENTED_EDGE ( 'NONE', *, *, #7811, .T. ) ;
#8385 = DIRECTION ( 'NONE',  ( 0.000000000000000000, -1.000000000000000000, 0.000000000000000000 ) ) ;
#8386 = CIRCLE ( 'NONE', #7034, 0.09999999999999997780 ) ;
#8387 =( LENGTH_UNIT ( ) NAMED_UNIT ( * ) SI_UNIT ( .MILLI., .METRE. ) );
#8388 = CARTESIAN_POINT ( 'NONE',  ( -1.735646275937244853, 1.749999999999999778, -1.419554108468272124 ) ) ;
#8389 = LINE ( 'NONE', #1903, #6808 ) ;
#8390 = CARTESIAN_POINT ( 'NONE',  ( 1.479999999999999982, 1.649999999999999911, 1.519554108468272213 ) ) ;
#8391 = PRESENTATION_STYLE_ASSIGNMENT (( #2065 ) ) ;
#8392 = CARTESIAN_POINT ( 'NONE',  ( 2.020000000000000462, 1.650000000000000133, -0.8538686835190339997 ) ) ;
#8393 = B_SPLINE_CURVE_WITH_KNOTS ( 'NONE', 3,
 ( #1409, #9938, #10491, #3920 ),
 .UNSPECIFIED., .F., .F.,
 ( 4, 4 ),
 ( 0.000000000000000000, 1.000000000000000000 ),
 .UNSPECIFIED. ) ;
#8394 = AXIS2_PLACEMENT_3D ( 'NONE', #1683, #4516, #6082 ) ;
#8395 = VECTOR ( 'NONE', #2611, 1000.000000000000000 ) ;
#8396 = VECTOR ( 'NONE', #4382, 1000.000000000000000 ) ;
#8397 = EDGE_LOOP ( 'NONE', ( #7171, #7593, #3674, #9834 ) ) ;
#8398 = SURFACE_STYLE_FILL_AREA ( #8554 ) ;
#8399 =( NAMED_UNIT ( * ) SI_UNIT ( $, .STERADIAN. ) SOLID_ANGLE_UNIT ( ) );
#8400 = FACE_OUTER_BOUND ( 'NONE', #10251, .T. ) ;
#8401 = ORIENTED_EDGE ( 'NONE', *, *, #9437, .T. ) ;
#8402 = CARTESIAN_POINT ( 'NONE',  ( -1.311825581389000739, 1.749999999999999778, 1.476118209674089465 ) ) ;
#8403 = AXIS2_PLACEMENT_3D ( 'NONE', #8667, #2225, #8776 ) ;
#8404 = DIRECTION ( 'NONE',  ( -0.000000000000000000, -0.000000000000000000, 1.000000000000000000 ) ) ;
#8405 = AXIS2_PLACEMENT_3D ( 'NONE', #6830, #10035, #6069 ) ;
#8406 = DIRECTION ( 'NONE',  ( -0.7071067811865487940, -0.000000000000000000, 0.7071067811865463515 ) ) ;
#8407 =( LENGTH_UNIT ( ) NAMED_UNIT ( * ) SI_UNIT ( .MILLI., .METRE. ) );
#8408 = DIRECTION ( 'NONE',  ( 0.000000000000000000, 0.000000000000000000, -1.000000000000000000 ) ) ;
#8409 = DIRECTION ( 'NONE',  ( -0.7071067811865487940, -0.000000000000000000, -0.7071067811865463515 ) ) ;
#8410 = CIRCLE ( 'NONE', #5161, 0.09999999999999982514 ) ;
#8411 =( LENGTH_UNIT ( ) NAMED_UNIT ( * ) SI_UNIT ( .MILLI., .METRE. ) );
#8412 = DIRECTION ( 'NONE',  ( -0.7071067811865486830, 0.000000000000000000, 0.7071067811865464625 ) ) ;
#8413 = DIRECTION ( 'NONE',  ( -0.7071067811865475727, 0.000000000000000000, 0.7071067811865474617 ) ) ;
#8414 = VERTEX_POINT ( 'NONE', #5567 ) ;
#8415 = VERTEX_POINT ( 'NONE', #1382 ) ;
#8416 = CARTESIAN_POINT ( 'NONE',  ( -1.639999999999999680, 1.550000000000000266, -0.2144761058952750765 ) ) ;
#8417 = VERTEX_POINT ( 'NONE', #10404 ) ;
#8418 = CARTESIAN_POINT ( 'NONE',  ( -1.846839578305846441, 1.536900777156472220, 0.7451183755087184002 ) ) ;
#8419 = ORIENTED_EDGE ( 'NONE', *, *, #5216, .T. ) ;
#8420 = CARTESIAN_POINT ( 'NONE',  ( -1.761347234272320650, 1.849995558710894716, 1.418611644624958146 ) ) ;
#8421 = AXIS2_PLACEMENT_3D ( 'NONE', #5491, #3046, #599 ) ;
#8422 = ORIENTED_EDGE ( 'NONE', *, *, #979, .F. ) ;
#8423 = STYLED_ITEM ( 'NONE', ( #9477 ), #4096 ) ;
#8424 = ORIENTED_EDGE ( 'NONE', *, *, #7040, .T. ) ;
#8425 = CARTESIAN_POINT ( 'NONE',  ( 0.3999999999999998557, 2.400000000000000355, -1.100000000000000089 ) ) ;
#8426 = ORIENTED_EDGE ( 'NONE', *, *, #8493, .T. ) ;
#8427 = ORIENTED_EDGE ( 'NONE', *, *, #6267, .T. ) ;
#8428 = CARTESIAN_POINT ( 'NONE',  ( -1.919057536156685950, 1.808576042115767502, -0.7538731248081388392 ) ) ;
#8429 = ORIENTED_EDGE ( 'NONE', *, *, #8101, .T. ) ;
#8430 = CARTESIAN_POINT ( 'NONE',  ( -1.310883117545686094, 1.649999999999999911, 1.376122650963194971 ) ) ;
#8431 = CARTESIAN_POINT ( 'NONE',  ( -2.000000000000000888, 1.449999999999999956, 1.600000000000000089 ) ) ;
#8432 = CARTESIAN_POINT ( 'NONE',  ( -2.100000000000000089, 0.1800000000000006317, 1.355000000000000648 ) ) ;
#8433 = CARTESIAN_POINT ( 'NONE',  ( -1.876568542494923664, 1.749999999999999778, 0.8104372260139570683 ) ) ;
#8434 = STYLED_ITEM ( 'NONE', ( #727 ), #4209 ) ;
#8435 = ADVANCED_FACE ( 'NONE', ( #9490 ), #8828, .T. ) ;
#8436 = EDGE_CURVE ( 'NONE', #9653, #4165, #3834, .T. ) ;
#8437 = EDGE_CURVE ( 'NONE', #5259, #1805, #91, .T. ) ;
#8438 = ADVANCED_FACE ( 'NONE', ( #685 ), #10324, .T. ) ;
#8439 = CARTESIAN_POINT ( 'NONE',  ( -1.986010904275702371, 1.449999999999999956, -1.432682747816456104 ) ) ;
#8440 = ORIENTED_EDGE ( 'NONE', *, *, #4664, .T. ) ;
#8441 = CARTESIAN_POINT ( 'NONE',  ( 1.399999999999999689, 0.07000000000000000666, 1.550000000000000266 ) ) ;
#8442 = VECTOR ( 'NONE', #431, 1000.000000000000000 ) ;
#8443 = FACE_OUTER_BOUND ( 'NONE', #9272, .T. ) ;
#8444 = UNCERTAINTY_MEASURE_WITH_UNIT (LENGTH_MEASURE( 1.000000000000000082E-05 ), #8924, 'distance_accuracy_value', 'NONE');
#8445 = FACE_OUTER_BOUND ( 'NONE', #8397, .T. ) ;
#8446 = CARTESIAN_POINT ( 'NONE',  ( 1.947279220613578943, 1.749999999999999778, -0.7397265478953024553 ) ) ;
#8447 = CYLINDRICAL_SURFACE ( 'NONE', #4245, 0.1000000000000000472 ) ;
#8448 = CARTESIAN_POINT ( 'NONE',  ( 2.020000000000000018, 1.649999999999999911, -0.9799999999999999822 ) ) ;
#8449 = ORIENTED_EDGE ( 'NONE', *, *, #4526, .T. ) ;
#8450 = FILL_AREA_STYLE ('',( #3655 ) ) ;
#8451 = PRESENTATION_STYLE_ASSIGNMENT (( #1911 ) ) ;
#8452 = ORIENTED_EDGE ( 'NONE', *, *, #7719, .T. ) ;
#8453 = CARTESIAN_POINT ( 'NONE',  ( 1.252810866969983339, 1.448896448480526677, -1.275570875203457577 ) ) ;
#8454 = LINE ( 'NONE', #8348, #4657 ) ;
#8455 = CARTESIAN_POINT ( 'NONE',  ( 1.990710678118655208, 1.849999999999999867, -0.7831580054003789426 ) ) ;
#8456 = FILL_AREA_STYLE ('',( #1267 ) ) ;
#8457 = UNCERTAINTY_MEASURE_WITH_UNIT (LENGTH_MEASURE( 1.000000000000000082E-05 ), #4840, 'distance_accuracy_value', 'NONE');
#8458 = FACE_OUTER_BOUND ( 'NONE', #6217, .T. ) ;
#8459 = EDGE_CURVE ( 'NONE', #4930, #366, #3788, .T. ) ;
#8460 = CARTESIAN_POINT ( 'NONE',  ( -1.904864354683633021, 1.524734676614828199, -1.487586741505586119 ) ) ;
#8461 = EDGE_CURVE ( 'NONE', #747, #1064, #2971, .T. ) ;
#8462 = B_SPLINE_CURVE_WITH_KNOTS ( 'NONE', 3,
 ( #5943, #6647, #8988, #1641, #4155, #7445, #840, #4916, #8201, #9862 ),
 .UNSPECIFIED., .F., .F.,
 ( 4, 3, 3, 4 ),
 ( -1.251575583064128182E-07, 3.891057601449442183E-21, 2.778928985565211224E-05, 5.613193899853601238E-05 ),
 .UNSPECIFIED. ) ;
#8463 = CARTESIAN_POINT ( 'NONE',  ( 2.201952593834479277, 0.6115518992456836500, -1.354999999999999982 ) ) ;
#8464 = LINE ( 'NONE', #9201, #7694 ) ;
#8465 = CARTESIAN_POINT ( 'NONE',  ( 1.920000000000000373, 1.550000000000000266, -0.8799999999999998934 ) ) ;
#8466 = UNCERTAINTY_MEASURE_WITH_UNIT (LENGTH_MEASURE( 1.000000000000000082E-05 ), #4206, 'distance_accuracy_value', 'NONE');
#8467 = ORIENTED_EDGE ( 'NONE', *, *, #10609, .T. ) ;
#8468 = EDGE_LOOP ( 'NONE', ( #10555, #7925, #6898, #8145, #853 ) ) ;
#8469 = CARTESIAN_POINT ( 'NONE',  ( 1.379999999999999893, 2.049999999999999822, -1.519554108468272213 ) ) ;
#8470 = ORIENTED_EDGE ( 'NONE', *, *, #3179, .F. ) ;
#8471 = DIRECTION ( 'NONE',  ( 0.000000000000000000, 0.000000000000000000, -1.000000000000000000 ) ) ;
#8472 = EDGE_LOOP ( 'NONE', ( #5655, #1215, #8304, #9725, #6137 ) ) ;
#8473 = CARTESIAN_POINT ( 'NONE',  ( 1.409289321881345591, 2.049999999999999822, -1.348427124746190087 ) ) ;
#8474 = EDGE_CURVE ( 'NONE', #2864, #7065, #9162, .T. ) ;
#8475 = ORIENTED_EDGE ( 'NONE', *, *, #3155, .T. ) ;
#8476 = DIRECTION ( 'NONE',  ( -1.000000000000000000, 0.000000000000000000, 4.928191693115927811E-16 ) ) ;
#8477 = VERTEX_POINT ( 'NONE', #80 ) ;
#8478 = EDGE_LOOP ( 'NONE', ( #10102, #3513, #1983, #1555 ) ) ;
#8479 = EDGE_CURVE ( 'NONE', #7339, #7147, #10382, .T. ) ;
#8480 = DIRECTION ( 'NONE',  ( 0.000000000000000000, 1.000000000000000000, -0.000000000000000000 ) ) ;
#8481 = VERTEX_POINT ( 'NONE', #3325 ) ;
#8482 = CARTESIAN_POINT ( 'NONE',  ( -1.961421356237310176, 1.449999999999999734, 1.460975464705581484 ) ) ;
#8483 = EDGE_CURVE ( 'NONE', #10193, #3083, #897, .T. ) ;
#8484 = CARTESIAN_POINT ( 'NONE',  ( -1.820000000000000062, 1.849999999999999867, -1.419554108468272124 ) ) ;
#8485 = CARTESIAN_POINT ( 'NONE',  ( -1.310883117545685650, 1.749999999999999778, -1.376122650963194527 ) ) ;
#8486 = DIRECTION ( 'NONE',  ( 0.000000000000000000, 0.000000000000000000, -1.000000000000000000 ) ) ;
#8487 = DIRECTION ( 'NONE',  ( 0.7071067811865487940, 0.000000000000000000, -0.7071067811865463515 ) ) ;
#8488 = ADVANCED_FACE ( 'NONE', ( #1589 ), #8298, .F. ) ;
#8489 = FACE_OUTER_BOUND ( 'NONE', #10282, .T. ) ;
#8490 = EDGE_LOOP ( 'NONE', ( #326, #8168, #1817, #5271 ) ) ;
#8491 = LINE ( 'NONE', #1899, #2159 ) ;
#8492 = CARTESIAN_POINT ( 'NONE',  ( -1.906297506684001553, 1.862473597731678199, -0.8114972960866296825 ) ) ;
#8493 = EDGE_CURVE ( 'NONE', #10073, #158, #9704, .T. ) ;
#8494 = CIRCLE ( 'NONE', #6458, 0.1000000000000013517 ) ;
#8495 = FACE_OUTER_BOUND ( 'NONE', #1389, .T. ) ;
#8496 = CARTESIAN_POINT ( 'NONE',  ( -1.302305608210474475, 1.560412916578077125, -1.418709745098121866 ) ) ;
#8497 = EDGE_CURVE ( 'NONE', #9470, #3653, #6113, .T. ) ;
#8498 = CARTESIAN_POINT ( 'NONE',  ( 1.354314575050763469, 1.749999999999999778, -1.419554108468271902 ) ) ;
#8499 = LINE ( 'NONE', #3651, #3715 ) ;
#8500 = VECTOR ( 'NONE', #1625, 1000.000000000000000 ) ;
#8501 = ORIENTED_EDGE ( 'NONE', *, *, #1968, .T. ) ;
#8502 = LINE ( 'NONE', #1213, #4431 ) ;
#8503 = FILL_AREA_STYLE ('',( #4315 ) ) ;
#8504 = VECTOR ( 'NONE', #1038, 1000.000000000000114 ) ;
#8505 = EDGE_CURVE ( 'NONE', #10414, #6491, #2385, .T. ) ;
#8506 = VERTEX_POINT ( 'NONE', #993 ) ;
#8507 = CARTESIAN_POINT ( 'NONE',  ( 2.020000000000000018, 1.449999999999999956, -1.224999999999999867 ) ) ;
#8508 = SURFACE_STYLE_FILL_AREA ( #5887 ) ;
#8509 = DIRECTION ( 'NONE',  ( -0.7071067811865449082, 0.000000000000000000, 0.7071067811865502373 ) ) ;
#8510 = CARTESIAN_POINT ( 'NONE',  ( -1.600000000000000755, 0.000000000000000000, -0.5500000000000000444 ) ) ;
#8511 = VECTOR ( 'NONE', #6468, 1000.000000000000000 ) ;
#8512 = FILL_AREA_STYLE_COLOUR ( '', #4064 ) ;
#8513 = CARTESIAN_POINT ( 'NONE',  ( 1.302305608210474031, 1.560412916578076903, -1.418709745098121866 ) ) ;
#8514 = DIRECTION ( 'NONE',  ( 0.7071067811865486830, 0.000000000000000000, 0.7071067811865464625 ) ) ;
#8515 =( GEOMETRIC_REPRESENTATION_CONTEXT ( 3 ) GLOBAL_UNCERTAINTY_ASSIGNED_CONTEXT ( ( #8545 ) ) GLOBAL_UNIT_ASSIGNED_CONTEXT ( ( #6207, #8068, #7159 ) ) REPRESENTATION_CONTEXT ( 'NONE', 'WORKASPACE' ) );
#8516 = LINE ( 'NONE', #10452, #4613 ) ;
#8517 = VECTOR ( 'NONE', #2795, 1000.000000000000000 ) ;
#8518 = CARTESIAN_POINT ( 'NONE',  ( -1.638275862068965028, 1.449999999999999956, -0.2329654253690053578 ) ) ;
#8519 = CARTESIAN_POINT ( 'NONE',  ( 0.4000000000000001887, 1.550000000000000266, 1.259999999999999787 ) ) ;
#8520 = CARTESIAN_POINT ( 'NONE',  ( 1.848427124746192307, 2.049999999999999822, 0.9092893218813449252 ) ) ;
#8521 = ORIENTED_EDGE ( 'NONE', *, *, #8004, .T. ) ;
#8522 = VERTEX_POINT ( 'NONE', #133 ) ;
#8523 =( BOUNDED_SURFACE ( )  B_SPLINE_SURFACE ( 3, 3, ( 
 ( #1931, #10150, #3408, #6942 ),
 ( #1071, #7574, #7678, #3575 ),
 ( #9327, #6893, #10198, #8420 ),
 ( #9986, #2807, #214, #6126 ) ),
 .UNSPECIFIED., .F., .F., .F. ) 
 B_SPLINE_SURFACE_WITH_KNOTS ( ( 4, 4 ),
 ( 4, 4 ),
 ( 0.000000000000000000, 1.000000000000000000 ),
 ( 0.000000000000000000, 1.000000000000000000 ),
 .UNSPECIFIED. ) 
 GEOMETRIC_REPRESENTATION_ITEM ( )  RATIONAL_B_SPLINE_SURFACE ( (
 ( 1.000000000000000000, 0.8025111867385946729, 0.8025111867385946729, 1.000000000000000000),
 ( 0.9533418993926734419, 0.7650675390492402972, 0.7650675390492402972, 0.9533418993926734419),
 ( 0.9533418993926734419, 0.7650675390492402972, 0.7650675390492402972, 0.9533418993926734419),
 ( 1.000000000000000000, 0.8025111867385946729, 0.8025111867385946729, 1.000000000000000000) ) ) 
 REPRESENTATION_ITEM ( '' )  SURFACE ( )  );
#8524 = VECTOR ( 'NONE', #6525, 1000.000000000000114 ) ;
#8525 = ORIENTED_EDGE ( 'NONE', *, *, #4672, .F. ) ;
#8526 = DIRECTION ( 'NONE',  ( 0.000000000000000000, -1.000000000000000000, 0.000000000000000000 ) ) ;
#8527 =( NAMED_UNIT ( * ) SI_UNIT ( $, .STERADIAN. ) SOLID_ANGLE_UNIT ( ) );
#8528 = AXIS2_PLACEMENT_3D ( 'NONE', #2301, #7855, #2989 ) ;
#8529 = EDGE_LOOP ( 'NONE', ( #4790, #1125, #87, #8440, #8165, #4827 ) ) ;
#8530 = MECHANICAL_DESIGN_GEOMETRIC_PRESENTATION_REPRESENTATION (  '', ( #811 ), #308 ) ;
#8531 = EDGE_LOOP ( 'NONE', ( #6659, #2044, #5423 ) ) ;
#8532 = ORIENTED_EDGE ( 'NONE', *, *, #6250, .F. ) ;
#8533 = CARTESIAN_POINT ( 'NONE',  ( -1.978072250575702906, 1.850551775759736506, -0.8538686835190349989 ) ) ;
#8534 = CARTESIAN_POINT ( 'NONE',  ( 1.310000000000000275, 0.07000000000000061728, -0.5500000000000000444 ) ) ;
#8535 = ORIENTED_EDGE ( 'NONE', *, *, #3291, .F. ) ;
#8536 = CARTESIAN_POINT ( 'NONE',  ( -1.975604176770530573, 1.477260098308209368, 1.435869690629616890 ) ) ;
#8537 = CARTESIAN_POINT ( 'NONE',  ( -1.978072250575702462, 1.826778885434146904, 1.312759064811536813 ) ) ;
#8538 = CARTESIAN_POINT ( 'NONE',  ( 1.961362346857312700, 1.449999999999992184, 1.461034454975369101 ) ) ;
#8539 = CARTESIAN_POINT ( 'NONE',  ( 1.210883117545685783, 1.868034671099021660, -1.435139986512705468 ) ) ;
#8540 = VERTEX_POINT ( 'NONE', #3227 ) ;
#8541 = CARTESIAN_POINT ( 'NONE',  ( -1.409289321881345591, 1.550000000000000266, 1.348427124746190087 ) ) ;
#8542 = ORIENTED_EDGE ( 'NONE', *, *, #551, .T. ) ;
#8543 = DIRECTION ( 'NONE',  ( 0.000000000000000000, -0.000000000000000000, -1.000000000000000000 ) ) ;
#8544 = CYLINDRICAL_SURFACE ( 'NONE', #6553, 0.09999999999999985290 ) ;
#8545 = UNCERTAINTY_MEASURE_WITH_UNIT (LENGTH_MEASURE( 1.000000000000000082E-05 ), #6207, 'distance_accuracy_value', 'NONE');
#8546 = MECHANICAL_DESIGN_GEOMETRIC_PRESENTATION_REPRESENTATION (  '', ( #2041 ), #9578 ) ;
#8547 = FACE_OUTER_BOUND ( 'NONE', #219, .T. ) ;
#8548 = CARTESIAN_POINT ( 'NONE',  ( -1.354314575050763469, 1.590982664450489414, -1.519554108468272213 ) ) ;
#8549 = AXIS2_PLACEMENT_3D ( 'NONE', #678, #7238, #733 ) ;
#8550 = CARTESIAN_POINT ( 'NONE',  ( 2.100000000000000089, 1.550000000000000266, 0.8599999999999999867 ) ) ;
#8551 = MECHANICAL_DESIGN_GEOMETRIC_PRESENTATION_REPRESENTATION (  '', ( #328 ), #7030 ) ;
#8552 = EDGE_CURVE ( 'NONE', #1494, #5052, #8148, .T. ) ;
#8553 = VERTEX_POINT ( 'NONE', #8986 ) ;
#8554 = FILL_AREA_STYLE ('',( #7708 ) ) ;
#8555 = FILL_AREA_STYLE_COLOUR ( '', #4472 ) ;
#8556 = ORIENTED_EDGE ( 'NONE', *, *, #1151, .T. ) ;
#8557 = CARTESIAN_POINT ( 'NONE',  ( -1.210883117545685783, 1.868034671099021660, 1.435139986512705468 ) ) ;
#8558 = SURFACE_SIDE_STYLE ('',( #9359 ) ) ;
#8559 = CARTESIAN_POINT ( 'NONE',  ( 1.785249455757841552, 1.840550181944158092, 1.418700667839627449 ) ) ;
#8560 =( NAMED_UNIT ( * ) SI_UNIT ( $, .STERADIAN. ) SOLID_ANGLE_UNIT ( ) );
#8561 = FACE_OUTER_BOUND ( 'NONE', #6283, .T. ) ;
#8563 = AXIS2_PLACEMENT_3D ( 'NONE', #226, #5048, #7635 ) ;
#8562 = PRODUCT ( '3D_SKRPAN', '3D_SKRPAN', '', ( #9669 ) ) ;
#8564 = PLANE ( 'NONE',  #10580 ) ;
#8565 = DIRECTION ( 'NONE',  ( -1.000000000000000000, 0.000000000000000000, 0.000000000000000000 ) ) ;
#8566 = VECTOR ( 'NONE', #4661, 1000.000000000000000 ) ;
#8567 = EDGE_CURVE ( 'NONE', #10471, #7755, #2808, .T. ) ;
#8568 = ADVANCED_FACE ( 'NONE', ( #6495 ), #2482, .T. ) ;
#8569 = EDGE_CURVE ( 'NONE', #9218, #2548, #2311, .T. ) ;
#8570 = CYLINDRICAL_SURFACE ( 'NONE', #9765, 0.2000000000000005107 ) ;
#8571 = VECTOR ( 'NONE', #2771, 1000.000000000000000 ) ;
#8572 = CARTESIAN_POINT ( 'NONE',  ( 1.919057536156685950, 1.849995558710894938, 0.8538686835190347768 ) ) ;
#8573 = LINE ( 'NONE', #5460, #5658 ) ;
#8574 = ORIENTED_EDGE ( 'NONE', *, *, #677, .T. ) ;
#8575 = ORIENTED_EDGE ( 'NONE', *, *, #8505, .T. ) ;
#8576 = CARTESIAN_POINT ( 'NONE',  ( 1.638275862068965028, 1.550000000000000266, 0.2329654253690054411 ) ) ;
#8577 = VERTEX_POINT ( 'NONE', #5777 ) ;
#8578 = DIRECTION ( 'NONE',  ( -3.824509120056631987E-15, 0.9282544343432647116, -0.3719458362746727031 ) ) ;
#8579 = ORIENTED_EDGE ( 'NONE', *, *, #4340, .F. ) ;
#8580 = CYLINDRICAL_SURFACE ( 'NONE', #5157, 0.1000000000000000472 ) ;
#8581 = VECTOR ( 'NONE', #5928, 1000.000000000000000 ) ;
#8582 = VECTOR ( 'NONE', #9208, 1000.000000000000000 ) ;
#8583 = DIRECTION ( 'NONE',  ( -1.000000000000000000, 0.000000000000000000, 0.000000000000000000 ) ) ;
#8584 =( BOUNDED_SURFACE ( )  B_SPLINE_SURFACE ( 3, 3, ( 
 ( #2763, #6124, #1069, #8627 ),
 ( #1279, #370, #9276, #4333 ),
 ( #6939, #4553, #8418, #7830 ),
 ( #3731, #2706, #318, #2035 ) ),
 .UNSPECIFIED., .F., .F., .F. ) 
 B_SPLINE_SURFACE_WITH_KNOTS ( ( 4, 4 ),
 ( 4, 4 ),
 ( 0.000000000000000000, 1.000000000000000000 ),
 ( 0.000000000000000000, 1.000000000000000000 ),
 .UNSPECIFIED. ) 
 GEOMETRIC_REPRESENTATION_ITEM ( )  RATIONAL_B_SPLINE_SURFACE ( (
 ( 1.000000000000000000, 0.8025111867385933406, 0.8025111867385933406, 1.000000000000000000),
 ( 0.8002741005225355586, 0.6422289181265004032, 0.6422289181265004032, 0.8002741005225355586),
 ( 0.8002741005225355586, 0.6422289181265004032, 0.6422289181265004032, 0.8002741005225355586),
 ( 1.000000000000000000, 0.8025111867385933406, 0.8025111867385933406, 1.000000000000000000) ) ) 
 REPRESENTATION_ITEM ( '' )  SURFACE ( )  );
#8585 = EDGE_LOOP ( 'NONE', ( #7793, #10469, #6829, #6883 ) ) ;
#8586 = CARTESIAN_POINT ( 'NONE',  ( -1.379999999999999893, 2.049999999999999822, -1.419554108468271902 ) ) ;
#8587 = ORIENTED_EDGE ( 'NONE', *, *, #427, .T. ) ;
#8588 = ORIENTED_EDGE ( 'NONE', *, *, #6432, .F. ) ;
#8589 = DIRECTION ( 'NONE',  ( 0.000000000000000000, 1.000000000000000000, -0.000000000000000000 ) ) ;
#8590 = LINE ( 'NONE', #8534, #6218 ) ;
#8591 = VERTEX_POINT ( 'NONE', #9040 ) ;
#8592 = DIRECTION ( 'NONE',  ( 0.7071067811865449082, 0.000000000000000000, 0.7071067811865502373 ) ) ;
#8593 = CARTESIAN_POINT ( 'NONE',  ( -1.500000000000000000, 0.07000000000000000666, -1.449999999999999289 ) ) ;
#8594 = CARTESIAN_POINT ( 'NONE',  ( -1.761347234272319984, 1.849995558710894494, -1.418611644624957924 ) ) ;
#8595 = EDGE_CURVE ( 'NONE', #1908, #4082, #4554, .T. ) ;
#8596 = EDGE_CURVE ( 'NONE', #3939, #8591, #7715, .T. ) ;
#8597 = AXIS2_PLACEMENT_3D ( 'NONE', #7803, #5336, #8601 ) ;
#8598 = ORIENTED_EDGE ( 'NONE', *, *, #5975, .T. ) ;
#8599 = EDGE_LOOP ( 'NONE', ( #8094, #8880, #4477, #8958 ) ) ;
#8600 = CARTESIAN_POINT ( 'NONE',  ( 1.582866740853977827, 2.131287453943200738, 1.419554108468271902 ) ) ;
#8601 = DIRECTION ( 'NONE',  ( -1.000000000000000000, 0.000000000000000000, -0.000000000000000000 ) ) ;
#8602 = CARTESIAN_POINT ( 'NONE',  ( -1.930724102706342427, -1.145451261138598076, 1.355000000000000870 ) ) ;
#8603 = FACE_OUTER_BOUND ( 'NONE', #6094, .T. ) ;
#8604 = DIRECTION ( 'NONE',  ( 1.000000000000000000, 0.000000000000000000, 0.000000000000000000 ) ) ;
#8605 = AXIS2_PLACEMENT_3D ( 'NONE', #1614, #1447, #10486 ) ;
#8606 = ORIENTED_EDGE ( 'NONE', *, *, #6489, .T. ) ;
#8607 = DIRECTION ( 'NONE',  ( 1.000000000000000000, 0.000000000000000000, -0.000000000000000000 ) ) ;
#8608 = LINE ( 'NONE', #1961, #9588 ) ;
#8609 = VERTEX_POINT ( 'NONE', #8614 ) ;
#8610 = FILL_AREA_STYLE ('',( #458 ) ) ;
#8611 = VERTEX_POINT ( 'NONE', #5193 ) ;
#8612 = CARTESIAN_POINT ( 'NONE',  ( -1.920000000000000373, 1.749999999999999778, -1.319554108468271814 ) ) ;
#8613 = SURFACE_STYLE_USAGE ( .BOTH. , #8714 ) ;
#8614 = CARTESIAN_POINT ( 'NONE',  ( -2.020000000000000018, 1.649999999999999911, 0.8538686835190342217 ) ) ;
#8615 = EDGE_CURVE ( 'NONE', #2398, #425, #10221, .T. ) ;
#8616 = DIRECTION ( 'NONE',  ( 0.000000000000000000, 0.000000000000000000, -1.000000000000000000 ) ) ;
#8617 = CARTESIAN_POINT ( 'NONE',  ( -1.360000000000000098, 1.550000000000000266, -1.600000000000000089 ) ) ;
#8618 = DIRECTION ( 'NONE',  ( -0.000000000000000000, 1.000000000000000000, -0.000000000000000000 ) ) ;
#8619 = EDGE_CURVE ( 'NONE', #1287, #6491, #2643, .T. ) ;
#8620 = DIRECTION ( 'NONE',  ( 0.000000000000000000, 0.000000000000000000, -1.000000000000000000 ) ) ;
#8621 = CARTESIAN_POINT ( 'NONE',  ( 1.820000000000000062, 2.049999999999999822, -1.319554108468271814 ) ) ;
#8622 = ADVANCED_FACE ( 'NONE', ( #2849 ), #5355, .F. ) ;
#8623 = DIRECTION ( 'NONE',  ( 0.000000000000000000, 0.000000000000000000, -1.000000000000000000 ) ) ;
#8624 = VERTEX_POINT ( 'NONE', #6872 ) ;
#8625 = VERTEX_POINT ( 'NONE', #9421 ) ;
#8626 = ADVANCED_FACE ( 'NONE', ( #1106 ), #6763, .F. ) ;
#8627 = CARTESIAN_POINT ( 'NONE',  ( -1.947942502722566305, 1.579961995650032813, 0.8110973381990249642 ) ) ;
#8628 = VERTEX_POINT ( 'NONE', #8510 ) ;
#8629 = CARTESIAN_POINT ( 'NONE',  ( 1.785249455757842219, 1.841053859863680975, -1.472140972558303673 ) ) ;
#8630 = EDGE_CURVE ( 'NONE', #3865, #2982, #10184, .T. ) ;
#8631 = CARTESIAN_POINT ( 'NONE',  ( -1.210883117545685561, 1.650000000000000355, 1.376122650963194305 ) ) ;
#8632 = EDGE_LOOP ( 'NONE', ( #2594, #2346, #9579, #5628 ) ) ;
#8633 = DIRECTION ( 'NONE',  ( -0.2079116908177564282, -0.9781476007338062439, 0.000000000000000000 ) ) ;
#8634 = ORIENTED_EDGE ( 'NONE', *, *, #6940, .F. ) ;
#8635 = ORIENTED_EDGE ( 'NONE', *, *, #2432, .F. ) ;
#8636 = DIRECTION ( 'NONE',  ( -0.7071067811865493491, 0.000000000000000000, -0.7071067811865456854 ) ) ;
#8637 = ORIENTED_EDGE ( 'NONE', *, *, #3539, .F. ) ;
#8638 =( LENGTH_UNIT ( ) NAMED_UNIT ( * ) SI_UNIT ( .MILLI., .METRE. ) );
#8639 = ADVANCED_FACE ( 'NONE', ( #4540 ), #197, .T. ) ;
#8640 = CARTESIAN_POINT ( 'NONE',  ( -1.327268482960745732, 1.549448224240262517, 1.477626359043974213 ) ) ;
#8641 = AXIS2_PLACEMENT_3D ( 'NONE', #6139, #439, #3586 ) ;
#8642 = FACE_OUTER_BOUND ( 'NONE', #6899, .T. ) ;
#8643 = ORIENTED_EDGE ( 'NONE', *, *, #171, .T. ) ;
#8644 = CARTESIAN_POINT ( 'NONE',  ( -1.360000000000000098, 1.449999999999999956, -1.224999999999999867 ) ) ;
#8645 = VERTEX_POINT ( 'NONE', #250 ) ;
#8646 = LINE ( 'NONE', #2254, #10067 ) ;
#8647 = FACE_OUTER_BOUND ( 'NONE', #8738, .T. ) ;
#8648 = EDGE_CURVE ( 'NONE', #8749, #9101, #8494, .T. ) ;
#8649 = FACE_OUTER_BOUND ( 'NONE', #8632, .T. ) ;
#8650 = CARTESIAN_POINT ( 'NONE',  ( -1.990710678118655652, 1.649999999999999911, -0.7831580054003789426 ) ) ;
#8651 = DIRECTION ( 'NONE',  ( 9.866381877431726115E-16, 0.000000000000000000, 1.000000000000000000 ) ) ;
#8652 = PLANE ( 'NONE',  #7679 ) ;
#8653 = ORIENTED_EDGE ( 'NONE', *, *, #6549, .F. ) ;
#8654 = COLOUR_RGB ( '',1.000000000000000000, 1.000000000000000000, 1.000000000000000000 ) ;
#8655 = CARTESIAN_POINT ( 'NONE',  ( 1.639999999999999680, 1.550000000000000266, -0.2144761058952750765 ) ) ;
#8656 = CARTESIAN_POINT ( 'NONE',  ( 1.359999999999999654, 1.449999999999999956, -1.600000000000000089 ) ) ;
#8657 = VERTEX_POINT ( 'NONE', #6818 ) ;
#8658 = DIRECTION ( 'NONE',  ( 0.000000000000000000, -0.000000000000000000, -1.000000000000000000 ) ) ;
#8659 = ORIENTED_EDGE ( 'NONE', *, *, #1486, .F. ) ;
#8660 = DIRECTION ( 'NONE',  ( 0.000000000000000000, 0.000000000000000000, -1.000000000000000000 ) ) ;
#8661 =( NAMED_UNIT ( * ) SI_UNIT ( $, .STERADIAN. ) SOLID_ANGLE_UNIT ( ) );
#8662 = CARTESIAN_POINT ( 'NONE',  ( 2.100000000000000089, 0.1800000014699860151, 0.7949999999999999289 ) ) ;
#8663 = FACE_OUTER_BOUND ( 'NONE', #9065, .T. ) ;
#8664 = DIRECTION ( 'NONE',  ( 0.000000000000000000, 0.000000000000000000, -1.000000000000000000 ) ) ;
#8665 = DIRECTION ( 'NONE',  ( -0.7071067811865456854, -0.000000000000000000, 0.7071067811865493491 ) ) ;
#8666 = AXIS2_PLACEMENT_3D ( 'NONE', #1526, #2123, #613 ) ;
#8667 = CARTESIAN_POINT ( 'NONE',  ( -1.479999999999999982, 1.449999999999999956, -1.419137802864844700 ) ) ;
#8668 = DIRECTION ( 'NONE',  ( -0.2079116908177564282, -0.9781476007338062439, 0.000000000000000000 ) ) ;
#8669 = CIRCLE ( 'NONE', #7307, 0.1000000000000000472 ) ;
#8670 = EDGE_CURVE ( 'NONE', #661, #3241, #10083, .T. ) ;
#8671 = CARTESIAN_POINT ( 'NONE',  ( 1.920000000000000373, 1.449999999999999956, 0.9799999999999999822 ) ) ;
#8672 = PRESENTATION_STYLE_ASSIGNMENT (( #2030 ) ) ;
#8673 = ORIENTED_EDGE ( 'NONE', *, *, #817, .F. ) ;
#8674 = VERTEX_POINT ( 'NONE', #4484 ) ;
#8675 = CARTESIAN_POINT ( 'NONE',  ( -1.947942502722565861, 1.791336399908425969, 0.7403961109355766679 ) ) ;
#8676 = EDGE_CURVE ( 'NONE', #3924, #30, #3850, .T. ) ;
#8677 = VERTEX_POINT ( 'NONE', #9647 ) ;
#8678 = CARTESIAN_POINT ( 'NONE',  ( -1.928730210289307800, 1.464166666666673722, 1.487990114549054388 ) ) ;
#8679 = VECTOR ( 'NONE', #1049, 1000.000000000000114 ) ;
#8680 = ADVANCED_FACE ( 'NONE', ( #463 ), #4694, .T. ) ;
#8681 = PRODUCT_DEFINITION ( 'UNKNOWN', '', #5740, #8019 ) ;
#8682 = CARTESIAN_POINT ( 'NONE',  ( -1.252810866969983339, 1.448896448480526677, 1.275570875203457577 ) ) ;
#8683 = ORIENTED_EDGE ( 'NONE', *, *, #8929, .F. ) ;
#8684 = LINE ( 'NONE', #9496, #342 ) ;
#8685 = ORIENTED_EDGE ( 'NONE', *, *, #10199, .T. ) ;
#8686 = ORIENTED_EDGE ( 'NONE', *, *, #8805, .T. ) ;
#8687 = ORIENTED_EDGE ( 'NONE', *, *, #4006, .F. ) ;
#8688 = AXIS2_PLACEMENT_3D ( 'NONE', #5438, #2116, #3103 ) ;
#8689 = CARTESIAN_POINT ( 'NONE',  ( -1.500000000000000000, 0.07000000000000000666, -1.449999999999999289 ) ) ;
#8690 = EDGE_LOOP ( 'NONE', ( #298, #3, #8659, #8470 ) ) ;
#8691 = CARTESIAN_POINT ( 'NONE',  ( -1.327268482960745732, 1.649999999999999911, 1.519554108468272435 ) ) ;
#8692 = FACE_OUTER_BOUND ( 'NONE', #7049, .T. ) ;
#8693 = VECTOR ( 'NONE', #9343, 1000.000000000000000 ) ;
#8694 = EDGE_CURVE ( 'NONE', #7607, #6892, #3114, .T. ) ;
#8695 = EDGE_CURVE ( 'NONE', #1262, #6828, #6467, .T. ) ;
#8696 = ORIENTED_EDGE ( 'NONE', *, *, #5769, .T. ) ;
#8697 = SURFACE_STYLE_USAGE ( .BOTH. , #1297 ) ;
#8698 = ORIENTED_EDGE ( 'NONE', *, *, #4201, .F. ) ;
#8699 = DIRECTION ( 'NONE',  ( -1.000000000000000000, -0.000000000000000000, -4.928191693115927811E-16 ) ) ;
#8700 =( LENGTH_UNIT ( ) NAMED_UNIT ( * ) SI_UNIT ( .MILLI., .METRE. ) );
#8701 = AXIS2_PLACEMENT_3D ( 'NONE', #7421, #56, #1668 ) ;
#8702 = CARTESIAN_POINT ( 'NONE',  ( 1.961421356237310176, 1.449999999999999512, 1.460975464705581484 ) ) ;
#8703 = DIRECTION ( 'NONE',  ( -1.000000000000000000, 0.000000000000000000, -4.928191693115927811E-16 ) ) ;
#8704 = LINE ( 'NONE', #4631, #1347 ) ;
#8705 = AXIS2_PLACEMENT_3D ( 'NONE', #9526, #4646, #8664 ) ;
#8706 = DIRECTION ( 'NONE',  ( 0.000000000000000000, -1.000000000000000000, 0.000000000000000000 ) ) ;
#8707 =( NAMED_UNIT ( * ) SI_UNIT ( $, .STERADIAN. ) SOLID_ANGLE_UNIT ( ) );
#8708 = EDGE_LOOP ( 'NONE', ( #6771, #7672, #5262 ) ) ;
#8709 = DIRECTION ( 'NONE',  ( 0.7071067811865464625, 0.000000000000000000, 0.7071067811865486830 ) ) ;
#8710 = EDGE_LOOP ( 'NONE', ( #6459, #9169, #7893, #10096 ) ) ;
#8711 = CARTESIAN_POINT ( 'NONE',  ( 2.020000000000000462, 1.771951252225666185, 1.289983487832473630 ) ) ;
#8712 = VECTOR ( 'NONE', #1052, 1000.000000000000114 ) ;
#8713 = CARTESIAN_POINT ( 'NONE',  ( 1.500000000000000222, 0.000000000000000000, 0.6500000000000003553 ) ) ;
#8714 = SURFACE_SIDE_STYLE ('',( #514 ) ) ;
#8715 = CARTESIAN_POINT ( 'NONE',  ( 1.023599564173221177, 1.449999999999999956, -1.100000000000000089 ) ) ;
#8716 = LINE ( 'NONE', #1420, #7692 ) ;
#8717 = CARTESIAN_POINT ( 'NONE',  ( -1.600000000000000977, 0.07000000000000000666, -0.5500000000000000444 ) ) ;
#8718 =( NAMED_UNIT ( * ) SI_UNIT ( $, .STERADIAN. ) SOLID_ANGLE_UNIT ( ) );
#8719 = MECHANICAL_DESIGN_GEOMETRIC_PRESENTATION_REPRESENTATION (  '', ( #154 ), #674 ) ;
#8720 = PRESENTATION_LAYER_ASSIGNMENT (  '', '', ( #5640 ) ) ;
#8721 = DIRECTION ( 'NONE',  ( -0.000000000000000000, 1.000000000000000000, -0.000000000000000000 ) ) ;
#8722 = CARTESIAN_POINT ( 'NONE',  ( -2.020000000000000462, 2.049999999999999822, 1.319554108468272036 ) ) ;
#8723 = ORIENTED_EDGE ( 'NONE', *, *, #3944, .F. ) ;
#8724 = CIRCLE ( 'NONE', #4619, 0.1000000000000000472 ) ;
#8725 = SURFACE_STYLE_USAGE ( .BOTH. , #2969 ) ;
#8726 = VERTEX_POINT ( 'NONE', #2912 ) ;
#8727 = CARTESIAN_POINT ( 'NONE',  ( -1.354314575050763469, 1.849999999999999867, 1.419554108468271680 ) ) ;
#8728 = DIRECTION ( 'NONE',  ( 0.000000000000000000, -1.000000000000000000, 0.000000000000000000 ) ) ;
#8729 = VECTOR ( 'NONE', #9989, 1000.000000000000114 ) ;
#8730 = COLOUR_RGB ( '',0.8431372549019607865, 0.8156862745098039102, 0.7529411764705882248 ) ;
#8731 = CARTESIAN_POINT ( 'NONE',  ( -1.916566087323701373, 1.450000006237651462, -1.494696881025378454 ) ) ;
#8732 = AXIS2_PLACEMENT_3D ( 'NONE', #2978, #5415, #8633 ) ;
#8733 = CARTESIAN_POINT ( 'NONE',  ( -1.848427124746192307, 1.550000000000000266, 0.9092893218813450362 ) ) ;
#8734 = LINE ( 'NONE', #4710, #2893 ) ;
#8735 = EDGE_LOOP ( 'NONE', ( #4127, #6950, #6130, #7921 ) ) ;
#8736 = EDGE_LOOP ( 'NONE', ( #4714, #5956, #7829, #9127 ) ) ;
#8737 = DIRECTION ( 'NONE',  ( 0.000000000000000000, -1.000000000000000000, 0.000000000000000000 ) ) ;
#8738 = EDGE_LOOP ( 'NONE', ( #10595, #4007, #1597, #4174 ) ) ;
#8739 = CARTESIAN_POINT ( 'NONE',  ( -1.310883117545685650, 1.550000000000000266, -1.376122650963194527 ) ) ;
#8740 = CARTESIAN_POINT ( 'NONE',  ( 1.283271467065781213, 1.820764999460560141, 1.460423429269551931 ) ) ;
#8741 = CARTESIAN_POINT ( 'NONE',  ( -1.240172439427031037, 1.749999999999999778, -1.446833329081849362 ) ) ;
#8742 = AXIS2_PLACEMENT_3D ( 'NONE', #2906, #3771, #4590 ) ;
#8743 = AXIS2_PLACEMENT_3D ( 'NONE', #1242, #6402, #2245 ) ;
#8744 = FILL_AREA_STYLE_COLOUR ( '', #4456 ) ;
#8745 = CIRCLE ( 'NONE', #5506, 0.1000000000000000472 ) ;
#8746 = ORIENTED_EDGE ( 'NONE', *, *, #244, .T. ) ;
#8747 = CIRCLE ( 'NONE', #2406, 0.1000000000000001582 ) ;
#8748 = DIRECTION ( 'NONE',  ( -1.000000000000000000, 0.000000000000000000, -0.000000000000000000 ) ) ;
#8749 = VERTEX_POINT ( 'NONE', #7972 ) ;
#8750 = EDGE_CURVE ( 'NONE', #6565, #7685, #2155, .T. ) ;
#8751 = DIRECTION ( 'NONE',  ( -1.602269220421927623E-16, 0.000000000000000000, -1.000000000000000000 ) ) ;
#8752 = LINE ( 'NONE', #4073, #6212 ) ;
#8753 = DIRECTION ( 'NONE',  ( 0.000000000000000000, 0.000000000000000000, -1.000000000000000000 ) ) ;
#8754 = CARTESIAN_POINT ( 'NONE',  ( -1.638275862068964583, 1.550000000000000266, 0.2329654253690057186 ) ) ;
#8755 = ADVANCED_FACE ( 'NONE', ( #669 ), #3720, .F. ) ;
#8756 = EDGE_CURVE ( 'NONE', #4290, #8522, #5931, .T. ) ;
#8757 = EDGE_CURVE ( 'NONE', #7050, #10116, #7231, .T. ) ;
#8758 = DIRECTION ( 'NONE',  ( 9.866381877431726115E-16, 0.000000000000000000, -1.000000000000000000 ) ) ;
#8759 = FACE_OUTER_BOUND ( 'NONE', #1444, .T. ) ;
#8760 = CIRCLE ( 'NONE', #8254, 0.1000000000000001443 ) ;
#8761 = EDGE_CURVE ( 'NONE', #5676, #2094, #10294, .T. ) ;
#8762 = ORIENTED_EDGE ( 'NONE', *, *, #6592, .F. ) ;
#8763 = LINE ( 'NONE', #1408, #6648 ) ;
#8764 = LINE ( 'NONE', #9684, #5650 ) ;
#8765 = ORIENTED_EDGE ( 'NONE', *, *, #6231, .T. ) ;
#8766 = CARTESIAN_POINT ( 'NONE',  ( 2.020000000000000906, 1.809017335549510497, 0.8192971287692546456 ) ) ;
#8767 = FACE_OUTER_BOUND ( 'NONE', #4385, .T. ) ;
#8768 = ORIENTED_EDGE ( 'NONE', *, *, #9005, .F. ) ;
#8769 = CARTESIAN_POINT ( 'NONE',  ( 1.310883117545686094, 1.649999999999999911, 1.376122650963194971 ) ) ;
#8770 = CARTESIAN_POINT ( 'NONE',  ( 1.283271467065781213, 1.579235000539439993, 1.460423429269552598 ) ) ;
#8771 = DIRECTION ( 'NONE',  ( -1.000000000000000000, 0.000000000000000000, 0.000000000000000000 ) ) ;
#8772 = DIRECTION ( 'NONE',  ( -1.000000000000000000, 0.000000000000000000, 4.928191693115927811E-16 ) ) ;
#8773 = EDGE_CURVE ( 'NONE', #7199, #4550, #6381, .T. ) ;
#8774 = LINE ( 'NONE', #615, #7016 ) ;
#8775 = LINE ( 'NONE', #3066, #7317 ) ;
#8776 = DIRECTION ( 'NONE',  ( 4.336808689942025625E-15, 0.000000000000000000, -1.000000000000000000 ) ) ;
#8777 = CARTESIAN_POINT ( 'NONE',  ( 1.409289321881345591, 1.449999999999999956, 1.348427124746190087 ) ) ;
#8778 = CARTESIAN_POINT ( 'NONE',  ( 0.3999999999999998557, 1.449999999999999956, 1.259999999999999787 ) ) ;
#8779 = ORIENTED_EDGE ( 'NONE', *, *, #2196, .T. ) ;
#8780 = LINE ( 'NONE', #2048, #5690 ) ;
#8781 = FILL_AREA_STYLE_COLOUR ( '', #2535 ) ;
#8782 = EDGE_CURVE ( 'NONE', #2251, #10193, #2220, .T. ) ;
#8783 = CARTESIAN_POINT ( 'NONE',  ( 1.919999999999999263, 1.539480857753714904, -1.319554108468271592 ) ) ;
#8784 = CARTESIAN_POINT ( 'NONE',  ( 1.389289321881345574, 1.449999999999999956, 1.340142853498727860 ) ) ;
#8785 = CARTESIAN_POINT ( 'NONE',  ( -1.311825581389000295, 1.450008882578210256, 1.476118209674089687 ) ) ;
#8786 = ORIENTED_EDGE ( 'NONE', *, *, #7978, .F. ) ;
#8787 = PLANE ( 'NONE',  #1376 ) ;
#8788 = VERTEX_POINT ( 'NONE', #1314 ) ;
#8789 = EDGE_LOOP ( 'NONE', ( #65, #3186, #5234, #2458 ) ) ;
#8790 = ADVANCED_FACE ( 'NONE', ( #5557 ), #8819, .T. ) ;
#8791 = CARTESIAN_POINT ( 'NONE',  ( -2.020000000000000462, 1.649999999999999911, -0.8538686835190336666 ) ) ;
#8792 = ORIENTED_EDGE ( 'NONE', *, *, #4428, .T. ) ;
#8793 = DIRECTION ( 'NONE',  ( 0.000000000000000000, 0.000000000000000000, 1.000000000000000000 ) ) ;
#8794 = ORIENTED_EDGE ( 'NONE', *, *, #3695, .T. ) ;
#8795 = DIRECTION ( 'NONE',  ( 0.000000000000000000, 0.000000000000000000, -1.000000000000000000 ) ) ;
#8796 = DIRECTION ( 'NONE',  ( 0.000000000000000000, 0.000000000000000000, -1.000000000000000000 ) ) ;
#8797 = ADVANCED_FACE ( 'NONE', ( #8663 ), #4592, .F. ) ;
#8798 = FILL_AREA_STYLE ('',( #9559 ) ) ;
#8799 = EDGE_CURVE ( 'NONE', #6462, #2343, #10054, .T. ) ;
#8800 = EDGE_LOOP ( 'NONE', ( #7881, #5408, #7017, #2505 ) ) ;
#8801 = CARTESIAN_POINT ( 'NONE',  ( -1.379999999999999893, 1.649999999999999911, 1.419554108468271902 ) ) ;
#8802 = CARTESIAN_POINT ( 'NONE',  ( -2.049999999999999822, 1.449999999999999956, 1.586602540378444282 ) ) ;
#8803 = AXIS2_PLACEMENT_3D ( 'NONE', #5853, #1716, #2450 ) ;
#8804 = CARTESIAN_POINT ( 'NONE',  ( -2.020000000000000018, 1.449999999999999956, -1.224999999999999867 ) ) ;
#8805 = EDGE_CURVE ( 'NONE', #4282, #9051, #7083, .T. ) ;
#8806 = DIRECTION ( 'NONE',  ( 1.000000000000000000, 0.000000000000000000, -0.000000000000000000 ) ) ;
#8807 = DIRECTION ( 'NONE',  ( -1.000000000000000000, 0.000000000000000000, -4.928191693115927811E-16 ) ) ;
#8808 = EDGE_CURVE ( 'NONE', #9670, #3088, #9524, .T. ) ;
#8809 = PRESENTATION_STYLE_ASSIGNMENT (( #6423 ) ) ;
#8810 = ORIENTED_EDGE ( 'NONE', *, *, #1047, .F. ) ;
#8812 = CARTESIAN_POINT ( 'NONE',  ( -2.299767353907860468, 0.5907607301639082875, 0.7950000000000007061 ) ) ;
#8811 =( NAMED_UNIT ( * ) PLANE_ANGLE_UNIT ( ) SI_UNIT ( $, .RADIAN. ) );
#8813 = FILL_AREA_STYLE_COLOUR ( '', #8077 ) ;
#8814 = VERTEX_POINT ( 'NONE', #10390 ) ;
#8815 = CARTESIAN_POINT ( 'NONE',  ( 1.995142775509890720, 1.449999999999978639, 1.416120190436488180 ) ) ;
#8816 = EDGE_CURVE ( 'NONE', #1805, #1327, #4645, .T. ) ;
#8817 = DIRECTION ( 'NONE',  ( 0.000000000000000000, 0.000000000000000000, -1.000000000000000000 ) ) ;
#8818 = CARTESIAN_POINT ( 'NONE',  ( 1.846839578305846441, 1.863099222843527691, 0.7451183755087182892 ) ) ;
#8819 = CYLINDRICAL_SURFACE ( 'NONE', #1132, 0.1000000000000000472 ) ;
#8820 = CARTESIAN_POINT ( 'NONE',  ( -1.302305608210474475, 1.749999999999999778, 1.509145170888289478 ) ) ;
#8821 = DIRECTION ( 'NONE',  ( -0.000000000000000000, 1.000000000000000000, -0.000000000000000000 ) ) ;
#8822 = LINE ( 'NONE', #1471, #4970 ) ;
#8823 = ADVANCED_FACE ( 'NONE', ( #7129 ), #3009, .T. ) ;
#8824 = CARTESIAN_POINT ( 'NONE',  ( 1.907770119437836254, 1.480980449765836982, 1.502213026040685850 ) ) ;
#8825 = ORIENTED_EDGE ( 'NONE', *, *, #5826, .T. ) ;
#8826 = SURFACE_STYLE_USAGE ( .BOTH. , #4511 ) ;
#8827 = CARTESIAN_POINT ( 'NONE',  ( 0.3999999999999999667, 2.500000000000000444, 1.000000000000000000 ) ) ;
#8828 = CYLINDRICAL_SURFACE ( 'NONE', #1454, 0.1000000000000000472 ) ;
#8829 = AXIS2_PLACEMENT_3D ( 'NONE', #1158, #2750, #358 ) ;
#8830 = CARTESIAN_POINT ( 'NONE',  ( 1.804007243629380142, 1.793073672450191225, -1.492538888362404004 ) ) ;
#8831 = DIRECTION ( 'NONE',  ( 0.000000000000000000, 0.000000000000000000, -1.000000000000000000 ) ) ;
#8832 =( GEOMETRIC_REPRESENTATION_CONTEXT ( 3 ) GLOBAL_UNCERTAINTY_ASSIGNED_CONTEXT ( ( #1901 ) ) GLOBAL_UNIT_ASSIGNED_CONTEXT ( ( #2595, #6013, #944 ) ) REPRESENTATION_CONTEXT ( 'NONE', 'WORKASPACE' ) );
#8833 = APPLICATION_CONTEXT ( 'automotive_design' ) ;
#8834 = STYLED_ITEM ( 'NONE', ( #9747 ), #8959 ) ;
#8835 = CARTESIAN_POINT ( 'NONE',  ( 2.020000000000000018, 1.649999999999999911, 0.9799999999999999822 ) ) ;
#8836 = CARTESIAN_POINT ( 'NONE',  ( -1.978072250575702684, 1.850551775759736950, 0.8538686835190341107 ) ) ;
#8837 = DIRECTION ( 'NONE',  ( -4.336808689942025625E-15, 0.000000000000000000, -1.000000000000000000 ) ) ;
#8838 = VERTEX_POINT ( 'NONE', #5875 ) ;
#8839 = ORIENTED_EDGE ( 'NONE', *, *, #4878, .F. ) ;
#8840 = CARTESIAN_POINT ( 'NONE',  ( -2.020000000000000462, 1.650000000000000133, -0.7948513479695228368 ) ) ;
#8841 = VECTOR ( 'NONE', #2519, 1000.000000000000114 ) ;
#8842 = ORIENTED_EDGE ( 'NONE', *, *, #2307, .T. ) ;
#8843 = CARTESIAN_POINT ( 'NONE',  ( -2.020000000000000018, 1.449999999999999956, -0.9799999999999999822 ) ) ;
#8844 = VERTEX_POINT ( 'NONE', #886 ) ;
#8845 = CARTESIAN_POINT ( 'NONE',  ( -1.302305608210474475, 1.649999999999999911, 1.509145170888290366 ) ) ;
#8846 = AXIS2_PLACEMENT_3D ( 'NONE', #2204, #4679, #2995 ) ;
#8847 = ORIENTED_EDGE ( 'NONE', *, *, #10087, .F. ) ;
#8848 = ORIENTED_EDGE ( 'NONE', *, *, #9211, .F. ) ;
#8849 = AXIS2_PLACEMENT_3D ( 'NONE', #5727, #1855, #6548 ) ;
#8850 =( LENGTH_UNIT ( ) NAMED_UNIT ( * ) SI_UNIT ( .MILLI., .METRE. ) );
#8851 = ORIENTED_EDGE ( 'NONE', *, *, #4499, .F. ) ;
#8852 = PLANE ( 'NONE',  #3431 ) ;
#8853 = DIRECTION ( 'NONE',  ( -1.000000000000000000, 0.000000000000000000, 0.000000000000000000 ) ) ;
#8854 =( BOUNDED_CURVE ( )  B_SPLINE_CURVE ( 3, ( #10109, #4400, #6037, #9290 ),
 .UNSPECIFIED., .F., .F. ) 
 B_SPLINE_CURVE_WITH_KNOTS ( ( 4, 4 ),
 ( 0.000000000000000000, 1.000000000000000000 ),
 .UNSPECIFIED. ) 
 CURVE ( )  GEOMETRIC_REPRESENTATION_ITEM ( )  RATIONAL_B_SPLINE_CURVE ( ( 1.000000000000000000, 0.3333333333333333703, 0.3333333333333333703, 1.000000000000000000 ) ) 
 REPRESENTATION_ITEM ( '' )  );
#8855 = CARTESIAN_POINT ( 'NONE',  ( 1.460000000000000187, 1.550000000000000266, 1.259999999999999787 ) ) ;
#8856 = LINE ( 'NONE', #2997, #7337 ) ;
#8857 = AXIS2_PLACEMENT_3D ( 'NONE', #6259, #2897, #7217 ) ;
#8858 =( BOUNDED_SURFACE ( )  B_SPLINE_SURFACE ( 3, 3, ( 
 ( #10189, #10541, #1165, #2029 ),
 ( #7224, #1517, #8766, #10493 ),
 ( #1411, #10440, #4433, #2268 ),
 ( #9741, #2856, #5302, #8572 ) ),
 .UNSPECIFIED., .F., .F., .T. ) 
 B_SPLINE_SURFACE_WITH_KNOTS ( ( 4, 4 ),
 ( 4, 4 ),
 ( 0.000000000000000000, 1.000000000000000000 ),
 ( 0.000000000000000000, 1.000000000000000000 ),
 .UNSPECIFIED. ) 
 GEOMETRIC_REPRESENTATION_ITEM ( )  RATIONAL_B_SPLINE_SURFACE ( (
 ( 1.000000000000000000, 0.8047378541243626060, 0.8047378541243626060, 1.000000000000000000),
 ( 0.8025111867385934517, 0.6458111303268113668, 0.6458111303268113668, 0.8025111867385934517),
 ( 0.8025111867385934517, 0.6458111303268113668, 0.6458111303268113668, 0.8025111867385934517),
 ( 1.000000000000000000, 0.8047378541243626060, 0.8047378541243626060, 1.000000000000000000) ) ) 
 REPRESENTATION_ITEM ( '' )  SURFACE ( )  );
#8859 =( NAMED_UNIT ( * ) PLANE_ANGLE_UNIT ( ) SI_UNIT ( $, .RADIAN. ) );
#8860 = CARTESIAN_POINT ( 'NONE',  ( 2.109781476007338341, 0.1779208830918229955, 1.355000000000000204 ) ) ;
#8861 = ORIENTED_EDGE ( 'NONE', *, *, #7260, .F. ) ;
#8863 = PLANE ( 'NONE',  #1818 ) ;
#8862 = CARTESIAN_POINT ( 'NONE',  ( -1.399999999999999689, 0.07000000000000000666, -1.550000000000000266 ) ) ;
#8864 = VERTEX_POINT ( 'NONE', #7281 ) ;
#8865 = DIRECTION ( 'NONE',  ( 0.000000000000000000, -1.000000000000000000, 0.000000000000000000 ) ) ;
#8866 = CIRCLE ( 'NONE', #10599, 0.1000000000000000472 ) ;
#8867 = SURFACE_SIDE_STYLE ('',( #6429 ) ) ;
#8868 = FACE_OUTER_BOUND ( 'NONE', #8708, .T. ) ;
#8869 = DIRECTION ( 'NONE',  ( 0.000000000000000000, 0.3719458362746750346, -0.9282544343432637124 ) ) ;
#8870 = LINE ( 'NONE', #8087, #8366 ) ;
#8871 = PLANE ( 'NONE',  #7157 ) ;
#8872 = COLOUR_RGB ( '',0.8431372549019607865, 0.8156862745098039102, 0.7529411764705882248 ) ;
#8873 = EDGE_CURVE ( 'NONE', #77, #1881, #9805, .T. ) ;
#8874 = CARTESIAN_POINT ( 'NONE',  ( -1.820000000000000062, 1.550000000000000266, -1.319554108468271814 ) ) ;
#8875 = AXIS2_PLACEMENT_3D ( 'NONE', #10069, #2683, #5011 ) ;
#8876 = CARTESIAN_POINT ( 'NONE',  ( 1.974147222612492980, 1.449999999999999956, 1.447295075393618236 ) ) ;
#8877 = AXIS2_PLACEMENT_3D ( 'NONE', #1548, #742, #9767 ) ;
#8878 = CIRCLE ( 'NONE', #6672, 0.1000000000000000472 ) ;
#8879 = DIRECTION ( 'NONE',  ( 0.000000000000000000, -0.000000000000000000, -1.000000000000000000 ) ) ;
#8880 = ORIENTED_EDGE ( 'NONE', *, *, #8929, .T. ) ;
#8881 = CARTESIAN_POINT ( 'NONE',  ( 1.966372846565301868, 1.458843412017269303, -1.452480473634054636 ) ) ;
#8882 = CARTESIAN_POINT ( 'NONE',  ( -2.100000000000000089, 0.1800000000000006317, -0.5003071667619851670 ) ) ;
#8883 = CARTESIAN_POINT ( 'NONE',  ( -1.399999999999999911, 0.07000000000000000666, 1.449999999999999956 ) ) ;
#8884 = PRESENTATION_LAYER_ASSIGNMENT (  '', '', ( #7869 ) ) ;
#8885 = CARTESIAN_POINT ( 'NONE',  ( -1.210883117545685783, 1.749999999999999556, -1.376122650963194527 ) ) ;
#8886 = CYLINDRICAL_SURFACE ( 'NONE', #2666, 0.1000000000000000472 ) ;
#8887 = EDGE_CURVE ( 'NONE', #6668, #6609, #9851, .T. ) ;
#8888 = EDGE_CURVE ( 'NONE', #925, #4338, #4145, .T. ) ;
#8889 = EDGE_CURVE ( 'NONE', #863, #158, #2483, .T. ) ;
#8890 = AXIS2_PLACEMENT_3D ( 'NONE', #622, #4600, #3728 ) ;
#8891 = DIRECTION ( 'NONE',  ( 0.7071067811865496822, -2.168404344971012418E-15, -0.7071067811865453523 ) ) ;
#8892 = DIRECTION ( 'NONE',  ( -0.000000000000000000, 0.000000000000000000, 1.000000000000000000 ) ) ;
#8893 = CARTESIAN_POINT ( 'NONE',  ( 1.906297506684001331, 1.537526402268322157, 0.8114972960866299045 ) ) ;
#8894 = ORIENTED_EDGE ( 'NONE', *, *, #1321, .F. ) ;
#8895 = ORIENTED_EDGE ( 'NONE', *, *, #6153, .F. ) ;
#8896 = AXIS2_PLACEMENT_3D ( 'NONE', #6314, #4784, #4730 ) ;
#8897 = CARTESIAN_POINT ( 'NONE',  ( 1.928730210289324010, 1.464166666666669725, -1.487990114549041953 ) ) ;
#8898 = VERTEX_POINT ( 'NONE', #2471 ) ;
#8899 = CARTESIAN_POINT ( 'NONE',  ( 1.735646275937244853, 1.749999999999999778, 1.519554108468272435 ) ) ;
#8900 = ORIENTED_EDGE ( 'NONE', *, *, #10077, .T. ) ;
#8901 = CYLINDRICAL_SURFACE ( 'NONE', #4461, 0.1000000000000002137 ) ;
#8902 = STYLED_ITEM ( 'NONE', ( #2957 ), #5417 ) ;
#8903 = CIRCLE ( 'NONE', #3757, 0.2000000000000005107 ) ;
#8904 = AXIS2_PLACEMENT_3D ( 'NONE', #758, #8274, #919 ) ;
#8905 = AXIS2_PLACEMENT_3D ( 'NONE', #2648, #5246, #5848 ) ;
#8906 = ORIENTED_EDGE ( 'NONE', *, *, #2009, .F. ) ;
#8907 = ORIENTED_EDGE ( 'NONE', *, *, #7519, .F. ) ;
#8908 = ORIENTED_EDGE ( 'NONE', *, *, #5352, .T. ) ;
#8909 = ORIENTED_EDGE ( 'NONE', *, *, #7990, .F. ) ;
#8910 =( GEOMETRIC_REPRESENTATION_CONTEXT ( 3 ) GLOBAL_UNCERTAINTY_ASSIGNED_CONTEXT ( ( #10190 ) ) GLOBAL_UNIT_ASSIGNED_CONTEXT ( ( #4144, #7431, #7796 ) ) REPRESENTATION_CONTEXT ( 'NONE', 'WORKASPACE' ) );
#8911 = AXIS2_PLACEMENT_3D ( 'NONE', #7823, #8618, #3011 ) ;
#8912 = CARTESIAN_POINT ( 'NONE',  ( 1.983712939717728885, 1.493727452132623812, 1.421162560399869212 ) ) ;
#8913 = DIRECTION ( 'NONE',  ( 0.000000000000000000, 0.000000000000000000, -1.000000000000000000 ) ) ;
#8914 = CARTESIAN_POINT ( 'NONE',  ( 1.950681815031790611, 1.454427688058792301, 1.469941046401197049 ) ) ;
#8915 = FILL_AREA_STYLE ('',( #4998 ) ) ;
#8916 = EDGE_CURVE ( 'NONE', #8477, #10364, #3373, .T. ) ;
#8917 = EDGE_CURVE ( 'NONE', #4170, #1819, #4205, .T. ) ;
#8918 = CARTESIAN_POINT ( 'NONE',  ( 1.360000000000000098, 1.550000000000000266, 1.410853531617383139 ) ) ;
#8919 = VECTOR ( 'NONE', #9905, 1000.000000000000000 ) ;
#8920 = VECTOR ( 'NONE', #2269, 1000.000000000000114 ) ;
#8921 = CARTESIAN_POINT ( 'NONE',  ( -1.876568542494923664, 1.749999999999999778, 0.8104372260139570683 ) ) ;
#8922 = SURFACE_SIDE_STYLE ('',( #3106 ) ) ;
#8923 = ORIENTED_EDGE ( 'NONE', *, *, #7791, .T. ) ;
#8924 =( LENGTH_UNIT ( ) NAMED_UNIT ( * ) SI_UNIT ( .MILLI., .METRE. ) );
#8925 =( BOUNDED_CURVE ( )  B_SPLINE_CURVE ( 3, ( #6802, #4358, #10065, #2680 ),
 .UNSPECIFIED., .F., .T. ) 
 B_SPLINE_CURVE_WITH_KNOTS ( ( 4, 4 ),
 ( 6.281103786678014167, 7.853981633974482790 ),
 .UNSPECIFIED. ) 
 CURVE ( )  GEOMETRIC_REPRESENTATION_ITEM ( )  RATIONAL_B_SPLINE_CURVE ( ( 1.000000000000000000, 0.8042469798172573459, 0.8042469798172573459, 1.000000000000000000 ) ) 
 REPRESENTATION_ITEM ( '' )  );
#8926 = CARTESIAN_POINT ( 'NONE',  ( -1.500000000000000000, 0.000000000000000000, 1.449999999999999512 ) ) ;
#8927 = CARTESIAN_POINT ( 'NONE',  ( -2.020000000000000462, 1.539480857753715792, 1.319554108468272258 ) ) ;
#8928 = CARTESIAN_POINT ( 'NONE',  ( 1.252810866969983561, 1.448896448480560428, 1.476674426722931033 ) ) ;
#8929 = EDGE_CURVE ( 'NONE', #2921, #9101, #3977, .T. ) ;
#8930 = CARTESIAN_POINT ( 'NONE',  ( -2.020000000000000462, 1.749999999999999778, 1.235200384405516161 ) ) ;
#8931 = CYLINDRICAL_SURFACE ( 'NONE', #2993, 0.1000000000000002554 ) ;
#8932 = CARTESIAN_POINT ( 'NONE',  ( -1.379999999999999893, 1.550000027079772469, -1.419554108468271902 ) ) ;
#8933 = CARTESIAN_POINT ( 'NONE',  ( -0.4000000000000000777, 1.449999999999999956, 1.259999999999999787 ) ) ;
#8934 = CARTESIAN_POINT ( 'NONE',  ( -1.876568542494923664, 1.649999999999999911, 0.8104372260139570683 ) ) ;
#8935 = DIRECTION ( 'NONE',  ( 0.000000000000000000, -1.000000000000000000, 0.000000000000000000 ) ) ;
#8936 = PRESENTATION_STYLE_ASSIGNMENT (( #777 ) ) ;
#8937 = EDGE_CURVE ( 'NONE', #4934, #5745, #4900, .T. ) ;
#8938 = EDGE_CURVE ( 'NONE', #4757, #4556, #821, .T. ) ;
#8939 = ORIENTED_EDGE ( 'NONE', *, *, #10590, .T. ) ;
#8940 = DIRECTION ( 'NONE',  ( 0.000000000000000000, -1.000000000000000000, 0.000000000000000000 ) ) ;
#8941 = LINE ( 'NONE', #8147, #8226 ) ;
#8942 = DIRECTION ( 'NONE',  ( 0.000000000000000000, 1.000000000000000000, -0.000000000000000000 ) ) ;
#8943 = CARTESIAN_POINT ( 'NONE',  ( -1.311825581389000295, 1.949991117421788989, -1.276127092252299589 ) ) ;
#8944 = CARTESIAN_POINT ( 'NONE',  ( 2.050000000000000266, 0.07000000000000000666, -0.5500000000000000444 ) ) ;
#8945 = CARTESIAN_POINT ( 'NONE',  ( -1.820000000000000062, 1.550000000000000266, 1.319554108468271814 ) ) ;
#8946 = EDGE_CURVE ( 'NONE', #10258, #8726, #7384, .T. ) ;
#8947 = DIRECTION ( 'NONE',  ( 0.000000000000000000, -0.000000000000000000, 1.000000000000000000 ) ) ;
#8948 = AXIS2_PLACEMENT_3D ( 'NONE', #6946, #2238, #9604 ) ;
#8949 = CARTESIAN_POINT ( 'NONE',  ( -1.600000000000000311, 0.07000000000000000666, 0.6500000000000001332 ) ) ;
#8950 = CARTESIAN_POINT ( 'NONE',  ( 0.3999999999999998557, 2.500000000000000000, -1.000000000000000000 ) ) ;
#8951 = FACE_OUTER_BOUND ( 'NONE', #6080, .T. ) ;
#8952 = EDGE_CURVE ( 'NONE', #4398, #8368, #2575, .T. ) ;
#8953 = ORIENTED_EDGE ( 'NONE', *, *, #9277, .F. ) ;
#8954 = ORIENTED_EDGE ( 'NONE', *, *, #3309, .T. ) ;
#8955 = CARTESIAN_POINT ( 'NONE',  ( 1.916566081967782331, 1.450000000000002620, -1.494696883978401392 ) ) ;
#8956 = ORIENTED_EDGE ( 'NONE', *, *, #1152, .T. ) ;
#8957 = CARTESIAN_POINT ( 'NONE',  ( 2.201952593834479277, 0.6115518992456836500, -1.354999999999999982 ) ) ;
#8958 = ORIENTED_EDGE ( 'NONE', *, *, #936, .F. ) ;
#8959 = ADVANCED_FACE ( 'NONE', ( #1740 ), #8931, .F. ) ;
#8960 = CARTESIAN_POINT ( 'NONE',  ( -1.283603896932107746, 1.849999999999999867, -1.490264786586926293 ) ) ;
#8961 = ORIENTED_EDGE ( 'NONE', *, *, #7478, .F. ) ;
#8962 = VERTEX_POINT ( 'NONE', #3211 ) ;
#8963 = ADVANCED_FACE ( 'NONE', ( #4414 ), #2605, .T. ) ;
#8964 = ORIENTED_EDGE ( 'NONE', *, *, #4656, .T. ) ;
#8965 = VERTEX_POINT ( 'NONE', #5114 ) ;
#8966 = CARTESIAN_POINT ( 'NONE',  ( 1.820000000000000062, 1.849999999999999867, -1.419554108468272124 ) ) ;
#8967 = DIRECTION ( 'NONE',  ( -0.000000000000000000, 1.000000000000000000, -0.000000000000000000 ) ) ;
#8968 =( LENGTH_UNIT ( ) NAMED_UNIT ( * ) SI_UNIT ( .MILLI., .METRE. ) );
#8969 = DIRECTION ( 'NONE',  ( 1.000000000000000000, 0.000000000000000000, -1.084202172485503842E-15 ) ) ;
#8970 = DIRECTION ( 'NONE',  ( -0.2079116908177564282, 0.9781476007338062439, 0.000000000000000000 ) ) ;
#8971 = CARTESIAN_POINT ( 'NONE',  ( -1.479999999999999982, 2.049999999999999822, -1.519554108468272213 ) ) ;
#8972 = ORIENTED_EDGE ( 'NONE', *, *, #2128, .T. ) ;
#8973 = CARTESIAN_POINT ( 'NONE',  ( -1.310883117545685872, 1.749999999999999778, -1.376122650963194305 ) ) ;
#8974 = FACE_OUTER_BOUND ( 'NONE', #6755, .T. ) ;
#8975 = CARTESIAN_POINT ( 'NONE',  ( -1.876568542494923220, 1.649999999999999911, 0.8104372260139572903 ) ) ;
#8976 = DIRECTION ( 'NONE',  ( 0.7071067811865449082, 0.000000000000000000, 0.7071067811865502373 ) ) ;
#8977 = DIRECTION ( 'NONE',  ( 9.866381877431726115E-16, -0.000000000000000000, 1.000000000000000000 ) ) ;
#8978 = FACE_OUTER_BOUND ( 'NONE', #708, .T. ) ;
#8979 = CARTESIAN_POINT ( 'NONE',  ( 1.460000000000000187, 1.449999999999999956, -0.8600000000000003197 ) ) ;
#8980 = CARTESIAN_POINT ( 'NONE',  ( -2.020000000000000462, 1.539480857753715792, -1.319554108468272036 ) ) ;
#8981 =( NAMED_UNIT ( * ) PLANE_ANGLE_UNIT ( ) SI_UNIT ( $, .RADIAN. ) );
#8982 = SURFACE_STYLE_USAGE ( .BOTH. , #10612 ) ;
#8983 = ORIENTED_EDGE ( 'NONE', *, *, #1500, .F. ) ;
#8984 = FACE_OUTER_BOUND ( 'NONE', #8800, .T. ) ;
#8985 = CARTESIAN_POINT ( 'NONE',  ( -1.283603896932107968, 1.749999999999999778, 1.490264786586926515 ) ) ;
#8986 = CARTESIAN_POINT ( 'NONE',  ( 1.409289321881345591, 1.550000000000000266, -1.348427124746190087 ) ) ;
#8987 = LINE ( 'NONE', #9818, #1511 ) ;
#8988 = CARTESIAN_POINT ( 'NONE',  ( -1.961480346689383536, 1.449999999583023502, -1.460916455476862996 ) ) ;
#8989 = AXIS2_PLACEMENT_3D ( 'NONE', #10166, #4348, #6086 ) ;
#8990 = DIRECTION ( 'NONE',  ( -0.000000000000000000, -0.000000000000000000, -1.000000000000000000 ) ) ;
#8991 = CARTESIAN_POINT ( 'NONE',  ( -1.876568542494923664, 1.749999999999999778, -0.8104372260139569573 ) ) ;
#8992 = ORIENTED_EDGE ( 'NONE', *, *, #10593, .T. ) ;
#8993 = CARTESIAN_POINT ( 'NONE',  ( -1.919057536156685506, 1.750000000000000000, 0.7538731248081388392 ) ) ;
#8994 = CARTESIAN_POINT ( 'NONE',  ( 1.252810866969983339, 1.749999999999999556, 1.275570875203458243 ) ) ;
#8995 = AXIS2_PLACEMENT_3D ( 'NONE', #5066, #937, #9860 ) ;
#8996 = ORIENTED_EDGE ( 'NONE', *, *, #6281, .F. ) ;
#8997 = VERTEX_POINT ( 'NONE', #1143 ) ;
#8998 = CARTESIAN_POINT ( 'NONE',  ( -2.050000000000000266, 0.07000000000000000666, -0.5500000000000000444 ) ) ;
#8999 = ORIENTED_EDGE ( 'NONE', *, *, #7222, .F. ) ;
#9000 = DIRECTION ( 'NONE',  ( -0.7071067811865449082, 0.000000000000000000, 0.7071067811865502373 ) ) ;
#9001 = EDGE_CURVE ( 'NONE', #373, #1936, #3485, .T. ) ;
#9002 = ORIENTED_EDGE ( 'NONE', *, *, #61, .T. ) ;
#9003 = DIRECTION ( 'NONE',  ( 1.000000000000000000, 0.000000000000000000, -0.000000000000000000 ) ) ;
#9004 = CIRCLE ( 'NONE', #4378, 0.2000000000000005107 ) ;
#9005 = EDGE_CURVE ( 'NONE', #610, #2968, #8389, .T. ) ;
#9006 = CIRCLE ( 'NONE', #3856, 0.09999999999999997780 ) ;
#9007 = ORIENTED_EDGE ( 'NONE', *, *, #8887, .T. ) ;
#9008 = ORIENTED_EDGE ( 'NONE', *, *, #3181, .F. ) ;
#9009 = MECHANICAL_DESIGN_GEOMETRIC_PRESENTATION_REPRESENTATION (  '', ( #3515 ), #8515 ) ;
#9010 = ORIENTED_EDGE ( 'NONE', *, *, #5670, .T. ) ;
#9011 = ORIENTED_EDGE ( 'NONE', *, *, #2645, .T. ) ;
#9012 = CYLINDRICAL_SURFACE ( 'NONE', #1842, 0.09999999999999997780 ) ;
#9013 = LINE ( 'NONE', #8966, #9823 ) ;
#9014 = CARTESIAN_POINT ( 'NONE',  ( 1.302305608210474475, 1.839587083421923008, -1.418709745098122088 ) ) ;
#9015 = CYLINDRICAL_SURFACE ( 'NONE', #1136, 0.1000000000000000472 ) ;
#9016 = FILL_AREA_STYLE_COLOUR ( '', #8367 ) ;
#9017 = PRESENTATION_STYLE_ASSIGNMENT (( #5752 ) ) ;
#9018 = COLOUR_RGB ( '',0.8431372549019607865, 0.8156862745098039102, 0.7529411764705882248 ) ;
#9019 = EDGE_CURVE ( 'NONE', #747, #2201, #9528, .T. ) ;
#9020 = EDGE_CURVE ( 'NONE', #1790, #4719, #7702, .T. ) ;
#9021 = CIRCLE ( 'NONE', #973, 0.1000000000000000472 ) ;
#9022 = CARTESIAN_POINT ( 'NONE',  ( -2.627600192202758311, 1.749999999999999778, 0.5276001922027558910 ) ) ;
#9023 = ORIENTED_EDGE ( 'NONE', *, *, #5346, .T. ) ;
#9024 = FILL_AREA_STYLE ('',( #3262 ) ) ;
#9025 = SURFACE_STYLE_USAGE ( .BOTH. , #4142 ) ;
#9026 = STYLED_ITEM ( 'NONE', ( #8809 ), #952 ) ;
#9027 = CARTESIAN_POINT ( 'NONE',  ( 1.210883117545685783, 1.649999999999999245, 1.376122650963194305 ) ) ;
#9028 = CARTESIAN_POINT ( 'NONE',  ( 2.100000000000000089, 1.550000000000000266, 0.8599999999999999867 ) ) ;
#9029 = VECTOR ( 'NONE', #9569, 1000.000000000000000 ) ;
#9030 = CARTESIAN_POINT ( 'NONE',  ( 1.354314575050762803, 1.550000000000000266, -1.419554108468271680 ) ) ;
#9031 = CARTESIAN_POINT ( 'NONE',  ( -1.820000000000000062, 2.049999999999999822, -1.319554108468271814 ) ) ;
#9032 = B_SPLINE_CURVE_WITH_KNOTS ( 'NONE', 3,
 ( #7074, #2903, #10129, #5392 ),
 .UNSPECIFIED., .F., .F.,
 ( 4, 4 ),
 ( 0.000000000000000000, 1.000000000000000000 ),
 .UNSPECIFIED. ) ;
#9033 = AXIS2_PLACEMENT_3D ( 'NONE', #2464, #1777, #3149 ) ;
#9034 = UNCERTAINTY_MEASURE_WITH_UNIT (LENGTH_MEASURE( 1.000000000000000082E-05 ), #8387, 'distance_accuracy_value', 'NONE');
#9035 = CARTESIAN_POINT ( 'NONE',  ( 1.379999999999999893, 1.449999999999999956, 1.419554108468271902 ) ) ;
#9036 = CARTESIAN_POINT ( 'NONE',  ( -1.939714764531885960, 1.459345992359767585, -1.478937174818779399 ) ) ;
#9037 = CARTESIAN_POINT ( 'NONE',  ( 1.023599564173221177, 1.449999999999999956, -1.224999999999999867 ) ) ;
#9038 = ORIENTED_EDGE ( 'NONE', *, *, #9546, .T. ) ;
#9039 = CARTESIAN_POINT ( 'NONE',  ( 1.460000000000000187, 1.550000000000000266, -1.410853531617383361 ) ) ;
#9040 = CARTESIAN_POINT ( 'NONE',  ( -1.920000000000000373, 1.550000000000000266, -0.8600000000000002087 ) ) ;
#9041 = CARTESIAN_POINT ( 'NONE',  ( -1.311825581389000295, 1.749999999999999778, -1.476118209674089465 ) ) ;
#9042 = CARTESIAN_POINT ( 'NONE',  ( 0.4000000000000000777, 2.500000000000000000, 1.000000000000000000 ) ) ;
#9043 = DIRECTION ( 'NONE',  ( 0.000000000000000000, 1.000000000000000000, 0.000000000000000000 ) ) ;
#9044 = EDGE_CURVE ( 'NONE', #5174, #3582, #958, .T. ) ;
#9045 = AXIS2_PLACEMENT_3D ( 'NONE', #6225, #1316, #3877 ) ;
#9046 = CIRCLE ( 'NONE', #7361, 0.1000000000000000472 ) ;
#9047 = CARTESIAN_POINT ( 'NONE',  ( 1.310883117545686316, 1.850000000000000089, -1.376122650963194749 ) ) ;
#9048 = DIRECTION ( 'NONE',  ( 0.000000000000000000, 0.000000000000000000, 1.000000000000000000 ) ) ;
#9049 = CARTESIAN_POINT ( 'NONE',  ( 2.517157287525380482, 2.499999999999999556, 1.058578643762690064 ) ) ;
#9050 =( NAMED_UNIT ( * ) SI_UNIT ( $, .STERADIAN. ) SOLID_ANGLE_UNIT ( ) );
#9051 = VERTEX_POINT ( 'NONE', #4247 ) ;
#9052 = VERTEX_POINT ( 'NONE', #2739 ) ;
#9053 = CIRCLE ( 'NONE', #9401, 0.1000000000000000472 ) ;
#9054 = CARTESIAN_POINT ( 'NONE',  ( 1.860487750466343737, 1.555704050069236954, -1.519554108468272213 ) ) ;
#9055 = VERTEX_POINT ( 'NONE', #3437 ) ;
#9056 = CARTESIAN_POINT ( 'NONE',  ( -1.639999999999999236, 1.550000000000000266, 1.410853531617383361 ) ) ;
#9057 = AXIS2_PLACEMENT_3D ( 'NONE', #1695, #4745, #3273 ) ;
#9058 = EDGE_LOOP ( 'NONE', ( #8587, #5966, #7305, #9965 ) ) ;
#9059 = LINE ( 'NONE', #955, #2729 ) ;
#9060 = AXIS2_PLACEMENT_3D ( 'NONE', #10177, #4637, #3656 ) ;
#9061 = STYLED_ITEM ( 'NONE', ( #9156 ), #5111 ) ;
#9062 = CIRCLE ( 'NONE', #1704, 1.100000000000000089 ) ;
#9063 = CIRCLE ( 'NONE', #2207, 0.09999999999999997780 ) ;
#9064 = ORIENTED_EDGE ( 'NONE', *, *, #1357, .F. ) ;
#9065 = EDGE_LOOP ( 'NONE', ( #7319, #5786, #9234, #5576 ) ) ;
#9066 = ORIENTED_EDGE ( 'NONE', *, *, #1337, .T. ) ;
#9067 = CYLINDRICAL_SURFACE ( 'NONE', #8701, 0.1000000000000000472 ) ;
#9068 = LINE ( 'NONE', #6465, #3271 ) ;
#9069 = DIRECTION ( 'NONE',  ( 1.000000000000000000, 0.000000000000000000, 0.000000000000000000 ) ) ;
#9070 = ORIENTED_EDGE ( 'NONE', *, *, #3944, .T. ) ;
#9071 = FACE_OUTER_BOUND ( 'NONE', #6744, .T. ) ;
#9072 = DIRECTION ( 'NONE',  ( 1.000000000000000000, 0.000000000000000000, 0.000000000000000000 ) ) ;
#9073 = PLANE ( 'NONE',  #3893 ) ;
#9074 = VECTOR ( 'NONE', #10092, 1000.000000000000114 ) ;
#9075 = EDGE_CURVE ( 'NONE', #156, #9883, #3599, .T. ) ;
#9076 = MECHANICAL_DESIGN_GEOMETRIC_PRESENTATION_REPRESENTATION (  '', ( #5837 ), #860 ) ;
#9077 = VERTEX_POINT ( 'NONE', #8446 ) ;
#9078 = CARTESIAN_POINT ( 'NONE',  ( 2.049999999999999822, 1.449999999999999956, -1.500000000000000000 ) ) ;
#9079 = EDGE_LOOP ( 'NONE', ( #4612, #4534, #4731 ) ) ;
#9080 = DIRECTION ( 'NONE',  ( 0.000000000000000000, -1.000000000000000000, 0.000000000000000000 ) ) ;
#9081 = ADVANCED_FACE ( 'NONE', ( #1091 ), #4816, .T. ) ;
#9082 = CARTESIAN_POINT ( 'NONE',  ( 1.988436006080640528, 1.464166666666514960, -1.428284318757787386 ) ) ;
#9083 = DIRECTION ( 'NONE',  ( -0.7071067811865475727, -0.000000000000000000, 0.7071067811865474617 ) ) ;
#9084 = EDGE_CURVE ( 'NONE', #3997, #6565, #3538, .T. ) ;
#9085 = CARTESIAN_POINT ( 'NONE',  ( -1.360000000000000098, 1.449999999999999956, -1.600000000000000089 ) ) ;
#9086 = CIRCLE ( 'NONE', #8405, 0.1000000000000000472 ) ;
#9087 = DIRECTION ( 'NONE',  ( 0.000000000000000000, -0.000000000000000000, 1.000000000000000000 ) ) ;
#9088 = CARTESIAN_POINT ( 'NONE',  ( -2.049999999999999822, 1.449999999999999956, -1.586602540378444059 ) ) ;
#9089 =( GEOMETRIC_REPRESENTATION_CONTEXT ( 3 ) GLOBAL_UNCERTAINTY_ASSIGNED_CONTEXT ( ( #2622 ) ) GLOBAL_UNIT_ASSIGNED_CONTEXT ( ( #9520, #9415, #6923 ) ) REPRESENTATION_CONTEXT ( 'NONE', 'WORKASPACE' ) );
#9090 =( LENGTH_UNIT ( ) NAMED_UNIT ( * ) SI_UNIT ( .MILLI., .METRE. ) );
#9091 = EDGE_CURVE ( 'NONE', #9218, #352, #7597, .T. ) ;
#9092 = ORIENTED_EDGE ( 'NONE', *, *, #10380, .T. ) ;
#9093 = SURFACE_STYLE_FILL_AREA ( #7492 ) ;
#9094 =( NAMED_UNIT ( * ) PLANE_ANGLE_UNIT ( ) SI_UNIT ( $, .RADIAN. ) );
#9095 = DIRECTION ( 'NONE',  ( -4.336808689942006692E-15, 0.000000000000000000, -1.000000000000000000 ) ) ;
#9096 = DIRECTION ( 'NONE',  ( 0.000000000000000000, 0.000000000000000000, -1.000000000000000000 ) ) ;
#9097 = CARTESIAN_POINT ( 'NONE',  ( 1.820000000000000062, 1.550000000000000266, -0.8800000000000000044 ) ) ;
#9098 =( NAMED_UNIT ( * ) PLANE_ANGLE_UNIT ( ) SI_UNIT ( $, .RADIAN. ) );
#9099 = AXIS2_PLACEMENT_3D ( 'NONE', #6390, #7794, #5565 ) ;
#9100 = DIRECTION ( 'NONE',  ( 0.000000000000000000, 1.000000000000000000, 0.000000000000000000 ) ) ;
#9101 = VERTEX_POINT ( 'NONE', #559 ) ;
#9102 = DIRECTION ( 'NONE',  ( 0.000000000000000000, 0.000000000000000000, -1.000000000000000000 ) ) ;
#9103 = FACE_OUTER_BOUND ( 'NONE', #4233, .T. ) ;
#9104 = ORIENTED_EDGE ( 'NONE', *, *, #444, .T. ) ;
#9105 = EDGE_CURVE ( 'NONE', #3833, #4338, #7826, .T. ) ;
#9106 = ORIENTED_EDGE ( 'NONE', *, *, #7813, .T. ) ;
#9107 = PRESENTATION_LAYER_ASSIGNMENT (  '', '', ( #8423 ) ) ;
#9108 = LINE ( 'NONE', #3570, #10305 ) ;
#9109 = ORIENTED_EDGE ( 'NONE', *, *, #67, .F. ) ;
#9110 = CARTESIAN_POINT ( 'NONE',  ( -2.020000000000000018, 1.591421356237309626, -0.9214213562373093636 ) ) ;
#9111 = ORIENTED_EDGE ( 'NONE', *, *, #1152, .F. ) ;
#9112 = CYLINDRICAL_SURFACE ( 'NONE', #10473, 0.09999999999999997780 ) ;
#9113 = ORIENTED_EDGE ( 'NONE', *, *, #8937, .F. ) ;
#9114 = EDGE_CURVE ( 'NONE', #1936, #1198, #9006, .T. ) ;
#9115 = ORIENTED_EDGE ( 'NONE', *, *, #7163, .F. ) ;
#9116 = ORIENTED_EDGE ( 'NONE', *, *, #677, .F. ) ;
#9117 = LINE ( 'NONE', #8321, #7858 ) ;
#9118 = CARTESIAN_POINT ( 'NONE',  ( 2.020000000000000018, 1.449999999999999956, -0.9799999999999999822 ) ) ;
#9119 =( LENGTH_UNIT ( ) NAMED_UNIT ( * ) SI_UNIT ( .MILLI., .METRE. ) );
#9120 = ORIENTED_EDGE ( 'NONE', *, *, #5279, .T. ) ;
#9121 = CARTESIAN_POINT ( 'NONE',  ( -1.988032633253842940, 1.566741114999318452, 1.387586741722114159 ) ) ;
#9122 = DIRECTION ( 'NONE',  ( 0.7071067811865486830, 0.000000000000000000, 0.7071067811865464625 ) ) ;
#9123 = FACE_OUTER_BOUND ( 'NONE', #367, .T. ) ;
#9124 = DIRECTION ( 'NONE',  ( -0.000000000000000000, 1.000000000000000000, -0.000000000000000000 ) ) ;
#9125 = EDGE_CURVE ( 'NONE', #4116, #9874, #5755, .T. ) ;
#9126 = DIRECTION ( 'NONE',  ( -0.7071067811865486830, 0.000000000000000000, 0.7071067811865464625 ) ) ;
#9127 = ORIENTED_EDGE ( 'NONE', *, *, #7001, .T. ) ;
#9128 = CARTESIAN_POINT ( 'NONE',  ( 1.919057536156685506, 1.849995558710894938, -1.277388429508033996 ) ) ;
#9129 = EDGE_CURVE ( 'NONE', #3637, #7135, #2115, .T. ) ;
#9130 = DIRECTION ( 'NONE',  ( 1.000000000000000000, -0.000000000000000000, 4.928191693115927811E-16 ) ) ;
#9131 =( NAMED_UNIT ( * ) PLANE_ANGLE_UNIT ( ) SI_UNIT ( $, .RADIAN. ) );
#9132 = CARTESIAN_POINT ( 'NONE',  ( 2.049999999999999822, 1.449999999999999956, -1.586602540378444059 ) ) ;
#9133 =( LENGTH_UNIT ( ) NAMED_UNIT ( * ) SI_UNIT ( .MILLI., .METRE. ) );
#9134 = CARTESIAN_POINT ( 'NONE',  ( 2.020000000000000462, 1.590982664450489636, -0.8538686835190346658 ) ) ;
#9135 = EDGE_CURVE ( 'NONE', #6290, #5174, #3813, .T. ) ;
#9136 = EDGE_LOOP ( 'NONE', ( #9070, #8312, #3121 ) ) ;
#9137 = DIRECTION ( 'NONE',  ( 1.000000000000000000, -0.000000000000000000, 0.000000000000000000 ) ) ;
#9138 = CYLINDRICAL_SURFACE ( 'NONE', #9605, 1.259999999999999787 ) ;
#9139 = VERTEX_POINT ( 'NONE', #8650 ) ;
#9140 = DIRECTION ( 'NONE',  ( -0.000000000000000000, -0.000000000000000000, 1.000000000000000000 ) ) ;
#9141 = CARTESIAN_POINT ( 'NONE',  ( -1.389289321881345574, 1.550000000000000266, -1.340142853498727860 ) ) ;
#9142 = AXIS2_PLACEMENT_3D ( 'NONE', #5579, #7151, #7106 ) ;
#9143 = DIRECTION ( 'NONE',  ( -0.000000000000000000, -0.000000000000000000, -1.000000000000000000 ) ) ;
#9144 = CARTESIAN_POINT ( 'NONE',  ( -2.000000000000000888, 1.449999999999999956, 1.500000000000000000 ) ) ;
#9145 = VECTOR ( 'NONE', #5796, 1000.000000000000000 ) ;
#9146 = CARTESIAN_POINT ( 'NONE',  ( -2.627600192202758311, 1.849999999999999867, 0.5276001922027557800 ) ) ;
#9147 = CARTESIAN_POINT ( 'NONE',  ( -1.920000000000000373, 1.979372890325909351, -1.143292079575958242 ) ) ;
#9148 = LINE ( 'NONE', #7560, #1211 ) ;
#9149 = EDGE_CURVE ( 'NONE', #3637, #9052, #2258, .T. ) ;
#9150 = SURFACE_STYLE_USAGE ( .BOTH. , #5891 ) ;
#9151 = VERTEX_POINT ( 'NONE', #9566 ) ;
#9152 = CARTESIAN_POINT ( 'NONE',  ( 1.310883117545685650, 1.649999999999999911, -1.376122650963194527 ) ) ;
#9153 = DIRECTION ( 'NONE',  ( -1.000000000000000000, 0.000000000000000000, 0.000000000000000000 ) ) ;
#9154 = ORIENTED_EDGE ( 'NONE', *, *, #6577, .F. ) ;
#9155 = ORIENTED_EDGE ( 'NONE', *, *, #9084, .F. ) ;
#9156 = PRESENTATION_STYLE_ASSIGNMENT (( #5897 ) ) ;
#9157 = EDGE_LOOP ( 'NONE', ( #856, #1864, #1122, #4620, #2806, #1843, #8266, #6412, #2555, #8308, #6345, #2449 ) ) ;
#9158 = SURFACE_STYLE_FILL_AREA ( #911 ) ;
#9159 = AXIS2_PLACEMENT_3D ( 'NONE', #4238, #9294, #7691 ) ;
#9160 = ORIENTED_EDGE ( 'NONE', *, *, #7667, .T. ) ;
#9161 =( LENGTH_UNIT ( ) NAMED_UNIT ( * ) SI_UNIT ( .MILLI., .METRE. ) );
#9162 = CIRCLE ( 'NONE', #2987, 0.1000000000000000472 ) ;
#9163 = ORIENTED_EDGE ( 'NONE', *, *, #875, .T. ) ;
#9164 = ORIENTED_EDGE ( 'NONE', *, *, #9755, .T. ) ;
#9165 = ORIENTED_EDGE ( 'NONE', *, *, #8552, .F. ) ;
#9166 = CARTESIAN_POINT ( 'NONE',  ( -1.910853531617384693, 1.550000000000000266, -0.8600000000000000977 ) ) ;
#9167 = CARTESIAN_POINT ( 'NONE',  ( -1.354314575050763247, 1.850551775759737172, -1.477626359043973769 ) ) ;
#9168 = CARTESIAN_POINT ( 'NONE',  ( 1.354314575050763469, 1.849995558710894938, -1.418611644624957480 ) ) ;
#9169 = ORIENTED_EDGE ( 'NONE', *, *, #4630, .F. ) ;
#9170 = CARTESIAN_POINT ( 'NONE',  ( -1.920000000000000373, 1.749999999999999778, 1.319554108468271814 ) ) ;
#9171 = DIRECTION ( 'NONE',  ( -0.000000000000000000, 1.000000000000000000, -0.000000000000000000 ) ) ;
#9172 = DIRECTION ( 'NONE',  ( 0.000000000000000000, 0.000000000000000000, -1.000000000000000000 ) ) ;
#9173 = DIRECTION ( 'NONE',  ( 0.7071067811865463515, 0.000000000000000000, 0.7071067811865487940 ) ) ;
#9174 = AXIS2_PLACEMENT_3D ( 'NONE', #5625, #10566, #3176 ) ;
#9175 = ORIENTED_EDGE ( 'NONE', *, *, #6618, .T. ) ;
#9176 = COLOUR_RGB ( '',0.8431372549019607865, 0.8156862745098039102, 0.7529411764705882248 ) ;
#9177 = ORIENTED_EDGE ( 'NONE', *, *, #1207, .F. ) ;
#9178 = CARTESIAN_POINT ( 'NONE',  ( 1.855265411975102419, 1.495475424902659611, 1.519554108468272435 ) ) ;
#9179 = DIRECTION ( 'NONE',  ( 0.000000000000000000, 0.000000000000000000, -1.000000000000000000 ) ) ;
#9180 = DIRECTION ( 'NONE',  ( 0.000000000000000000, 1.000000000000000000, 0.000000000000000000 ) ) ;
#9181 = CARTESIAN_POINT ( 'NONE',  ( -1.283271467065781213, 1.579235000539439771, -1.460423429269552376 ) ) ;
#9182 = CYLINDRICAL_SURFACE ( 'NONE', #8875, 0.1000000000000001582 ) ;
#9183 = DIRECTION ( 'NONE',  ( -0.2079116875743489690, -0.9781476014232136640, 0.000000000000000000 ) ) ;
#9184 = CARTESIAN_POINT ( 'NONE',  ( -2.695632825456600212, 1.777260257245602659, -0.5956328254565979030 ) ) ;
#9185 = ORIENTED_EDGE ( 'NONE', *, *, #4951, .T. ) ;
#9186 = VECTOR ( 'NONE', #9453, 1000.000000000000000 ) ;
#9187 = DIRECTION ( 'NONE',  ( 0.2079116908177564282, 0.9781476007338062439, -0.000000000000000000 ) ) ;
#9188 = CARTESIAN_POINT ( 'NONE',  ( 1.919137802864846698, 1.449999999999999956, -0.8800000000000000044 ) ) ;
#9189 = AXIS2_PLACEMENT_3D ( 'NONE', #6598, #4207, #8300 ) ;
#9190 = ORIENTED_EDGE ( 'NONE', *, *, #5754, .T. ) ;
#9191 = CARTESIAN_POINT ( 'NONE',  ( -1.252810866969983783, 1.750000000000000222, 1.275570875203457355 ) ) ;
#9192 = CARTESIAN_POINT ( 'NONE',  ( -1.360000000000000098, 1.550000000000000266, -1.600000000000000089 ) ) ;
#9193 = CARTESIAN_POINT ( 'NONE',  ( 2.299767353907860468, 0.5907607301639085096, -1.355000000000000204 ) ) ;
#9194 =( NAMED_UNIT ( * ) PLANE_ANGLE_UNIT ( ) SI_UNIT ( $, .RADIAN. ) );
#9195 = CARTESIAN_POINT ( 'NONE',  ( 2.100000000000000089, 0.1800000014699860151, 1.355000000000000204 ) ) ;
#9196 =( BOUNDED_SURFACE ( )  B_SPLINE_SURFACE ( 3, 3, ( 
 ( #5379, #5581, #2191, #705 ),
 ( #5480, #8640, #592, #8691 ),
 ( #3954, #2878, #1343, #8845 ),
 ( #6198, #1498, #7153, #5535 ) ),
 .UNSPECIFIED., .F., .F., .T. ) 
 B_SPLINE_SURFACE_WITH_KNOTS ( ( 4, 4 ),
 ( 4, 4 ),
 ( 0.000000000000000000, 1.000000000000000000 ),
 ( 0.000000000000000000, 1.000000000000000000 ),
 .UNSPECIFIED. ) 
 GEOMETRIC_REPRESENTATION_ITEM ( )  RATIONAL_B_SPLINE_SURFACE ( (
 ( 1.000000000000000000, 0.8025111867385935627, 0.8025111867385935627, 1.000000000000000000),
 ( 0.9486501948152642472, 0.7613023936409957226, 0.7613023936409957226, 0.9486501948152642472),
 ( 0.9486501948152642472, 0.7613023936409957226, 0.7613023936409957226, 0.9486501948152642472),
 ( 1.000000000000000000, 0.8025111867385935627, 0.8025111867385935627, 1.000000000000000000) ) ) 
 REPRESENTATION_ITEM ( '' )  SURFACE ( )  );
#9197 = CARTESIAN_POINT ( 'NONE',  ( 2.100000000000000089, 0.06999999926500789782, 1.355000000000000204 ) ) ;
#9198 = MECHANICAL_DESIGN_GEOMETRIC_PRESENTATION_REPRESENTATION (  '', ( #9026 ), #10412 ) ;
#9199 = DIRECTION ( 'NONE',  ( 0.000000000000000000, -1.000000000000000000, 0.000000000000000000 ) ) ;
#9200 = VECTOR ( 'NONE', #5115, 1000.000000000000000 ) ;
#9201 = CARTESIAN_POINT ( 'NONE',  ( 2.020000000000000462, 1.449999999999999956, -1.224999999999999867 ) ) ;
#9202 = ORIENTED_EDGE ( 'NONE', *, *, #875, .F. ) ;
#9203 = DIRECTION ( 'NONE',  ( 0.000000000000000000, 0.000000000000000000, -1.000000000000000000 ) ) ;
#9204 = AXIS2_PLACEMENT_3D ( 'NONE', #8374, #806, #9840 ) ;
#9205 = FACE_OUTER_BOUND ( 'NONE', #7814, .T. ) ;
#9206 = ORIENTED_EDGE ( 'NONE', *, *, #9020, .F. ) ;
#9207 = EDGE_LOOP ( 'NONE', ( #6253, #4449, #259 ) ) ;
#9208 = DIRECTION ( 'NONE',  ( -0.000000000000000000, 1.000000000000000000, -0.000000000000000000 ) ) ;
#9209 = ORIENTED_EDGE ( 'NONE', *, *, #1333, .F. ) ;
#9210 = EDGE_CURVE ( 'NONE', #1074, #6374, #1448, .T. ) ;
#9211 = EDGE_CURVE ( 'NONE', #4221, #5020, #788, .T. ) ;
#9212 = ADVANCED_FACE ( 'NONE', ( #4627 ), #7960, .F. ) ;
#9213 = ORIENTED_EDGE ( 'NONE', *, *, #3492, .F. ) ;
#9214 = PRESENTATION_LAYER_ASSIGNMENT (  '', '', ( #6162 ) ) ;
#9215 = CARTESIAN_POINT ( 'NONE',  ( 2.000000000000000888, 0.06999999999999996503, -1.500000000000000000 ) ) ;
#9216 = EDGE_CURVE ( 'NONE', #1768, #9726, #2157, .T. ) ;
#9217 = COLOUR_RGB ( '',0.8431372549019607865, 0.8156862745098039102, 0.7529411764705882248 ) ;
#9218 = VERTEX_POINT ( 'NONE', #5435 ) ;
#9219 = SURFACE_STYLE_FILL_AREA ( #3467 ) ;
#9220 = ORIENTED_EDGE ( 'NONE', *, *, #10524, .F. ) ;
#9221 = ORIENTED_EDGE ( 'NONE', *, *, #9075, .F. ) ;
#9222 = DIRECTION ( 'NONE',  ( 0.000000000000000000, -1.000000000000000000, 0.000000000000000000 ) ) ;
#9223 = AXIS2_PLACEMENT_3D ( 'NONE', #9460, #2113, #2967 ) ;
#9224 = FACE_OUTER_BOUND ( 'NONE', #1795, .T. ) ;
#9225 = CARTESIAN_POINT ( 'NONE',  ( -2.109781477445200615, 0.1779208827861958886, -0.5003071667619851670 ) ) ;
#9226 = ORIENTED_EDGE ( 'NONE', *, *, #6437, .F. ) ;
#9227 = FACE_OUTER_BOUND ( 'NONE', #8736, .T. ) ;
#9228 = CARTESIAN_POINT ( 'NONE',  ( 1.327268482960745510, 1.849995558710894938, 1.418611644624957036 ) ) ;
#9229 = FACE_OUTER_BOUND ( 'NONE', #1077, .T. ) ;
#9230 = CARTESIAN_POINT ( 'NONE',  ( 1.820000000000000062, 1.449999999999999956, 1.319554108468271814 ) ) ;
#9231 = CARTESIAN_POINT ( 'NONE',  ( 1.399999999999999911, 0.07000000000000000666, 1.449999999999999956 ) ) ;
#9232 = MECHANICAL_DESIGN_GEOMETRIC_PRESENTATION_REPRESENTATION (  '', ( #1869 ), #2054 ) ;
#9233 = PRESENTATION_LAYER_ASSIGNMENT (  '', '', ( #328 ) ) ;
#9234 = ORIENTED_EDGE ( 'NONE', *, *, #4355, .T. ) ;
#9235 = CARTESIAN_POINT ( 'NONE',  ( 1.638275862068964583, 1.550000000000000266, -0.2329654253690055798 ) ) ;
#9236 = ORIENTED_EDGE ( 'NONE', *, *, #7905, .F. ) ;
#9237 = DIRECTION ( 'NONE',  ( -0.7071067811865489050, 0.000000000000000000, 0.7071067811865461294 ) ) ;
#9238 = LINE ( 'NONE', #6854, #6033 ) ;
#9239 = ADVANCED_FACE ( 'NONE', ( #4725 ), #7161, .T. ) ;
#9240 = EDGE_CURVE ( 'NONE', #9353, #1881, #1315, .T. ) ;
#9241 = LINE ( 'NONE', #1784, #4496 ) ;
#9242 =( GEOMETRIC_REPRESENTATION_CONTEXT ( 3 ) GLOBAL_UNCERTAINTY_ASSIGNED_CONTEXT ( ( #1040 ) ) GLOBAL_UNIT_ASSIGNED_CONTEXT ( ( #5596, #5040, #4020 ) ) REPRESENTATION_CONTEXT ( 'NONE', 'WORKASPACE' ) );
#9243 = CARTESIAN_POINT ( 'NONE',  ( -1.327268482960745732, 1.590982664450489192, -1.519554108468271991 ) ) ;
#9244 = DIRECTION ( 'NONE',  ( 0.000000000000000000, 0.000000000000000000, -1.000000000000000000 ) ) ;
#9245 = DIRECTION ( 'NONE',  ( -0.000000000000000000, 1.000000000000000000, -0.000000000000000000 ) ) ;
#9246 = CIRCLE ( 'NONE', #4454, 0.1000000000000000472 ) ;
#9247 = AXIS2_PLACEMENT_3D ( 'NONE', #1892, #5169, #8278 ) ;
#9248 = ORIENTED_EDGE ( 'NONE', *, *, #5541, .T. ) ;
#9249 = SURFACE_STYLE_FILL_AREA ( #8450 ) ;
#9250 = CARTESIAN_POINT ( 'NONE',  ( -2.201952593834479277, 0.6115518992456836500, 0.7950000000000002620 ) ) ;
#9251 = SURFACE_SIDE_STYLE ('',( #295 ) ) ;
#9252 = ADVANCED_FACE ( 'NONE', ( #3913 ), #7215, .T. ) ;
#9253 = CARTESIAN_POINT ( 'NONE',  ( -1.990710678118655652, 1.649999999999999911, -0.7831580054003790536 ) ) ;
#9254 = ORIENTED_EDGE ( 'NONE', *, *, #7376, .F. ) ;
#9255 = CARTESIAN_POINT ( 'NONE',  ( -1.210883117545685783, 1.750000000000000222, 1.317105315413683808 ) ) ;
#9256 = AXIS2_PLACEMENT_3D ( 'NONE', #254, #7772, #4266 ) ;
#9257 = CARTESIAN_POINT ( 'NONE',  ( 2.100000000000000089, 1.399999999999999467, -1.500000000000000000 ) ) ;
#9258 = DIRECTION ( 'NONE',  ( 0.000000000000000000, 0.000000000000000000, -1.000000000000000000 ) ) ;
#9259 = PRESENTATION_STYLE_ASSIGNMENT (( #5239 ) ) ;
#9260 = CARTESIAN_POINT ( 'NONE',  ( 1.283271467065780991, 1.579235000539439548, -1.460423429269552154 ) ) ;
#9261 = DIRECTION ( 'NONE',  ( 0.000000000000000000, -1.000000000000000000, 0.000000000000000000 ) ) ;
#9263 = ADVANCED_FACE ( 'NONE', ( #8603 ), #1256, .T. ) ;
#9262 = AXIS2_PLACEMENT_3D ( 'NONE', #8783, #9491, #5466 ) ;
#9264 = CARTESIAN_POINT ( 'NONE',  ( 2.201952593834479277, 0.6115518992456836500, -1.354999999999999982 ) ) ;
#9265 = CIRCLE ( 'NONE', #869, 0.1000000000000000472 ) ;
#9266 = CIRCLE ( 'NONE', #6204, 0.1000000000000001582 ) ;
#9267 = EDGE_CURVE ( 'NONE', #373, #8477, #5594, .T. ) ;
#9268 = PLANE ( 'NONE',  #4250 ) ;
#9269 = LINE ( 'NONE', #256, #4893 ) ;
#9270 = FILL_AREA_STYLE ('',( #142 ) ) ;
#9271 = ORIENTED_EDGE ( 'NONE', *, *, #4296, .F. ) ;
#9272 = EDGE_LOOP ( 'NONE', ( #4276, #272, #1, #7842 ) ) ;
#9273 =( BOUNDED_SURFACE ( )  B_SPLINE_SURFACE ( 3, 3, ( 
 ( #6705, #9970, #9361, #5510 ),
 ( #8559, #3776, #7929, #6223 ),
 ( #7082, #1313, #10238, #4422 ),
 ( #1220, #10345, #5292, #6269 ) ),
 .UNSPECIFIED., .F., .F., .F. ) 
 B_SPLINE_SURFACE_WITH_KNOTS ( ( 4, 4 ),
 ( 4, 4 ),
 ( 0.000000000000000000, 1.000000000000000000 ),
 ( 0.000000000000000000, 1.000000000000000000 ),
 .UNSPECIFIED. ) 
 GEOMETRIC_REPRESENTATION_ITEM ( )  RATIONAL_B_SPLINE_SURFACE ( (
 ( 1.000000000000000000, 0.8002741005225383342, 0.8002741005225383342, 1.000000000000000000),
 ( 0.9533418993926747742, 0.7629348310269210565, 0.7629348310269210565, 0.9533418993926747742),
 ( 0.9533418993926747742, 0.7629348310269210565, 0.7629348310269210565, 0.9533418993926747742),
 ( 1.000000000000000000, 0.8002741005225383342, 0.8002741005225383342, 1.000000000000000000) ) ) 
 REPRESENTATION_ITEM ( '' )  SURFACE ( )  );
#9274 = FACE_OUTER_BOUND ( 'NONE', #5032, .T. ) ;
#9275 = ORIENTED_EDGE ( 'NONE', *, *, #6943, .T. ) ;
#9276 = CARTESIAN_POINT ( 'NONE',  ( -1.906297506684001775, 1.536900777156472220, 0.7451183755087184002 ) ) ;
#9277 = EDGE_CURVE ( 'NONE', #7684, #6401, #9465, .T. ) ;
#9278 = ORIENTED_EDGE ( 'NONE', *, *, #2432, .T. ) ;
#9279 = FACE_OUTER_BOUND ( 'NONE', #1295, .T. ) ;
#9280 = VECTOR ( 'NONE', #8171, 999.9999999999998863 ) ;
#9281 = EDGE_CURVE ( 'NONE', #5288, #8628, #10334, .T. ) ;
#9282 = CIRCLE ( 'NONE', #1920, 0.1000000000000000472 ) ;
#9283 = ORIENTED_EDGE ( 'NONE', *, *, #1306, .F. ) ;
#9284 = LINE ( 'NONE', #2767, #4094 ) ;
#9285 = EDGE_LOOP ( 'NONE', ( #2769, #2180, #6969, #5850 ) ) ;
#9286 = ORIENTED_EDGE ( 'NONE', *, *, #8112, .F. ) ;
#9287 = EDGE_CURVE ( 'NONE', #1216, #1118, #9680, .T. ) ;
#9288 = FACE_OUTER_BOUND ( 'NONE', #3448, .T. ) ;
#9289 = ORIENTED_EDGE ( 'NONE', *, *, #7851, .F. ) ;
#9290 = CARTESIAN_POINT ( 'NONE',  ( 0.4000000000000000777, 2.500000000000000000, 1.000000000000000000 ) ) ;
#9291 = CARTESIAN_POINT ( 'NONE',  ( 1.354314575050763247, 1.649999999999999911, -1.519554108468271991 ) ) ;
#9292 = LINE ( 'NONE', #6846, #4728 ) ;
#9293 = CARTESIAN_POINT ( 'NONE',  ( -1.785249455757841552, 1.749146559371354881, -1.510104290412430661 ) ) ;
#9294 = DIRECTION ( 'NONE',  ( -0.7071067811865464625, -0.000000000000000000, -0.7071067811865487940 ) ) ;
#9295 = EDGE_CURVE ( 'NONE', #9055, #1361, #3256, .T. ) ;
#9296 = ORIENTED_EDGE ( 'NONE', *, *, #2387, .F. ) ;
#9297 = LINE ( 'NONE', #337, #7335 ) ;
#9298 = ORIENTED_EDGE ( 'NONE', *, *, #3619, .T. ) ;
#9299 = FACE_OUTER_BOUND ( 'NONE', #5383, .T. ) ;
#9300 = COLOUR_RGB ( '',0.8431372549019607865, 0.8156862745098039102, 0.7529411764705882248 ) ;
#9301 = UNCERTAINTY_MEASURE_WITH_UNIT (LENGTH_MEASURE( 1.000000000000000082E-05 ), #5656, 'distance_accuracy_value', 'NONE');
#9302 = MANIFOLD_SOLID_BREP ( 'NONE', #6170 ) ;
#9303 = DIRECTION ( 'NONE',  ( -1.000000000000000000, 0.000000000000000000, 0.000000000000000000 ) ) ;
#9304 = CARTESIAN_POINT ( 'NONE',  ( -1.252810866969983561, 1.448896448480560428, -1.476674426722931033 ) ) ;
#9305 = DIRECTION ( 'NONE',  ( 3.412117296977063918E-16, -0.9282544343432639344, -0.3719458362746745905 ) ) ;
#9306 = SURFACE_STYLE_FILL_AREA ( #7809 ) ;
#9307 = ORIENTED_EDGE ( 'NONE', *, *, #1986, .F. ) ;
#9308 = LINE ( 'NONE', #3543, #8679 ) ;
#9309 =( LENGTH_UNIT ( ) NAMED_UNIT ( * ) SI_UNIT ( .MILLI., .METRE. ) );
#9310 = DIRECTION ( 'NONE',  ( 0.000000000000000000, -1.000000000000000000, 0.000000000000000000 ) ) ;
#9311 = EDGE_LOOP ( 'NONE', ( #7033, #6244, #3910, #5390, #6057, #438, #15 ) ) ;
#9312 = LINE ( 'NONE', #4370, #2730 ) ;
#9313 = DIRECTION ( 'NONE',  ( 0.7071067811865489050, 0.000000000000000000, -0.7071067811865460184 ) ) ;
#9314 = UNCERTAINTY_MEASURE_WITH_UNIT (LENGTH_MEASURE( 1.000000000000000082E-05 ), #8407, 'distance_accuracy_value', 'NONE');
#9315 = CARTESIAN_POINT ( 'NONE',  ( 1.283271467065781213, 1.649999999999999689, -1.489930786479061187 ) ) ;
#9316 = CARTESIAN_POINT ( 'NONE',  ( -1.848427124746192307, 1.550000000000000266, 0.9092893218813449252 ) ) ;
#9317 = FILL_AREA_STYLE_COLOUR ( '', #5474 ) ;
#9318 = CARTESIAN_POINT ( 'NONE',  ( -1.310883117545686316, 1.749999999999999778, -1.376122650963194083 ) ) ;
#9319 = UNCERTAINTY_MEASURE_WITH_UNIT (LENGTH_MEASURE( 1.000000000000000082E-05 ), #10557, 'distance_accuracy_value', 'NONE');
#9320 = CARTESIAN_POINT ( 'NONE',  ( -1.988032633253842940, 1.566741114999317563, -1.387586741722114159 ) ) ;
#9321 = ORIENTED_EDGE ( 'NONE', *, *, #2707, .T. ) ;
#9322 = ORIENTED_EDGE ( 'NONE', *, *, #9019, .T. ) ;
#9323 = DIRECTION ( 'NONE',  ( 4.928191693115927811E-16, -0.000000000000000000, 1.000000000000000000 ) ) ;
#9324 = ORIENTED_EDGE ( 'NONE', *, *, #2298, .T. ) ;
#9325 = CARTESIAN_POINT ( 'NONE',  ( 1.988032633253842940, 1.566741114999317563, 1.387586741722114159 ) ) ;
#9326 = VERTEX_POINT ( 'NONE', #9792 ) ;
#9327 = CARTESIAN_POINT ( 'NONE',  ( -1.761347234272320650, 1.749999999999999778, 1.519554108468271991 ) ) ;
#9328 = CARTESIAN_POINT ( 'NONE',  ( -2.100000000000000089, 0.1699999985300154615, 1.649692833238015632 ) ) ;
#9329 = ORIENTED_EDGE ( 'NONE', *, *, #7500, .T. ) ;
#9330 =( LENGTH_UNIT ( ) NAMED_UNIT ( * ) SI_UNIT ( .MILLI., .METRE. ) );
#9331 = ORIENTED_EDGE ( 'NONE', *, *, #5661, .T. ) ;
#9332 = EDGE_LOOP ( 'NONE', ( #1757, #9331, #7071 ) ) ;
#9333 = CARTESIAN_POINT ( 'NONE',  ( -1.283271467065781213, 1.791534440210225787, -1.489930786479060520 ) ) ;
#9334 = CARTESIAN_POINT ( 'NONE',  ( -1.919137802864846698, 1.550000000000000266, 0.8800000000000000044 ) ) ;
#9335 = ORIENTED_EDGE ( 'NONE', *, *, #2738, .T. ) ;
#9336 = DIRECTION ( 'NONE',  ( 2.710505431213766015E-16, 0.000000000000000000, -1.000000000000000000 ) ) ;
#9337 = CARTESIAN_POINT ( 'NONE',  ( -1.919057536156685506, 1.849995558710894716, 1.235200384405516605 ) ) ;
#9338 = CARTESIAN_POINT ( 'NONE',  ( 2.100000000000000089, 0.1800000014699860151, 1.355000000000000204 ) ) ;
#9339 = ADVANCED_FACE ( 'NONE', ( #9071 ), #5810, .T. ) ;
#9340 = FILL_AREA_STYLE ('',( #9505 ) ) ;
#9341 = LINE ( 'NONE', #3477, #6104 ) ;
#9342 = VERTEX_POINT ( 'NONE', #3146 ) ;
#9343 = DIRECTION ( 'NONE',  ( 0.000000000000000000, -1.000000000000000000, 0.000000000000000000 ) ) ;
#9344 = ORIENTED_EDGE ( 'NONE', *, *, #2261, .T. ) ;
#9345 = DIRECTION ( 'NONE',  ( -0.7071067811865475727, -0.000000000000000000, -0.7071067811865474617 ) ) ;
#9346 = CARTESIAN_POINT ( 'NONE',  ( 1.283603896932107968, 1.749999999999999778, -1.490264786586926515 ) ) ;
#9347 = CARTESIAN_POINT ( 'NONE',  ( 1.023599564173221177, 1.449999999999999956, -0.8600000000000000977 ) ) ;
#9348 = CARTESIAN_POINT ( 'NONE',  ( -1.311825581389000295, 1.450008882578226466, -1.276127092252332451 ) ) ;
#9349 = EDGE_CURVE ( 'NONE', #7223, #445, #5708, .T. ) ;
#9350 = EDGE_CURVE ( 'NONE', #2638, #211, #4074, .T. ) ;
#9351 = CARTESIAN_POINT ( 'NONE',  ( 1.240172439427031259, 1.849999999999999867, 1.446833329081849584 ) ) ;
#9352 = DIRECTION ( 'NONE',  ( 0.000000000000000000, 0.000000000000000000, -1.000000000000000000 ) ) ;
#9353 = VERTEX_POINT ( 'NONE', #2462 ) ;
#9354 =( LENGTH_UNIT ( ) NAMED_UNIT ( * ) SI_UNIT ( .MILLI., .METRE. ) );
#9355 =( NAMED_UNIT ( * ) PLANE_ANGLE_UNIT ( ) SI_UNIT ( $, .RADIAN. ) );
#9356 = AXIS2_PLACEMENT_3D ( 'NONE', #6375, #5244, #4733 ) ;
#9357 = ORIENTED_EDGE ( 'NONE', *, *, #427, .F. ) ;
#9358 = LINE ( 'NONE', #6974, #4109 ) ;
#9359 = SURFACE_STYLE_FILL_AREA ( #3872 ) ;
#9360 = B_SPLINE_CURVE_WITH_KNOTS ( 'NONE', 3,
 ( #10503, #4034, #3117, #888, #4853, #5829, #5610, #1585, #6436, #6536 ),
 .UNSPECIFIED., .F., .F.,
 ( 4, 3, 3, 4 ),
 ( -1.251575583053393893E-07, 3.494010907423988899E-21, 2.778928985589476685E-05, 5.613193899903561274E-05 ),
 .UNSPECIFIED. ) ;
#9361 = CARTESIAN_POINT ( 'NONE',  ( 1.804007243629379253, 1.792705455686797844, 1.492944631326670768 ) ) ;
#9362 = CARTESIAN_POINT ( 'NONE',  ( -2.102842712474619180, 1.749999999999999778, 1.036711395993654694 ) ) ;
#9363 = AXIS2_PLACEMENT_3D ( 'NONE', #5915, #2564, #6909 ) ;
#9364 = CARTESIAN_POINT ( 'NONE',  ( 2.020000000000000462, 1.749999999999999778, -0.8538686835190337776 ) ) ;
#9365 = CARTESIAN_POINT ( 'NONE',  ( -1.539999999999999591, 1.550000000000000266, -0.2144761058952749655 ) ) ;
#9366 = DIRECTION ( 'NONE',  ( -9.866381877431726115E-16, 0.000000000000000000, -1.000000000000000000 ) ) ;
#9367 = PRESENTATION_LAYER_ASSIGNMENT (  '', '', ( #4907 ) ) ;
#9368 = AXIS2_PLACEMENT_3D ( 'NONE', #9365, #1223, #360 ) ;
#9369 = CARTESIAN_POINT ( 'NONE',  ( 1.876568542494923664, 1.649999999999999911, 0.8104372260139570683 ) ) ;
#9370 = CARTESIAN_POINT ( 'NONE',  ( 1.023599564173221177, 1.449999999999999956, -1.224999999999999867 ) ) ;
#9371 = DIRECTION ( 'NONE',  ( -0.000000000000000000, 0.000000000000000000, 1.000000000000000000 ) ) ;
#9372 = ORIENTED_EDGE ( 'NONE', *, *, #704, .F. ) ;
#9373 = ORIENTED_EDGE ( 'NONE', *, *, #4368, .T. ) ;
#9374 = COLOUR_RGB ( '',0.8431372549019607865, 0.8156862745098039102, 0.7529411764705882248 ) ;
#9375 = EDGE_LOOP ( 'NONE', ( #3523, #8424, #9772, #5041 ) ) ;
#9376 = CARTESIAN_POINT ( 'NONE',  ( -2.100000000000000089, 0.1800000014699860151, 1.355000000000000648 ) ) ;
#9377 = ADVANCED_FACE ( 'NONE', ( #5749 ), #9015, .T. ) ;
#9378 = EDGE_CURVE ( 'NONE', #590, #5090, #59, .T. ) ;
#9379 = DIRECTION ( 'NONE',  ( -0.7071067811865475727, -0.000000000000000000, -0.7071067811865474617 ) ) ;
#9380 = CIRCLE ( 'NONE', #983, 0.1100000014699854534 ) ;
#9381 = DIRECTION ( 'NONE',  ( -9.866381877431726115E-16, 0.000000000000000000, -1.000000000000000000 ) ) ;
#9382 = ORIENTED_EDGE ( 'NONE', *, *, #6028, .F. ) ;
#9383 = DIRECTION ( 'NONE',  ( 0.000000000000000000, 0.000000000000000000, -1.000000000000000000 ) ) ;
#9384 = ORIENTED_EDGE ( 'NONE', *, *, #5442, .T. ) ;
#9385 = ORIENTED_EDGE ( 'NONE', *, *, #9816, .F. ) ;
#9386 = CARTESIAN_POINT ( 'NONE',  ( -1.302305608210474253, 1.840085404185341833, -1.471581654730258037 ) ) ;
#9387 = DIRECTION ( 'NONE',  ( 0.000000000000000000, 1.000000000000000000, 0.000000000000000000 ) ) ;
#9388 = ORIENTED_EDGE ( 'NONE', *, *, #372, .T. ) ;
#9389 = CARTESIAN_POINT ( 'NONE',  ( -1.978072250575702684, 1.850551775759736950, 1.235200384405516605 ) ) ;
#9390 = LINE ( 'NONE', #8593, #9892 ) ;
#9391 = CARTESIAN_POINT ( 'NONE',  ( -1.761347234272319984, 1.850555928187842536, -1.478066932304617387 ) ) ;
#9392 = DIRECTION ( 'NONE',  ( 0.000000000000000000, -1.000000000000000000, 0.000000000000000000 ) ) ;
#9393 = VECTOR ( 'NONE', #4795, 1000.000000000000000 ) ;
#9394 = EDGE_CURVE ( 'NONE', #2177, #2905, #7662, .T. ) ;
#9396 = EDGE_LOOP ( 'NONE', ( #1736, #8839, #8848 ) ) ;
#9395 = AXIS2_PLACEMENT_3D ( 'NONE', #6395, #2288, #6555 ) ;
#9397 = EDGE_CURVE ( 'NONE', #2817, #5153, #5973, .T. ) ;
#9398 = ORIENTED_EDGE ( 'NONE', *, *, #5110, .F. ) ;
#9399 = CARTESIAN_POINT ( 'NONE',  ( -1.500000000000000444, 0.000000000000000000, -0.6500000000000003553 ) ) ;
#9400 = UNCERTAINTY_MEASURE_WITH_UNIT (LENGTH_MEASURE( 1.000000000000000082E-05 ), #986, 'distance_accuracy_value', 'NONE');
#9401 = AXIS2_PLACEMENT_3D ( 'NONE', #8498, #70, #4248 ) ;
#9402 = LINE ( 'NONE', #6098, #9819 ) ;
#9403 = CARTESIAN_POINT ( 'NONE',  ( 2.640990257669733055, 2.049999999999999822, 0.5409902576697308563 ) ) ;
#9404 = EDGE_CURVE ( 'NONE', #1977, #3444, #6039, .T. ) ;
#9405 = AXIS2_PLACEMENT_3D ( 'NONE', #5835, #3494, #988 ) ;
#9406 = PLANE ( 'NONE',  #2360 ) ;
#9407 = LINE ( 'NONE', #4362, #7499 ) ;
#9408 = AXIS2_PLACEMENT_3D ( 'NONE', #4365, #3491, #6921 ) ;
#9409 = ORIENTED_EDGE ( 'NONE', *, *, #9468, .T. ) ;
#9410 = EDGE_CURVE ( 'NONE', #6424, #7255, #9292, .T. ) ;
#9411 = CARTESIAN_POINT ( 'NONE',  ( -0.3999999999999998557, 2.458578643762690863, 1.100000000000000089 ) ) ;
#9412 = EDGE_CURVE ( 'NONE', #9052, #8609, #1083, .T. ) ;
#9413 = CYLINDRICAL_SURFACE ( 'NONE', #7539, 0.01000000146998518413 ) ;
#9414 = ORIENTED_EDGE ( 'NONE', *, *, #7246, .T. ) ;
#9415 =( NAMED_UNIT ( * ) PLANE_ANGLE_UNIT ( ) SI_UNIT ( $, .RADIAN. ) );
#9416 = ORIENTED_EDGE ( 'NONE', *, *, #5947, .T. ) ;
#9417 = DIRECTION ( 'NONE',  ( -0.000000000000000000, -1.000000000000000000, -0.000000000000000000 ) ) ;
#9418 = EDGE_CURVE ( 'NONE', #10318, #2164, #225, .T. ) ;
#9419 = CARTESIAN_POINT ( 'NONE',  ( 1.302305608210474475, 1.559914595814658078, 1.471581654730258704 ) ) ;
#9420 = LINE ( 'NONE', #2793, #6004 ) ;
#9421 = CARTESIAN_POINT ( 'NONE',  ( -1.916566081967778556, 1.450000000000000400, 1.494696883978403390 ) ) ;
#9422 = AXIS2_PLACEMENT_3D ( 'NONE', #4644, #10389, #7818 ) ;
#9423 = LINE ( 'NONE', #576, #4239 ) ;
#9424 = CIRCLE ( 'NONE', #8227, 0.1000000000000000472 ) ;
#9425 = CARTESIAN_POINT ( 'NONE',  ( -2.640990257669733055, 2.049999999999999822, -0.5409902576697308563 ) ) ;
#9426 = CARTESIAN_POINT ( 'NONE',  ( -2.020000000000000462, 1.649999999999999911, 0.8538686835190337776 ) ) ;
#9427 = STYLED_ITEM ( 'NONE', ( #7048 ), #2712 ) ;
#9428 = FILL_AREA_STYLE ('',( #9317 ) ) ;
#9429 = ADVANCED_FACE ( 'NONE', ( #9229 ), #969, .T. ) ;
#9430 = DIRECTION ( 'NONE',  ( 1.000000000000000000, 0.000000000000000000, 1.084202172485503842E-15 ) ) ;
#9431 = CIRCLE ( 'NONE', #1888, 1.259999999999999787 ) ;
#9432 = VECTOR ( 'NONE', #901, 1000.000000000000114 ) ;
#9433 = CIRCLE ( 'NONE', #9617, 0.09999999999999983902 ) ;
#9434 = LINE ( 'NONE', #2315, #4570 ) ;
#9435 = CARTESIAN_POINT ( 'NONE',  ( -1.916566087323701373, 1.450000006237651462, -1.494696881025378454 ) ) ;
#9436 = ORIENTED_EDGE ( 'NONE', *, *, #10505, .F. ) ;
#9437 = EDGE_CURVE ( 'NONE', #9723, #3251, #10111, .T. ) ;
#9438 = FACE_OUTER_BOUND ( 'NONE', #7078, .T. ) ;
#9439 = EDGE_LOOP ( 'NONE', ( #9785, #10529, #582, #1503 ) ) ;
#9440 = DIRECTION ( 'NONE',  ( 0.000000000000000000, 0.000000000000000000, -1.000000000000000000 ) ) ;
#9441 = ORIENTED_EDGE ( 'NONE', *, *, #1306, .T. ) ;
#9442 = FACE_OUTER_BOUND ( 'NONE', #10051, .T. ) ;
#9444 = EDGE_CURVE ( 'NONE', #1587, #1064, #7483, .T. ) ;
#9443 = CARTESIAN_POINT ( 'NONE',  ( -1.311825581389000295, 1.450008882578210034, 1.276127092252299144 ) ) ;
#9445 = ORIENTED_EDGE ( 'NONE', *, *, #7456, .F. ) ;
#9446 = DIRECTION ( 'NONE',  ( 0.000000000000000000, 1.000000000000000000, 0.000000000000000000 ) ) ;
#9447 = ORIENTED_EDGE ( 'NONE', *, *, #7325, .T. ) ;
#9448 = EDGE_LOOP ( 'NONE', ( #4179, #5616, #6768, #851, #7353, #9177, #2401, #7412 ) ) ;
#9449 = COLOUR_RGB ( '',0.8431372549019607865, 0.8156862745098039102, 0.7529411764705882248 ) ;
#9450 = DIRECTION ( 'NONE',  ( -0.7071067811865465735, 0.000000000000000000, -0.7071067811865483499 ) ) ;
#9451 = ORIENTED_EDGE ( 'NONE', *, *, #7693, .F. ) ;
#9452 = CARTESIAN_POINT ( 'NONE',  ( 1.876568542494923664, 1.849999999999999867, 0.8104372260139570683 ) ) ;
#9453 = DIRECTION ( 'NONE',  ( 1.000000000000000000, -0.000000000000000000, 4.928191693115927811E-16 ) ) ;
#9454 = CARTESIAN_POINT ( 'NONE',  ( 1.988032633253842496, 1.777260257245602659, 1.303233017659358506 ) ) ;
#9455 = CARTESIAN_POINT ( 'NONE',  ( 1.919137802864846698, 2.049999999999999822, 0.8799999999999998934 ) ) ;
#9456 = AXIS2_PLACEMENT_3D ( 'NONE', #8095, #8940, #4913 ) ;
#9457 = ORIENTED_EDGE ( 'NONE', *, *, #8244, .F. ) ;
#9458 = DIRECTION ( 'NONE',  ( 2.710505431213766015E-16, -0.000000000000000000, 1.000000000000000000 ) ) ;
#9459 = VERTEX_POINT ( 'NONE', #2725 ) ;
#9461 = CYLINDRICAL_SURFACE ( 'NONE', #6637, 0.01000000146998518413 ) ;
#9460 = CARTESIAN_POINT ( 'NONE',  ( 1.876568542494923886, 1.749999999999999778, 0.8104372260139571793 ) ) ;
#9462 = FACE_OUTER_BOUND ( 'NONE', #314, .T. ) ;
#9463 = DIRECTION ( 'NONE',  ( 0.000000000000000000, -1.000000000000000000, 0.000000000000000000 ) ) ;
#9464 = CIRCLE ( 'NONE', #6053, 0.09999999999999982514 ) ;
#9465 = LINE ( 'NONE', #7860, #1645 ) ;
#9466 = SURFACE_SIDE_STYLE ('',( #2064 ) ) ;
#9467 = CARTESIAN_POINT ( 'NONE',  ( -1.820000000000000062, 1.539480857753717125, 1.519554108468272435 ) ) ;
#9468 = EDGE_CURVE ( 'NONE', #3274, #9784, #1993, .T. ) ;
#9469 = AXIS2_PLACEMENT_3D ( 'NONE', #3371, #9303, #2521 ) ;
#9470 = VERTEX_POINT ( 'NONE', #8431 ) ;
#9471 = CARTESIAN_POINT ( 'NONE',  ( 1.868283040983865328, 1.450000000000017053, -1.407125496223330829 ) ) ;
#9472 = DIRECTION ( 'NONE',  ( 0.2079116908177573719, -0.9781476007338060219, 4.891300272445395416E-16 ) ) ;
#9473 = EDGE_CURVE ( 'NONE', #8415, #9470, #1190, .T. ) ;
#9474 = ORIENTED_EDGE ( 'NONE', *, *, #6824, .T. ) ;
#9475 = ORIENTED_EDGE ( 'NONE', *, *, #2746, .T. ) ;
#9476 = CYLINDRICAL_SURFACE ( 'NONE', #9795, 0.1000000000000000472 ) ;
#9477 = PRESENTATION_STYLE_ASSIGNMENT (( #5397 ) ) ;
#9478 = FILL_AREA_STYLE ('',( #3823 ) ) ;
#9479 = CARTESIAN_POINT ( 'NONE',  ( 2.020000000000000462, 1.649999999999999911, -1.319554108468272036 ) ) ;
#9480 = FILL_AREA_STYLE ('',( #6111 ) ) ;
#9481 = DIRECTION ( 'NONE',  ( 0.000000000000000000, 1.000000000000000000, -0.000000000000000000 ) ) ;
#9482 = EDGE_CURVE ( 'NONE', #3653, #984, #5921, .T. ) ;
#9483 = CARTESIAN_POINT ( 'NONE',  ( -2.020000000000000462, 1.650000000000000133, 0.8538686835190338886 ) ) ;
#9484 =( LENGTH_UNIT ( ) NAMED_UNIT ( * ) SI_UNIT ( .MILLI., .METRE. ) );
#9485 = CARTESIAN_POINT ( 'NONE',  ( -1.283603896932107746, 1.849999999999999867, 1.490264786586926293 ) ) ;
#9486 = CARTESIAN_POINT ( 'NONE',  ( 1.840142853498730302, 1.449999999999999956, 0.8892893218813450185 ) ) ;
#9487 = ORIENTED_EDGE ( 'NONE', *, *, #9404, .F. ) ;
#9488 =( NAMED_UNIT ( * ) SI_UNIT ( $, .STERADIAN. ) SOLID_ANGLE_UNIT ( ) );
#9489 = ORIENTED_EDGE ( 'NONE', *, *, #2417, .F. ) ;
#9490 = FACE_OUTER_BOUND ( 'NONE', #409, .T. ) ;
#9491 = DIRECTION ( 'NONE',  ( 6.896517297321352575E-15, -0.9282544343432621581, -0.3719458362746793090 ) ) ;
#9492 = EDGE_CURVE ( 'NONE', #7146, #7223, #5215, .T. ) ;
#9493 = EDGE_CURVE ( 'NONE', #5676, #5518, #10400, .T. ) ;
#9494 = CARTESIAN_POINT ( 'NONE',  ( -0.4000000000000000222, 1.449999999999999956, 0.000000000000000000 ) ) ;
#9495 = VERTEX_POINT ( 'NONE', #3475 ) ;
#9496 = CARTESIAN_POINT ( 'NONE',  ( -1.840142853498730302, 1.550000000000000266, -0.8892893218813450185 ) ) ;
#9497 = ORIENTED_EDGE ( 'NONE', *, *, #2310, .F. ) ;
#9498 = ORIENTED_EDGE ( 'NONE', *, *, #4428, .F. ) ;
#9499 = ORIENTED_EDGE ( 'NONE', *, *, #3056, .F. ) ;
#9500 = DIRECTION ( 'NONE',  ( 0.000000000000000000, -1.000000000000000000, 0.000000000000000000 ) ) ;
#9501 = VERTEX_POINT ( 'NONE', #6790 ) ;
#9502 = DIRECTION ( 'NONE',  ( -0.7071067811865475727, 0.000000000000000000, 0.7071067811865474617 ) ) ;
#9503 = VECTOR ( 'NONE', #7897, 1000.000000000000000 ) ;
#9504 = VECTOR ( 'NONE', #7985, 1000.000000000000000 ) ;
#9505 = FILL_AREA_STYLE_COLOUR ( '', #1707 ) ;
#9506 = ORIENTED_EDGE ( 'NONE', *, *, #5285, .F. ) ;
#9507 = B_SPLINE_CURVE_WITH_KNOTS ( 'NONE', 3,
 ( #2591, #5889, #1702, #3280 ),
 .UNSPECIFIED., .F., .F.,
 ( 4, 4 ),
 ( 0.000000000000000000, 1.000000000000000000 ),
 .UNSPECIFIED. ) ;
#9508 = CARTESIAN_POINT ( 'NONE',  ( -1.380000000000000115, 2.049999999999999822, 1.419137802864844922 ) ) ;
#9509 = EDGE_LOOP ( 'NONE', ( #589, #8532, #5368 ) ) ;
#9510 = SURFACE_SIDE_STYLE ('',( #3097 ) ) ;
#9511 = CARTESIAN_POINT ( 'NONE',  ( -1.805194582267281467, 1.820427584973232316, -0.7697627741596239082 ) ) ;
#9512 = SURFACE_STYLE_FILL_AREA ( #7859 ) ;
#9513 = DIRECTION ( 'NONE',  ( -0.000000000000000000, 0.000000000000000000, 1.000000000000000000 ) ) ;
#9514 = LINE ( 'NONE', #4580, #1177 ) ;
#9515 = CYLINDRICAL_SURFACE ( 'NONE', #8688, 0.2000000000000005107 ) ;
#9516 = UNCERTAINTY_MEASURE_WITH_UNIT (LENGTH_MEASURE( 1.000000000000000082E-05 ), #4775, 'distance_accuracy_value', 'NONE');
#9517 = VERTEX_POINT ( 'NONE', #2669 ) ;
#9518 = CARTESIAN_POINT ( 'NONE',  ( -0.3999999999999998557, 2.500000000000000000, 1.000000000000000000 ) ) ;
#9519 = EDGE_LOOP ( 'NONE', ( #3283, #4474, #2355, #6652 ) ) ;
#9520 =( LENGTH_UNIT ( ) NAMED_UNIT ( * ) SI_UNIT ( .MILLI., .METRE. ) );
#9521 = ORIENTED_EDGE ( 'NONE', *, *, #6747, .F. ) ;
#9522 = FACE_OUTER_BOUND ( 'NONE', #5446, .T. ) ;
#9523 = CARTESIAN_POINT ( 'NONE',  ( 2.100000000000000089, 0.1800000014699860151, -1.354999999999999982 ) ) ;
#9524 = LINE ( 'NONE', #5452, #3326 ) ;
#9525 = VECTOR ( 'NONE', #4980, 1000.000000000000000 ) ;
#9526 = CARTESIAN_POINT ( 'NONE',  ( 1.820000000000000062, 2.049999999999999822, 1.319554108468271814 ) ) ;
#9527 = CARTESIAN_POINT ( 'NONE',  ( -1.952926227838635898, 1.458843141852494085, -1.465927200625573468 ) ) ;
#9528 = CIRCLE ( 'NONE', #3162, 0.09999999999999997780 ) ;
#9529 = CARTESIAN_POINT ( 'NONE',  ( 1.916566081967778556, 1.450000000000000400, -1.494696883978403390 ) ) ;
#9530 = CARTESIAN_POINT ( 'NONE',  ( 1.936315582161188820, 1.477260098308399439, 1.475158285238883371 ) ) ;
#9531 = PRESENTATION_LAYER_ASSIGNMENT (  '', '', ( #3515 ) ) ;
#9532 = CARTESIAN_POINT ( 'NONE',  ( -2.100000000000000089, 0.07000000000000061728, -0.8435786437626897616 ) ) ;
#9533 = DIRECTION ( 'NONE',  ( 1.000000000000000000, 0.000000000000000000, 0.000000000000000000 ) ) ;
#9534 = VERTEX_POINT ( 'NONE', #1890 ) ;
#9535 =( NAMED_UNIT ( * ) PLANE_ANGLE_UNIT ( ) SI_UNIT ( $, .RADIAN. ) );
#9536 = ORIENTED_EDGE ( 'NONE', *, *, #9020, .T. ) ;
#9537 = LINE ( 'NONE', #1541, #8326 ) ;
#9538 = ORIENTED_EDGE ( 'NONE', *, *, #7589, .T. ) ;
#9539 = DIRECTION ( 'NONE',  ( 0.000000000000000000, 0.000000000000000000, -1.000000000000000000 ) ) ;
#9540 = DIRECTION ( 'NONE',  ( 0.000000000000000000, 0.000000000000000000, -1.000000000000000000 ) ) ;
#9541 = DIRECTION ( 'NONE',  ( -0.000000000000000000, 0.000000000000000000, -1.000000000000000000 ) ) ;
#9542 = AXIS2_PLACEMENT_3D ( 'NONE', #9078, #5653, #9894 ) ;
#9543 = DIRECTION ( 'NONE',  ( 0.000000000000000000, -0.000000000000000000, 1.000000000000000000 ) ) ;
#9544 = EDGE_CURVE ( 'NONE', #2870, #4439, #5166, .T. ) ;
#9545 = EDGE_CURVE ( 'NONE', #1790, #1665, #4211, .T. ) ;
#9546 = EDGE_CURVE ( 'NONE', #5688, #7065, #3126, .T. ) ;
#9547 = ORIENTED_EDGE ( 'NONE', *, *, #152, .F. ) ;
#9548 = VERTEX_POINT ( 'NONE', #2051 ) ;
#9549 = FILL_AREA_STYLE_COLOUR ( '', #6200 ) ;
#9550 = ORIENTED_EDGE ( 'NONE', *, *, #3654, .F. ) ;
#9551 = AXIS2_PLACEMENT_3D ( 'NONE', #4249, #7542, #9904 ) ;
#9552 = DIRECTION ( 'NONE',  ( 1.000000000000000000, -0.000000000000000000, -1.224646799147353207E-16 ) ) ;
#9553 = EDGE_CURVE ( 'NONE', #2548, #8674, #9706, .T. ) ;
#9554 = CARTESIAN_POINT ( 'NONE',  ( 1.876568542494923664, 1.749999999999999778, 0.7104372260139569795 ) ) ;
#9555 =( BOUNDED_SURFACE ( )  B_SPLINE_SURFACE ( 3, 3, ( 
 ( #5354, #4539, #462, #7024 ),
 ( #10293, #2911, #3266, #9693 ),
 ( #1624, #10546, #8818, #612 ),
 ( #6481, #4899, #4693, #8185 ) ),
 .UNSPECIFIED., .F., .F., .F. ) 
 B_SPLINE_SURFACE_WITH_KNOTS ( ( 4, 4 ),
 ( 4, 4 ),
 ( 0.000000000000000000, 1.000000000000000000 ),
 ( 0.000000000000000000, 1.000000000000000000 ),
 .UNSPECIFIED. ) 
 GEOMETRIC_REPRESENTATION_ITEM ( )  RATIONAL_B_SPLINE_SURFACE ( (
 ( 1.000000000000000000, 0.8025111867385934517, 0.8025111867385934517, 1.000000000000000000),
 ( 0.8002741005225355586, 0.6422289181265004032, 0.6422289181265004032, 0.8002741005225355586),
 ( 0.8002741005225355586, 0.6422289181265004032, 0.6422289181265004032, 0.8002741005225355586),
 ( 1.000000000000000000, 0.8025111867385934517, 0.8025111867385934517, 1.000000000000000000) ) ) 
 REPRESENTATION_ITEM ( '' )  SURFACE ( )  );
#9556 = CIRCLE ( 'NONE', #1672, 0.01000000146998518413 ) ;
#9557 = PRESENTATION_LAYER_ASSIGNMENT (  '', '', ( #5447 ) ) ;
#9558 = ORIENTED_EDGE ( 'NONE', *, *, #2961, .T. ) ;
#9559 = FILL_AREA_STYLE_COLOUR ( '', #2025 ) ;
#9560 = EDGE_CURVE ( 'NONE', #1148, #10385, #9764, .T. ) ;
#9561 = ORIENTED_EDGE ( 'NONE', *, *, #2147, .T. ) ;
#9562 =( LENGTH_UNIT ( ) NAMED_UNIT ( * ) SI_UNIT ( .MILLI., .METRE. ) );
#9563 = CARTESIAN_POINT ( 'NONE',  ( -1.354314575050763025, 1.649999999999999911, -1.419554108468272124 ) ) ;
#9564 = CARTESIAN_POINT ( 'NONE',  ( 1.379999999999999893, 1.550000000000000044, 1.478132752230962410 ) ) ;
#9565 = CYLINDRICAL_SURFACE ( 'NONE', #2257, 0.09999999999999983902 ) ;
#9566 = CARTESIAN_POINT ( 'NONE',  ( -1.354314575050763247, 1.749999999999999778, -1.519554108468271991 ) ) ;
#9567 = CYLINDRICAL_SURFACE ( 'NONE', #7528, 0.1100000014699854534 ) ;
#9568 = PRESENTATION_LAYER_ASSIGNMENT (  '', '', ( #10099 ) ) ;
#9569 = DIRECTION ( 'NONE',  ( -0.000000000000000000, 0.000000000000000000, -1.000000000000000000 ) ) ;
#9570 = AXIS2_PLACEMENT_3D ( 'NONE', #5197, #1754, #5028 ) ;
#9571 = CIRCLE ( 'NONE', #1814, 0.09999999999999997780 ) ;
#9572 = EDGE_LOOP ( 'NONE', ( #7815, #7938, #55, #5722 ) ) ;
#9573 = ADVANCED_FACE ( 'NONE', ( #10210 ), #7035, .T. ) ;
#9574 = CARTESIAN_POINT ( 'NONE',  ( -2.020000000000000018, 1.591421356237309626, 0.9214213562373095856 ) ) ;
#9575 = CYLINDRICAL_SURFACE ( 'NONE', #8896, 0.1000000000000000472 ) ;
#9576 = ADVANCED_FACE ( 'NONE', ( #739 ), #8886, .F. ) ;
#9577 = ORIENTED_EDGE ( 'NONE', *, *, #8569, .F. ) ;
#9578 =( GEOMETRIC_REPRESENTATION_CONTEXT ( 3 ) GLOBAL_UNCERTAINTY_ASSIGNED_CONTEXT ( ( #2751 ) ) GLOBAL_UNIT_ASSIGNED_CONTEXT ( ( #5056, #3440, #1741 ) ) REPRESENTATION_CONTEXT ( 'NONE', 'WORKASPACE' ) );
#9579 = ORIENTED_EDGE ( 'NONE', *, *, #9397, .F. ) ;
#9580 = DIRECTION ( 'NONE',  ( -0.7071067811865486830, 0.000000000000000000, 0.7071067811865464625 ) ) ;
#9581 = CARTESIAN_POINT ( 'NONE',  ( -1.840142853498730302, 1.550000000000000266, 0.8892893218813452405 ) ) ;
#9582 = CIRCLE ( 'NONE', #2530, 0.1000000000000001443 ) ;
#9583 = FACE_OUTER_BOUND ( 'NONE', #3696, .T. ) ;
#9584 = CARTESIAN_POINT ( 'NONE',  ( -1.479999999999999982, 1.550000000000000266, 1.419137802864844700 ) ) ;
#9585 = CARTESIAN_POINT ( 'NONE',  ( -1.820000000000000062, 2.049999999999999822, -1.519554108468272435 ) ) ;
#9586 = FACE_OUTER_BOUND ( 'NONE', #4663, .T. ) ;
#9587 = SURFACE_STYLE_FILL_AREA ( #3879 ) ;
#9588 = VECTOR ( 'NONE', #2119, 1000.000000000000000 ) ;
#9589 = EDGE_CURVE ( 'NONE', #1005, #7378, #6300, .T. ) ;
#9590 = CARTESIAN_POINT ( 'NONE',  ( 1.990710678118655208, 1.749999999999999778, -0.7831580054003789426 ) ) ;
#9591 = DIRECTION ( 'NONE',  ( 1.000000000000000000, -0.000000000000000000, 9.866381877431726115E-16 ) ) ;
#9592 = ORIENTED_EDGE ( 'NONE', *, *, #2736, .T. ) ;
#9593 = AXIS2_PLACEMENT_3D ( 'NONE', #7609, #1056, #9258 ) ;
#9594 = VECTOR ( 'NONE', #7848, 1000.000000000000000 ) ;
#9595 = LINE ( 'NONE', #625, #4138 ) ;
#9596 = DIRECTION ( 'NONE',  ( 0.000000000000000000, 0.000000000000000000, -1.000000000000000000 ) ) ;
#9597 = CARTESIAN_POINT ( 'NONE',  ( -1.310883117545685650, 1.749999999999999778, -1.376122650963194527 ) ) ;
#9598 = AXIS2_PLACEMENT_3D ( 'NONE', #10142, #1807, #8413 ) ;
#9599 = DIRECTION ( 'NONE',  ( 0.000000000000000000, -1.000000000000000000, 0.000000000000000000 ) ) ;
#9600 = EDGE_CURVE ( 'NONE', #5586, #7041, #9390, .T. ) ;
#9601 = UNCERTAINTY_MEASURE_WITH_UNIT (LENGTH_MEASURE( 1.000000000000000082E-05 ), #609, 'distance_accuracy_value', 'NONE');
#9602 = EDGE_CURVE ( 'NONE', #2490, #7211, #7188, .T. ) ;
#9603 = VECTOR ( 'NONE', #4047, 1000.000000000000000 ) ;
#9604 = DIRECTION ( 'NONE',  ( 0.000000000000000000, 0.000000000000000000, -1.000000000000000000 ) ) ;
#9605 = AXIS2_PLACEMENT_3D ( 'NONE', #6758, #9310, #5936 ) ;
#9606 = LINE ( 'NONE', #2239, #1689 ) ;
#9607 = FACE_OUTER_BOUND ( 'NONE', #5031, .T. ) ;
#9608 = EDGE_CURVE ( 'NONE', #814, #7300, #3174, .T. ) ;
#9609 = VERTEX_POINT ( 'NONE', #8099 ) ;
#9610 = ORIENTED_EDGE ( 'NONE', *, *, #9418, .F. ) ;
#9611 = CARTESIAN_POINT ( 'NONE',  ( -2.020000000000000462, 1.649999999999999911, -0.8538686835190336666 ) ) ;
#9612 = ORIENTED_EDGE ( 'NONE', *, *, #6678, .F. ) ;
#9613 = CARTESIAN_POINT ( 'NONE',  ( 2.100000000000000089, 1.449999999999999956, 0.000000000000000000 ) ) ;
#9614 = ORIENTED_EDGE ( 'NONE', *, *, #6585, .T. ) ;
#9615 = DIRECTION ( 'NONE',  ( -0.000000000000000000, 1.000000000000000000, -0.000000000000000000 ) ) ;
#9616 = AXIS2_PLACEMENT_3D ( 'NONE', #4537, #9417, #7079 ) ;
#9617 = AXIS2_PLACEMENT_3D ( 'NONE', #9774, #4118, #4760 ) ;
#9618 = CARTESIAN_POINT ( 'NONE',  ( 2.100000000000000089, 0.1800000000000006317, 1.649692833238015188 ) ) ;
#9619 = EDGE_CURVE ( 'NONE', #5273, #156, #1246, .T. ) ;
#9620 = AXIS2_PLACEMENT_3D ( 'NONE', #2285, #1429, #6335 ) ;
#9621 = EDGE_CURVE ( 'NONE', #10209, #4757, #4517, .T. ) ;
#9622 = EDGE_LOOP ( 'NONE', ( #4175, #6263, #624, #5220 ) ) ;
#9623 =( GEOMETRIC_REPRESENTATION_CONTEXT ( 3 ) GLOBAL_UNCERTAINTY_ASSIGNED_CONTEXT ( ( #9034 ) ) GLOBAL_UNIT_ASSIGNED_CONTEXT ( ( #8387, #4950, #181 ) ) REPRESENTATION_CONTEXT ( 'NONE', 'WORKASPACE' ) );
#9624 = EDGE_LOOP ( 'NONE', ( #5081, #3295, #9165, #1366 ) ) ;
#9625 = DIRECTION ( 'NONE',  ( -0.2079116908177564282, 0.9781476007338062439, 0.000000000000000000 ) ) ;
#9626 = CYLINDRICAL_SURFACE ( 'NONE', #10592, 0.1000000000000000472 ) ;
#9627 = CARTESIAN_POINT ( 'NONE',  ( -2.020000000000000018, 1.649999999999999911, -0.9799999999999999822 ) ) ;
#9628 = DIRECTION ( 'NONE',  ( 0.000000000000000000, -1.000000000000000000, 0.000000000000000000 ) ) ;
#9629 =( BOUNDED_SURFACE ( )  B_SPLINE_SURFACE ( 3, 3, ( 
 ( #3442, #931, #8392, #3378 ),
 ( #7543, #6695, #4194, #9134 ),
 ( #4309, #8289, #7601, #239 ),
 ( #125, #5878, #6753, #1841 ) ),
 .UNSPECIFIED., .F., .F., .T. ) 
 B_SPLINE_SURFACE_WITH_KNOTS ( ( 4, 4 ),
 ( 4, 4 ),
 ( 0.000000000000000000, 1.000000000000000000 ),
 ( 0.000000000000000000, 1.000000000000000000 ),
 .UNSPECIFIED. ) 
 GEOMETRIC_REPRESENTATION_ITEM ( )  RATIONAL_B_SPLINE_SURFACE ( (
 ( 1.000000000000000000, 0.8047378541243629391, 0.8047378541243629391, 1.000000000000000000),
 ( 0.8025111867385943398, 0.6458111303268123660, 0.6458111303268123660, 0.8025111867385943398),
 ( 0.8025111867385943398, 0.6458111303268123660, 0.6458111303268123660, 0.8025111867385943398),
 ( 1.000000000000000000, 0.8047378541243629391, 0.8047378541243629391, 1.000000000000000000) ) ) 
 REPRESENTATION_ITEM ( '' )  SURFACE ( )  );
#9630 = CARTESIAN_POINT ( 'NONE',  ( 1.310883117545685650, 1.849999999999999867, -1.376122650963194527 ) ) ;
#9631 = CARTESIAN_POINT ( 'NONE',  ( 2.020000000000000462, 1.649999999999999911, 0.8538686835190336666 ) ) ;
#9632 = CARTESIAN_POINT ( 'NONE',  ( 1.876568542494923664, 1.849999999999999867, 0.8104372260139570683 ) ) ;
#9633 = COLOUR_RGB ( '',1.000000000000000000, 1.000000000000000000, 1.000000000000000000 ) ;
#9634 = ADVANCED_FACE ( 'NONE', ( #6497 ), #2879, .T. ) ;
#9635 = UNCERTAINTY_MEASURE_WITH_UNIT (LENGTH_MEASURE( 1.000000000000000082E-05 ), #8968, 'distance_accuracy_value', 'NONE');
#9636 = ORIENTED_EDGE ( 'NONE', *, *, #2576, .F. ) ;
#9637 = CARTESIAN_POINT ( 'NONE',  ( -2.517157287525380482, 2.499999999999999556, -1.058578643762690064 ) ) ;
#9638 = DIRECTION ( 'NONE',  ( 0.7071067811865456854, -0.000000000000000000, -0.7071067811865493491 ) ) ;
#9639 = ORIENTED_EDGE ( 'NONE', *, *, #7898, .T. ) ;
#9640 = LINE ( 'NONE', #8519, #7149 ) ;
#9641 = CIRCLE ( 'NONE', #3955, 0.09999999999999983902 ) ;
#9642 =( NAMED_UNIT ( * ) PLANE_ANGLE_UNIT ( ) SI_UNIT ( $, .RADIAN. ) );
#9643 = ORIENTED_EDGE ( 'NONE', *, *, #8459, .F. ) ;
#9644 = CARTESIAN_POINT ( 'NONE',  ( -1.840142853498730302, 1.449999999999999956, 0.8892893218813451295 ) ) ;
#9645 = CARTESIAN_POINT ( 'NONE',  ( 1.389289321881345796, 1.449999999999999956, -1.340142853498728082 ) ) ;
#9646 = CARTESIAN_POINT ( 'NONE',  ( 1.966373092157181590, 1.458843141852524949, -1.452480336307016451 ) ) ;
#9647 = CARTESIAN_POINT ( 'NONE',  ( 1.600000000000000755, 0.000000000000000000, -0.5500000000000000444 ) ) ;
#9648 = CARTESIAN_POINT ( 'NONE',  ( -0.4000000000000000777, 1.550000000000000266, 1.259999999999999787 ) ) ;
#9649 = CARTESIAN_POINT ( 'NONE',  ( -1.944586975188397071, 1.467998118266436780, -1.470598110581978313 ) ) ;
#9650 = CARTESIAN_POINT ( 'NONE',  ( 1.399999999999999911, 0.000000000000000000, -1.550000000000000266 ) ) ;
#9651 = VECTOR ( 'NONE', #1623, 1000.000000000000000 ) ;
#9652 = LINE ( 'NONE', #4039, #1348 ) ;
#9653 = VERTEX_POINT ( 'NONE', #2236 ) ;
#9654 = FACE_OUTER_BOUND ( 'NONE', #1442, .T. ) ;
#9655 = DIRECTION ( 'NONE',  ( 0.000000000000000000, -1.000000000000000000, 0.000000000000000000 ) ) ;
#9656 = DIRECTION ( 'NONE',  ( 0.000000000000000000, 0.000000000000000000, -1.000000000000000000 ) ) ;
#9657 = CARTESIAN_POINT ( 'NONE',  ( 1.735646275937244853, 1.749999999999999778, -1.519554108468272213 ) ) ;
#9658 = CARTESIAN_POINT ( 'NONE',  ( -1.876568542494923220, 1.649999999999999911, -0.8104372260139572903 ) ) ;
#9659 = CARTESIAN_POINT ( 'NONE',  ( -1.600000000000000977, 0.07000000000000000666, 0.5500000000000000444 ) ) ;
#9660 = CARTESIAN_POINT ( 'NONE',  ( 1.240172439427031259, 1.749999999999999778, -1.446833329081849584 ) ) ;
#9661 = DIRECTION ( 'NONE',  ( -0.000000000000000000, 1.000000000000000000, -0.000000000000000000 ) ) ;
#9662 = ORIENTED_EDGE ( 'NONE', *, *, #4157, .T. ) ;
#9663 = VERTEX_POINT ( 'NONE', #5524 ) ;
#9664 =( NAMED_UNIT ( * ) SI_UNIT ( $, .STERADIAN. ) SOLID_ANGLE_UNIT ( ) );
#9665 = EDGE_LOOP ( 'NONE', ( #2421, #7274, #406, #6278 ) ) ;
#9666 = LINE ( 'NONE', #8957, #3299 ) ;
#9667 = ORIENTED_EDGE ( 'NONE', *, *, #6943, .F. ) ;
#9668 = CARTESIAN_POINT ( 'NONE',  ( 1.593725830020304546, 1.749999999999999778, 1.093279938488576075 ) ) ;
#9669 = PRODUCT_CONTEXT ( 'NONE', #957, 'mechanical' ) ;
#9670 = VERTEX_POINT ( 'NONE', #8784 ) ;
#9671 = ORIENTED_EDGE ( 'NONE', *, *, #7500, .F. ) ;
#9672 = FACE_OUTER_BOUND ( 'NONE', #3017, .T. ) ;
#9673 = ORIENTED_EDGE ( 'NONE', *, *, #4360, .F. ) ;
#9674 = CARTESIAN_POINT ( 'NONE',  ( -2.100000000000000089, 0.1800000000000006317, 1.649692833238015632 ) ) ;
#9675 = MECHANICAL_DESIGN_GEOMETRIC_PRESENTATION_REPRESENTATION (  '', ( #5902 ), #7797 ) ;
#9676 = CARTESIAN_POINT ( 'NONE',  ( 1.805194582267281467, 1.579572415026767152, -0.7697627741596239082 ) ) ;
#9677 = ADVANCED_FACE ( 'NONE', ( #2386 ), #5681, .F. ) ;
#9678 = VECTOR ( 'NONE', #9831, 1000.000000000000000 ) ;
#9679 = CARTESIAN_POINT ( 'NONE',  ( -1.947942502722565861, 1.579572415026768262, -0.7697627741596241302 ) ) ;
#9680 = LINE ( 'NONE', #8855, #8511 ) ;
#9681 = CARTESIAN_POINT ( 'NONE',  ( 1.919057536156685506, 1.649999999999999911, 0.7538731248081388392 ) ) ;
#9682 = CARTESIAN_POINT ( 'NONE',  ( -2.020000000000000018, 2.049999999999999822, -0.8800000000000000044 ) ) ;
#9683 = FILL_AREA_STYLE ('',( #3919 ) ) ;
#9684 = CARTESIAN_POINT ( 'NONE',  ( 1.023599564173221177, 1.449999999999999956, 1.099999999999999867 ) ) ;
#9685 = ORIENTED_EDGE ( 'NONE', *, *, #5612, .F. ) ;
#9686 = CARTESIAN_POINT ( 'NONE',  ( -2.102842712474619180, 1.749999999999999778, -1.036711395993654694 ) ) ;
#9687 =( BOUNDED_SURFACE ( )  B_SPLINE_SURFACE ( 3, 3, ( 
 ( #2777, #169, #3429, #1893 ),
 ( #5218, #2727, #7591, #5977 ),
 ( #6792, #8539, #1029, #6145 ),
 ( #390, #336, #5170, #10212 ) ),
 .UNSPECIFIED., .F., .F., .F. ) 
 B_SPLINE_SURFACE_WITH_KNOTS ( ( 4, 4 ),
 ( 4, 4 ),
 ( 0.000000000000000000, 1.000000000000000000 ),
 ( 0.000000000000000000, 1.000000000000000000 ),
 .UNSPECIFIED. ) 
 GEOMETRIC_REPRESENTATION_ITEM ( )  RATIONAL_B_SPLINE_SURFACE ( (
 ( 1.000000000000000000, 0.3333333333333334259, 0.3333333333333334259, 1.000000000000000000),
 ( 0.8025111867385923414, 0.2675037289128641693, 0.2675037289128641693, 0.8025111867385923414),
 ( 0.8025111867385923414, 0.2675037289128641693, 0.2675037289128641693, 0.8025111867385923414),
 ( 1.000000000000000000, 0.3333333333333334259, 0.3333333333333334259, 1.000000000000000000) ) ) 
 REPRESENTATION_ITEM ( '' )  SURFACE ( )  );
#9688 = EDGE_CURVE ( 'NONE', #5745, #5478, #388, .T. ) ;
#9689 = EDGE_CURVE ( 'NONE', #2864, #1568, #10071, .T. ) ;
#9690 = ORIENTED_EDGE ( 'NONE', *, *, #8569, .T. ) ;
#9691 = EDGE_CURVE ( 'NONE', #1810, #9548, #5607, .T. ) ;
#9692 =( NAMED_UNIT ( * ) PLANE_ANGLE_UNIT ( ) SI_UNIT ( $, .RADIAN. ) );
#9693 = CARTESIAN_POINT ( 'NONE',  ( 1.906297506684001553, 1.862473597731678199, 0.8114972960866296825 ) ) ;
#9694 = CARTESIAN_POINT ( 'NONE',  ( 1.600000000000000311, 0.07000000000000000666, 0.6500000000000001332 ) ) ;
#9695 = DIRECTION ( 'NONE',  ( 0.9781476007338062439, 0.2079116908177566503, 0.000000000000000000 ) ) ;
#9696 = CARTESIAN_POINT ( 'NONE',  ( 2.627600192202758311, 1.749999999999999778, 0.5276001922027558910 ) ) ;
#9697 = CARTESIAN_POINT ( 'NONE',  ( -1.310883117545685650, 1.749999999999999778, 1.376122650963194527 ) ) ;
#9698 = FACE_OUTER_BOUND ( 'NONE', #434, .T. ) ;
#9699 = PLANE ( 'NONE',  #9929 ) ;
#9700 = VERTEX_POINT ( 'NONE', #4265 ) ;
#9701 = LINE ( 'NONE', #1537, #6739 ) ;
#9702 = CARTESIAN_POINT ( 'NONE',  ( -1.310883117545685650, 1.649999999999999911, 1.376122650963194527 ) ) ;
#9703 = CARTESIAN_POINT ( 'NONE',  ( -0.4000000000000000222, 1.449999999999999956, 0.000000000000000000 ) ) ;
#9704 = CIRCLE ( 'NONE', #1982, 0.2000000000000005107 ) ;
#9705 = CARTESIAN_POINT ( 'NONE',  ( 1.928730210289307800, 1.464166666666673722, -1.487990114549054388 ) ) ;
#9706 = LINE ( 'NONE', #629, #9888 ) ;
#9707 = VECTOR ( 'NONE', #575, 1000.000000000000000 ) ;
#9708 = DIRECTION ( 'NONE',  ( -0.000000000000000000, -1.000000000000000000, -0.000000000000000000 ) ) ;
#9709 = DIRECTION ( 'NONE',  ( 0.000000000000000000, -1.000000000000000000, 0.000000000000000000 ) ) ;
#9710 = CARTESIAN_POINT ( 'NONE',  ( 1.947942502722565861, 1.579572415026768262, 0.7697627741596241302 ) ) ;
#9711 = ADVANCED_FACE ( 'NONE', ( #4045 ), #2485, .F. ) ;
#9712 = VERTEX_POINT ( 'NONE', #9042 ) ;
#9713 = ADVANCED_FACE ( 'NONE', ( #34 ), #2438, .T. ) ;
#9714 = VERTEX_POINT ( 'NONE', #135 ) ;
#9715 = SURFACE_SIDE_STYLE ('',( #6453 ) ) ;
#9716 = ORIENTED_EDGE ( 'NONE', *, *, #6608, .T. ) ;
#9717 = LINE ( 'NONE', #8899, #248 ) ;
#9718 = ORIENTED_EDGE ( 'NONE', *, *, #3068, .F. ) ;
#9719 = CARTESIAN_POINT ( 'NONE',  ( -2.299767353907860468, 0.5907607301639083985, -0.09999999999999968636 ) ) ;
#9720 = VECTOR ( 'NONE', #3360, 1000.000000000000000 ) ;
#9721 = VECTOR ( 'NONE', #1130, 1000.000000000000000 ) ;
#9722 = VERTEX_POINT ( 'NONE', #6708 ) ;
#9723 = VERTEX_POINT ( 'NONE', #9197 ) ;
#9724 = VECTOR ( 'NONE', #9481, 1000.000000000000000 ) ;
#9725 = ORIENTED_EDGE ( 'NONE', *, *, #9934, .T. ) ;
#9726 = VERTEX_POINT ( 'NONE', #9974 ) ;
#9727 = LINE ( 'NONE', #9841, #5194 ) ;
#9728 = DIRECTION ( 'NONE',  ( 0.7071067811865474617, 0.000000000000000000, 0.7071067811865474617 ) ) ;
#9729 = CARTESIAN_POINT ( 'NONE',  ( -1.947942502722565861, 1.608663600091573054, -0.7403961109355771120 ) ) ;
#9730 = CARTESIAN_POINT ( 'NONE',  ( 2.020000000000000018, 2.049999999999999822, 0.9799999999999999822 ) ) ;
#9731 = AXIS2_PLACEMENT_3D ( 'NONE', #8921, #1573, #4842 ) ;
#9732 =( LENGTH_UNIT ( ) NAMED_UNIT ( * ) SI_UNIT ( .MILLI., .METRE. ) );
#9733 = DIRECTION ( 'NONE',  ( 0.9781476007338062439, 0.2079116908177564282, -1.567255793685334773E-16 ) ) ;
#9734 = AXIS2_PLACEMENT_3D ( 'NONE', #6861, #10174, #5227 ) ;
#9735 = EDGE_CURVE ( 'NONE', #610, #7362, #9507, .T. ) ;
#9736 = EDGE_CURVE ( 'NONE', #1198, #5431, #995, .T. ) ;
#9737 = VECTOR ( 'NONE', #10483, 1000.000000000000000 ) ;
#9738 = DIRECTION ( 'NONE',  ( 0.7071067811865512365, 0.000000000000000000, -0.7071067811865437980 ) ) ;
#9739 = LINE ( 'NONE', #8860, #6867 ) ;
#9740 = ORIENTED_EDGE ( 'NONE', *, *, #6471, .F. ) ;
#9741 = CARTESIAN_POINT ( 'NONE',  ( 1.919057536156685950, 1.749999999999999778, 0.7538731248081388392 ) ) ;
#9742 = DIRECTION ( 'NONE',  ( -0.000000000000000000, 0.000000000000000000, 1.000000000000000000 ) ) ;
#9743 = CARTESIAN_POINT ( 'NONE',  ( -2.020000000000000462, 1.497472741345100777, 1.353218896075736533 ) ) ;
#9744 = ADVANCED_FACE ( 'NONE', ( #7559 ), #7402, .T. ) ;
#9745 = CARTESIAN_POINT ( 'NONE',  ( -1.820000000000000062, 2.049999999999999822, 1.319554108468271814 ) ) ;
#9746 = PLANE ( 'NONE',  #5651 ) ;
#9747 = PRESENTATION_STYLE_ASSIGNMENT (( #772 ) ) ;
#9748 = DIRECTION ( 'NONE',  ( 0.000000000000000000, 0.000000000000000000, -1.000000000000000000 ) ) ;
#9749 = CARTESIAN_POINT ( 'NONE',  ( -2.109781476726269478, 0.1779208829390094837, 1.355000000000000648 ) ) ;
#9750 = DIRECTION ( 'NONE',  ( 0.000000000000000000, -1.000000000000000000, -1.224646799147353207E-16 ) ) ;
#9751 = CARTESIAN_POINT ( 'NONE',  ( -1.360000000000000098, 1.550000000000000266, 1.419554108468271902 ) ) ;
#9752 = ADVANCED_FACE ( 'NONE', ( #1799 ), #7344, .T. ) ;
#9753 = VECTOR ( 'NONE', #10335, 1000.000000000000000 ) ;
#9754 = CARTESIAN_POINT ( 'NONE',  ( 1.887115471210931483, 1.466487442737907987, 1.510934665320303516 ) ) ;
#9755 = EDGE_CURVE ( 'NONE', #7474, #4550, #5263, .T. ) ;
#9756 = CIRCLE ( 'NONE', #5116, 0.1000000000000000472 ) ;
#9757 = DIRECTION ( 'NONE',  ( 0.000000000000000000, -1.000000000000000000, 0.000000000000000000 ) ) ;
#9758 = ORIENTED_EDGE ( 'NONE', *, *, #503, .T. ) ;
#9759 = SURFACE_STYLE_USAGE ( .BOTH. , #4808 ) ;
#9760 = CARTESIAN_POINT ( 'NONE',  ( -1.360000000000000320, 1.550000000000000266, 1.410853531617383361 ) ) ;
#9761 = DIRECTION ( 'NONE',  ( 0.2079116908177564838, -0.9781476007338062439, 0.000000000000000000 ) ) ;
#9762 =( GEOMETRIC_REPRESENTATION_CONTEXT ( 3 ) GLOBAL_UNCERTAINTY_ASSIGNED_CONTEXT ( ( #6881 ) ) GLOBAL_UNIT_ASSIGNED_CONTEXT ( ( #4438, #5079, #8362 ) ) REPRESENTATION_CONTEXT ( 'NONE', 'WORKASPACE' ) );
#9763 = CARTESIAN_POINT ( 'NONE',  ( -1.210883117545685561, 1.868034671099020549, -1.317105315413683808 ) ) ;
#9764 = LINE ( 'NONE', #10461, #623 ) ;
#9765 = AXIS2_PLACEMENT_3D ( 'NONE', #8621, #5458, #3615 ) ;
#9766 = EDGE_CURVE ( 'NONE', #77, #6220, #9021, .T. ) ;
#9767 = DIRECTION ( 'NONE',  ( 0.000000000000000000, 0.000000000000000000, -1.000000000000000000 ) ) ;
#9768 = MECHANICAL_DESIGN_GEOMETRIC_PRESENTATION_REPRESENTATION (  '', ( #7206 ), #6696 ) ;
#9769 = CARTESIAN_POINT ( 'NONE',  ( 1.479999999999999982, 2.049999999999999822, -1.519554108468271991 ) ) ;
#9770 = CARTESIAN_POINT ( 'NONE',  ( 0.4000000000000001887, 2.500000000000000000, 1.000000000000000000 ) ) ;
#9771 = ORIENTED_EDGE ( 'NONE', *, *, #850, .T. ) ;
#9772 = ORIENTED_EDGE ( 'NONE', *, *, #2567, .F. ) ;
#9773 = STYLED_ITEM ( 'NONE', ( #8318 ), #2598 ) ;
#9774 = CARTESIAN_POINT ( 'NONE',  ( 1.876568542494923664, 1.749999999999999778, -0.8104372260139570683 ) ) ;
#9775 = ORIENTED_EDGE ( 'NONE', *, *, #5993, .F. ) ;
#9776 = CARTESIAN_POINT ( 'NONE',  ( -1.479999999999999982, 1.649999999999999911, 1.519554108468271991 ) ) ;
#9777 = ORIENTED_EDGE ( 'NONE', *, *, #6271, .T. ) ;
#9778 = LINE ( 'NONE', #6566, #7561 ) ;
#9779 = STYLED_ITEM ( 'NONE', ( #885 ), #5636 ) ;
#9780 = CIRCLE ( 'NONE', #4624, 0.1000000000000001443 ) ;
#9781 = EDGE_CURVE ( 'NONE', #6941, #3525, #8462, .T. ) ;
#9782 = VECTOR ( 'NONE', #9543, 1000.000000000000000 ) ;
#9783 = ORIENTED_EDGE ( 'NONE', *, *, #3981, .T. ) ;
#9784 = VERTEX_POINT ( 'NONE', #5779 ) ;
#9785 = ORIENTED_EDGE ( 'NONE', *, *, #10535, .F. ) ;
#9786 = EDGE_LOOP ( 'NONE', ( #5805, #2161, #95, #10484, #764, #8792 ) ) ;
#9787 = DIRECTION ( 'NONE',  ( 0.000000000000000000, 0.000000000000000000, 1.000000000000000000 ) ) ;
#9788 = AXIS2_PLACEMENT_3D ( 'NONE', #2720, #6078, #5162 ) ;
#9789 = CARTESIAN_POINT ( 'NONE',  ( 1.995142775509981092, 1.449999999999851408, 1.416120190436323867 ) ) ;
#9790 = CARTESIAN_POINT ( 'NONE',  ( 1.947942502722565861, 1.608663600091573498, -0.7403961109355768899 ) ) ;
#9791 = CARTESIAN_POINT ( 'NONE',  ( -1.805194582267281689, 1.608663600091573054, -0.7403961109355766679 ) ) ;
#9792 = CARTESIAN_POINT ( 'NONE',  ( 2.109781477448648079, 0.1779208828024129441, -1.354999999999999982 ) ) ;
#9793 = FACE_OUTER_BOUND ( 'NONE', #1101, .T. ) ;
#9794 = AXIS2_PLACEMENT_3D ( 'NONE', #321, #6835, #7623 ) ;
#9795 = AXIS2_PLACEMENT_3D ( 'NONE', #3717, #7126, #8660 ) ;
#9796 = VECTOR ( 'NONE', #408, 1000.000000000000000 ) ;
#9797 = DIRECTION ( 'NONE',  ( 0.000000000000000000, 1.000000000000000000, 0.000000000000000000 ) ) ;
#9798 = VERTEX_POINT ( 'NONE', #83 ) ;
#9800 = FACE_OUTER_BOUND ( 'NONE', #4927, .T. ) ;
#9799 =( NAMED_UNIT ( * ) SI_UNIT ( $, .STERADIAN. ) SOLID_ANGLE_UNIT ( ) );
#9801 = DIRECTION ( 'NONE',  ( 0.7071067811865474617, 0.000000000000000000, -0.7071067811865474617 ) ) ;
#9802 = EDGE_CURVE ( 'NONE', #4883, #2399, #2012, .T. ) ;
#9803 = CARTESIAN_POINT ( 'NONE',  ( 1.210883117545685783, 1.649999999999999911, 1.435139986512705024 ) ) ;
#9804 = CARTESIAN_POINT ( 'NONE',  ( -2.020000000000000462, 1.809017335549510719, 1.235200384405516605 ) ) ;
#9805 = LINE ( 'NONE', #6587, #276 ) ;
#9806 = EDGE_CURVE ( 'NONE', #3921, #240, #5841, .T. ) ;
#9807 = CARTESIAN_POINT ( 'NONE',  ( -1.302305608210474475, 1.839587083421923008, 1.418709745098122088 ) ) ;
#9808 = LINE ( 'NONE', #8979, #2506 ) ;
#9809 = CARTESIAN_POINT ( 'NONE',  ( 1.848427124746192307, 1.449999999999999956, 0.9092893218813449252 ) ) ;
#9810 = ADVANCED_FACE ( 'NONE', ( #3721 ), #8564, .F. ) ;
#9811 = LINE ( 'NONE', #2478, #1829 ) ;
#9812 = CARTESIAN_POINT ( 'NONE',  ( 1.985406100964118847, 1.449999999999999956, 1.432352133359651170 ) ) ;
#9813 =( NAMED_UNIT ( * ) PLANE_ANGLE_UNIT ( ) SI_UNIT ( $, .RADIAN. ) );
#9814 = VERTEX_POINT ( 'NONE', #5240 ) ;
#9815 =( NAMED_UNIT ( * ) PLANE_ANGLE_UNIT ( ) SI_UNIT ( $, .RADIAN. ) );
#9816 = EDGE_CURVE ( 'NONE', #9798, #5189, #8344, .T. ) ;
#9817 = CARTESIAN_POINT ( 'NONE',  ( -2.100000000000000089, 0.1800000000000006317, 0.7950000000000002620 ) ) ;
#9818 = CARTESIAN_POINT ( 'NONE',  ( -1.240172439427031259, 1.649999999999999911, 1.446833329081849584 ) ) ;
#9819 = VECTOR ( 'NONE', #10276, 1000.000000000000000 ) ;
#9820 = CARTESIAN_POINT ( 'NONE',  ( -1.354314575050763025, 1.849999999999999867, 1.419554108468272124 ) ) ;
#9821 = FACE_OUTER_BOUND ( 'NONE', #7778, .T. ) ;
#9822 = CARTESIAN_POINT ( 'NONE',  ( 1.920000000000000373, 1.550000000000000266, 1.410853531617383361 ) ) ;
#9823 = VECTOR ( 'NONE', #7465, 1000.000000000000000 ) ;
#9824 = CARTESIAN_POINT ( 'NONE',  ( -1.978072250575702684, 1.750000000000000222, 0.7533169077592967167 ) ) ;
#9825 =( LENGTH_UNIT ( ) NAMED_UNIT ( * ) SI_UNIT ( .MILLI., .METRE. ) );
#9826 = CARTESIAN_POINT ( 'NONE',  ( 1.389289321881345574, 1.550000000000000266, -1.340142853498727860 ) ) ;
#9827 = ORIENTED_EDGE ( 'NONE', *, *, #4776, .F. ) ;
#9828 = ORIENTED_EDGE ( 'NONE', *, *, #2627, .F. ) ;
#9829 = CARTESIAN_POINT ( 'NONE',  ( -2.020000000000000906, 1.615428445250220779, -0.7948513479695226147 ) ) ;
#9830 = ORIENTED_EDGE ( 'NONE', *, *, #4776, .T. ) ;
#9831 = DIRECTION ( 'NONE',  ( -0.000000000000000000, 0.000000000000000000, 1.000000000000000000 ) ) ;
#9832 = EDGE_CURVE ( 'NONE', #6727, #8481, #7613, .T. ) ;
#9833 = EDGE_CURVE ( 'NONE', #7423, #5696, #3344, .T. ) ;
#9834 = ORIENTED_EDGE ( 'NONE', *, *, #5880, .F. ) ;
#9835 = LINE ( 'NONE', #8960, #2907 ) ;
#9836 = ORIENTED_EDGE ( 'NONE', *, *, #10216, .T. ) ;
#9837 = ORIENTED_EDGE ( 'NONE', *, *, #9211, .T. ) ;
#9838 = ORIENTED_EDGE ( 'NONE', *, *, #2138, .T. ) ;
#9839 = ORIENTED_EDGE ( 'NONE', *, *, #2456, .F. ) ;
#9840 = DIRECTION ( 'NONE',  ( 0.7071067811865486830, 0.000000000000000000, -0.7071067811865464625 ) ) ;
#9841 = CARTESIAN_POINT ( 'NONE',  ( 1.360000000000000098, 1.550000000000000266, 1.600000000000000089 ) ) ;
#9842 = DIRECTION ( 'NONE',  ( 0.000000000000000000, -1.000000000000000000, 0.000000000000000000 ) ) ;
#9843 = CARTESIAN_POINT ( 'NONE',  ( -2.100000000000000089, 0.1800000014699860151, -1.354999999999999982 ) ) ;
#9844 = DIRECTION ( 'NONE',  ( 0.000000000000000000, 0.000000000000000000, 1.000000000000000000 ) ) ;
#9845 = FACE_OUTER_BOUND ( 'NONE', #5937, .T. ) ;
#9846 = ORIENTED_EDGE ( 'NONE', *, *, #7197, .T. ) ;
#9847 = DIRECTION ( 'NONE',  ( 0.000000000000000000, 0.000000000000000000, -1.000000000000000000 ) ) ;
#9848 = LINE ( 'NONE', #10442, #877 ) ;
#9849 = CYLINDRICAL_SURFACE ( 'NONE', #3453, 0.1000000000000001443 ) ;
#9850 = CARTESIAN_POINT ( 'NONE',  ( 1.920000000000000373, 1.550000000000000266, -0.8600000000000003197 ) ) ;
#9851 = LINE ( 'NONE', #5715, #6287 ) ;
#9852 = CARTESIAN_POINT ( 'NONE',  ( 2.201952593834479277, 0.6115518992456836500, -1.354999999999999982 ) ) ;
#9853 = DIRECTION ( 'NONE',  ( 0.000000000000000000, -0.000000000000000000, -1.000000000000000000 ) ) ;
#9854 = DIRECTION ( 'NONE',  ( 0.000000000000000000, 0.000000000000000000, -1.000000000000000000 ) ) ;
#9855 = PLANE ( 'NONE',  #4046 ) ;
#9856 = CARTESIAN_POINT ( 'NONE',  ( -1.360000000000000098, 1.550000000000000266, 1.600000000000000089 ) ) ;
#9857 = ORIENTED_EDGE ( 'NONE', *, *, #950, .T. ) ;
#9858 = CARTESIAN_POINT ( 'NONE',  ( 1.970386937934882621, 1.454427688059508172, -1.450235923502125823 ) ) ;
#9859 = DIRECTION ( 'NONE',  ( -0.7071067811865501263, 0.000000000000000000, 0.7071067811865447972 ) ) ;
#9860 = DIRECTION ( 'NONE',  ( -0.2079116908177564282, -0.9781476007338062439, 0.000000000000000000 ) ) ;
#9861 = CARTESIAN_POINT ( 'NONE',  ( 1.961421356237310176, 1.449999999999999734, 1.460975464705581484 ) ) ;
#9862 = CARTESIAN_POINT ( 'NONE',  ( -1.995142775509890720, 1.449999999999978639, -1.416120190436488180 ) ) ;
#9863 = AXIS2_PLACEMENT_3D ( 'NONE', #1828, #6041, #5103 ) ;
#9864 = LINE ( 'NONE', #5026, #5652 ) ;
#9865 = LINE ( 'NONE', #2489, #7871 ) ;
#9866 = ORIENTED_EDGE ( 'NONE', *, *, #2863, .F. ) ;
#9867 = DIRECTION ( 'NONE',  ( -0.7071067811865486830, 0.000000000000000000, -0.7071067811865464625 ) ) ;
#9868 = CARTESIAN_POINT ( 'NONE',  ( 0.4000000000000001887, 2.400000000000000355, 1.100000000000000089 ) ) ;
#9869 = CARTESIAN_POINT ( 'NONE',  ( -1.479999999999999982, 1.449999999999999956, 1.419137802864844700 ) ) ;
#9870 = AXIS2_PLACEMENT_3D ( 'NONE', #7137, #7941, #3987 ) ;
#9871 = ORIENTED_EDGE ( 'NONE', *, *, #8888, .F. ) ;
#9872 = VERTEX_POINT ( 'NONE', #2024 ) ;
#9873 = CARTESIAN_POINT ( 'NONE',  ( 1.399999999999999689, 0.000000000000000000, 1.550000000000000266 ) ) ;
#9874 = VERTEX_POINT ( 'NONE', #253 ) ;
#9875 = ORIENTED_EDGE ( 'NONE', *, *, #9802, .F. ) ;
#9876 = DIRECTION ( 'NONE',  ( -0.7071067811865512365, 0.000000000000000000, 0.7071067811865437980 ) ) ;
#9877 = CIRCLE ( 'NONE', #9174, 0.1000000000000002554 ) ;
#9878 = AXIS2_PLACEMENT_3D ( 'NONE', #6257, #3101, #1302 ) ;
#9879 = EDGE_CURVE ( 'NONE', #2982, #10271, #5960, .T. ) ;
#9880 = EDGE_CURVE ( 'NONE', #10263, #2343, #3708, .T. ) ;
#9881 = EDGE_LOOP ( 'NONE', ( #2189, #943, #2199, #3621, #5176 ) ) ;
#9882 = ORIENTED_EDGE ( 'NONE', *, *, #530, .T. ) ;
#9883 = VERTEX_POINT ( 'NONE', #10298 ) ;
#9884 = EDGE_CURVE ( 'NONE', #2508, #4339, #3501, .T. ) ;
#9885 = LINE ( 'NONE', #4011, #563 ) ;
#9886 = CARTESIAN_POINT ( 'NONE',  ( 1.327268482960745510, 1.749999999999999778, -1.519554108468272435 ) ) ;
#9887 = ORIENTED_EDGE ( 'NONE', *, *, #4802, .F. ) ;
#9888 = VECTOR ( 'NONE', #3172, 1000.000000000000000 ) ;
#9889 = CARTESIAN_POINT ( 'NONE',  ( 1.919137802864846698, 2.049999999999999822, -0.9799999999999999822 ) ) ;
#9890 = DIRECTION ( 'NONE',  ( 0.4828304098388602750, -1.713039432526787267E-13, 0.8757138775506747574 ) ) ;
#9891 =( GEOMETRIC_REPRESENTATION_CONTEXT ( 3 ) GLOBAL_UNCERTAINTY_ASSIGNED_CONTEXT ( ( #10171 ) ) GLOBAL_UNIT_ASSIGNED_CONTEXT ( ( #9562, #2887, #7113 ) ) REPRESENTATION_CONTEXT ( 'NONE', 'WORKASPACE' ) );
#9892 = VECTOR ( 'NONE', #7000, 1000.000000000000000 ) ;
#9893 = EDGE_CURVE ( 'NONE', #1712, #7677, #1485, .T. ) ;
#9894 = DIRECTION ( 'NONE',  ( 0.7071067811865505703, -0.7071067811865444641, 0.000000000000000000 ) ) ;
#9895 = ORIENTED_EDGE ( 'NONE', *, *, #762, .F. ) ;
#9896 = DIRECTION ( 'NONE',  ( 0.9781476007338062439, 0.2079116908177564282, 0.000000000000000000 ) ) ;
#9897 = CARTESIAN_POINT ( 'NONE',  ( 2.020000000000000462, 1.809017335549510941, -1.235200384405516161 ) ) ;
#9898 = AXIS2_PLACEMENT_3D ( 'NONE', #14, #230, #3593 ) ;
#9899 =( NAMED_UNIT ( * ) PLANE_ANGLE_UNIT ( ) SI_UNIT ( $, .RADIAN. ) );
#9900 = CARTESIAN_POINT ( 'NONE',  ( 1.310883117545686538, 1.749999999999999778, -1.376122650963194971 ) ) ;
#9901 = DIRECTION ( 'NONE',  ( 0.000000000000000000, 1.000000000000000000, 0.000000000000000000 ) ) ;
#9902 = VECTOR ( 'NONE', #7131, 1000.000000000000000 ) ;
#9903 = CYLINDRICAL_SURFACE ( 'NONE', #5112, 0.1000000000000001443 ) ;
#9904 = DIRECTION ( 'NONE',  ( -0.2079116908177564282, 0.9781476007338062439, 0.000000000000000000 ) ) ;
#9905 = DIRECTION ( 'NONE',  ( 0.000000000000000000, -1.000000000000000000, -0.000000000000000000 ) ) ;
#9906 = VECTOR ( 'NONE', #6301, 1000.000000000000000 ) ;
#9907 = ADVANCED_FACE ( 'NONE', ( #8458 ), #415, .T. ) ;
#9908 = CIRCLE ( 'NONE', #8191, 0.1000000000000000472 ) ;
#9909 = UNCERTAINTY_MEASURE_WITH_UNIT (LENGTH_MEASURE( 1.000000000000000082E-05 ), #5874, 'distance_accuracy_value', 'NONE');
#9910 = CARTESIAN_POINT ( 'NONE',  ( 2.026363480482510138, -0.6955033648010471303, -0.7949999999999999289 ) ) ;
#9911 = CARTESIAN_POINT ( 'NONE',  ( -2.100000000000000089, 0.1800000000000006317, -1.354999999999999982 ) ) ;
#9912 = ORIENTED_EDGE ( 'NONE', *, *, #6608, .F. ) ;
#9913 = PRESENTATION_STYLE_ASSIGNMENT (( #9759 ) ) ;
#9914 = PRESENTATION_STYLE_ASSIGNMENT (( #2534 ) ) ;
#9915 = CARTESIAN_POINT ( 'NONE',  ( 1.936315674237722106, 1.477260257245617048, -1.475158129477185609 ) ) ;
#9916 = DIRECTION ( 'NONE',  ( 0.000000000000000000, 0.000000000000000000, -1.000000000000000000 ) ) ;
#9917 = CARTESIAN_POINT ( 'NONE',  ( 1.500000000000000000, 0.07000000000000000666, -1.449999999999999289 ) ) ;
#9918 =( GEOMETRIC_REPRESENTATION_CONTEXT ( 3 ) GLOBAL_UNCERTAINTY_ASSIGNED_CONTEXT ( ( #1922 ) ) GLOBAL_UNIT_ASSIGNED_CONTEXT ( ( #6062, #5942, #6764 ) ) REPRESENTATION_CONTEXT ( 'NONE', 'WORKASPACE' ) );
#9919 = EDGE_CURVE ( 'NONE', #6424, #1262, #5357, .T. ) ;
#9920 = AXIS2_PLACEMENT_3D ( 'NONE', #1804, #6651, #7446 ) ;
#9921 = LINE ( 'NONE', #7615, #2192 ) ;
#9922 = ORIENTED_EDGE ( 'NONE', *, *, #3093, .T. ) ;
#9923 = DIRECTION ( 'NONE',  ( 0.000000000000000000, 0.000000000000000000, -1.000000000000000000 ) ) ;
#9924 = ORIENTED_EDGE ( 'NONE', *, *, #3439, .F. ) ;
#9925 = ORIENTED_EDGE ( 'NONE', *, *, #8030, .T. ) ;
#9926 = LINE ( 'NONE', #1653, #7556 ) ;
#9927 = EDGE_LOOP ( 'NONE', ( #9155, #4466, #7586, #3337, #2654, #5809, #9506, #207, #1178, #482, #4920, #3671, #2178, #9451, #7120, #3549 ) ) ;
#9928 = CARTESIAN_POINT ( 'NONE',  ( 2.100000000000000089, 1.399999999999999467, 1.500000000000000000 ) ) ;
#9929 = AXIS2_PLACEMENT_3D ( 'NONE', #9037, #9757, #8879 ) ;
#9930 = EDGE_CURVE ( 'NONE', #8814, #9534, #1967, .T. ) ;
#9931 = VERTEX_POINT ( 'NONE', #2082 ) ;
#9932 = LINE ( 'NONE', #9719, #1724 ) ;
#9933 = VECTOR ( 'NONE', #6233, 1000.000000000000114 ) ;
#9934 = EDGE_CURVE ( 'NONE', #3417, #10147, #4375, .T. ) ;
#9935 = ADVANCED_FACE ( 'NONE', ( #2851 ), #1874, .T. ) ;
#9936 = MECHANICAL_DESIGN_GEOMETRIC_PRESENTATION_REPRESENTATION (  '', ( #7374 ), #6691 ) ;
#9937 = ORIENTED_EDGE ( 'NONE', *, *, #4891, .F. ) ;
#9938 = CARTESIAN_POINT ( 'NONE',  ( 2.010554295406563163, 1.465648472317697015, -1.388168177529784275 ) ) ;
#9939 = ADVANCED_FACE ( 'NONE', ( #3878 ), #671, .T. ) ;
#9940 = ORIENTED_EDGE ( 'NONE', *, *, #9397, .T. ) ;
#9941 = ORIENTED_EDGE ( 'NONE', *, *, #5485, .F. ) ;
#9942 = PRESENTATION_STYLE_ASSIGNMENT (( #5704 ) ) ;
#9943 = EDGE_LOOP ( 'NONE', ( #9561, #2210, #6563, #7733 ) ) ;
#9944 = CYLINDRICAL_SURFACE ( 'NONE', #5673, 0.1000000000000000472 ) ;
#9945 = VECTOR ( 'NONE', #5398, 1000.000000000000000 ) ;
#9946 = VECTOR ( 'NONE', #3304, 1000.000000000000000 ) ;
#9947 = DIRECTION ( 'NONE',  ( 9.866381877431726115E-16, 0.000000000000000000, -1.000000000000000000 ) ) ;
#9948 = ADVANCED_FACE ( 'NONE', ( #10348 ), #5609, .T. ) ;
#9949 = DIRECTION ( 'NONE',  ( 0.000000000000000000, 0.000000000000000000, -1.000000000000000000 ) ) ;
#9950 = CARTESIAN_POINT ( 'NONE',  ( 1.848427124746192307, 1.449999999999999956, -0.9092893218813449252 ) ) ;
#9951 = AXIS2_PLACEMENT_3D ( 'NONE', #2185, #480, #1336 ) ;
#9952 = AXIS2_PLACEMENT_3D ( 'NONE', #7086, #520, #7028 ) ;
#9953 = DIRECTION ( 'NONE',  ( -0.000000000000000000, -0.000000000000000000, -1.000000000000000000 ) ) ;
#9954 = ORIENTED_EDGE ( 'NONE', *, *, #5593, .T. ) ;
#9955 = DIRECTION ( 'NONE',  ( 1.602269220421927623E-16, 0.000000000000000000, 1.000000000000000000 ) ) ;
#9956 = CARTESIAN_POINT ( 'NONE',  ( 2.020000000000000462, 1.750000000000000000, -1.235200384405516161 ) ) ;
#9957 = FILL_AREA_STYLE_COLOUR ( '', #1402 ) ;
#9958 = CARTESIAN_POINT ( 'NONE',  ( -1.919057536156685506, 1.787192931708466714, 1.328021705193541013 ) ) ;
#9959 = EDGE_CURVE ( 'NONE', #1762, #8540, #4739, .T. ) ;
#9960 = VECTOR ( 'NONE', #8267, 1000.000000000000000 ) ;
#9961 = CARTESIAN_POINT ( 'NONE',  ( 2.081698729810778747, 1.418301270189221697, -1.568301270189222496 ) ) ;
#9962 = AXIS2_PLACEMENT_3D ( 'NONE', #2526, #1046, #10010 ) ;
#9963 = PRESENTATION_LAYER_ASSIGNMENT (  '', '', ( #3421 ) ) ;
#9964 = PLANE ( 'NONE',  #1562 ) ;
#9965 = ORIENTED_EDGE ( 'NONE', *, *, #8938, .F. ) ;
#9966 = AXIS2_PLACEMENT_3D ( 'NONE', #1519, #3972, #6477 ) ;
#9967 = FACE_OUTER_BOUND ( 'NONE', #9881, .T. ) ;
#9968 = VERTEX_POINT ( 'NONE', #3116 ) ;
#9969 = CYLINDRICAL_SURFACE ( 'NONE', #6916, 0.09999999999999993616 ) ;
#9970 = CARTESIAN_POINT ( 'NONE',  ( 1.804007243629379253, 1.823390522858398644, 1.462259564155070413 ) ) ;
#9971 = DIRECTION ( 'NONE',  ( -0.7071067811865464625, -0.000000000000000000, -0.7071067811865486830 ) ) ;
#9972 = DIRECTION ( 'NONE',  ( 9.866381877431726115E-16, -0.000000000000000000, -1.000000000000000000 ) ) ;
#9973 =( BOUNDED_CURVE ( )  B_SPLINE_CURVE ( 3, ( #8482, #6906, #6081, #8536 ),
 .UNSPECIFIED., .F., .T. ) 
 B_SPLINE_CURVE_WITH_KNOTS ( ( 4, 4 ),
 ( 0.000000000000000000, 1.000000000000000000 ),
 .UNSPECIFIED. ) 
 CURVE ( )  GEOMETRIC_REPRESENTATION_ITEM ( )  RATIONAL_B_SPLINE_CURVE ( ( 1.000000000000000000, 1.000000002273007338, 0.9999996200638949784, 0.9999988303070547202 ) ) 
 REPRESENTATION_ITEM ( '' )  );
#9974 = CARTESIAN_POINT ( 'NONE',  ( -1.638275862068964805, 1.449999999999999956, 0.2329654253690056076 ) ) ;
#9975 = CARTESIAN_POINT ( 'NONE',  ( -1.884571170791653705, 1.512602837497275310, -1.512741078632244163 ) ) ;
#9976 = FILL_AREA_STYLE_COLOUR ( '', #2691 ) ;
#9977 = DIRECTION ( 'NONE',  ( -0.000000000000000000, 1.000000000000000000, -0.000000000000000000 ) ) ;
#9978 = CARTESIAN_POINT ( 'NONE',  ( 1.805194582267281689, 1.649999999999999467, 0.7403961109355764458 ) ) ;
#9979 = ORIENTED_EDGE ( 'NONE', *, *, #3768, .F. ) ;
#9980 = EDGE_LOOP ( 'NONE', ( #908, #954, #3381, #7253 ) ) ;
#9981 = AXIS2_PLACEMENT_3D ( 'NONE', #1749, #3386, #6703 ) ;
#9982 = CARTESIAN_POINT ( 'NONE',  ( 1.479999999999999982, 2.049999999999999822, 1.419137802864844700 ) ) ;
#9983 = EDGE_LOOP ( 'NONE', ( #9547, #2457, #1438, #9925 ) ) ;
#9984 = CARTESIAN_POINT ( 'NONE',  ( -2.020000000000000018, 1.649999999999999911, -0.9799999999999999822 ) ) ;
#9985 = ORIENTED_EDGE ( 'NONE', *, *, #6087, .T. ) ;
#9986 = CARTESIAN_POINT ( 'NONE',  ( -1.735646275937244853, 1.749999999999999778, 1.519554108468272213 ) ) ;
#9987 = AXIS2_PLACEMENT_3D ( 'NONE', #3857, #6365, #8853 ) ;
#9988 = ORIENTED_EDGE ( 'NONE', *, *, #67, .T. ) ;
#9989 = DIRECTION ( 'NONE',  ( -0.2079116908177564282, -0.9781476007338062439, 0.000000000000000000 ) ) ;
#9990 = ORIENTED_EDGE ( 'NONE', *, *, #5595, .T. ) ;
#9991 = VERTEX_POINT ( 'NONE', #10550 ) ;
#9992 = CARTESIAN_POINT ( 'NONE',  ( 1.537157287525380500, 1.749999999999999778, 1.602396820942890043 ) ) ;
#9993 = CARTESIAN_POINT ( 'NONE',  ( -1.354314575050763247, 1.750000000000000222, -1.519554108468271769 ) ) ;
#9994 = CARTESIAN_POINT ( 'NONE',  ( 1.354314575050763247, 1.850551775759736506, -1.477626359043974658 ) ) ;
#9995 = EDGE_LOOP ( 'NONE', ( #10033, #7910, #921, #4912 ) ) ;
#9996 = DIRECTION ( 'NONE',  ( -0.3719458362746793090, -0.9282544343432621581, 1.193913209536247214E-14 ) ) ;
#9997 = CARTESIAN_POINT ( 'NONE',  ( 1.961332827846149707, 1.449999999999992184, 1.461063935775178901 ) ) ;
#9998 = CARTESIAN_POINT ( 'NONE',  ( 2.100000000000000089, 0.1800000000000006317, -0.7949999999999999289 ) ) ;
#9999 = CARTESIAN_POINT ( 'NONE',  ( 1.399999999999999245, 0.07000000000000000666, 1.550000000000000266 ) ) ;
#10000 = ORIENTED_EDGE ( 'NONE', *, *, #1685, .T. ) ;
#10001 = EDGE_CURVE ( 'NONE', #3094, #2407, #6383, .T. ) ;
#10002 = CARTESIAN_POINT ( 'NONE',  ( -1.966372847314812100, 1.458843411121367506, -1.452480473243526804 ) ) ;
#10003 = ORIENTED_EDGE ( 'NONE', *, *, #5352, .F. ) ;
#10004 = CARTESIAN_POINT ( 'NONE',  ( 1.888032633253842185, 1.566741114999319784, 1.487586741722114470 ) ) ;
#10005 = CARTESIAN_POINT ( 'NONE',  ( 1.978072250575702684, 1.787399814323848757, -1.328538016135585753 ) ) ;
#10006 = DIRECTION ( 'NONE',  ( 0.7071067811865456854, 0.000000000000000000, -0.7071067811865493491 ) ) ;
#10007 = CARTESIAN_POINT ( 'NONE',  ( 2.299767353907860468, 0.5907607301639083985, -0.09999999999999999167 ) ) ;
#10008 = DIRECTION ( 'NONE',  ( 0.000000000000000000, -1.000000000000000000, 0.000000000000000000 ) ) ;
#10009 = DIRECTION ( 'NONE',  ( 0.000000000000000000, -0.000000000000000000, -1.000000000000000000 ) ) ;
#10010 = DIRECTION ( 'NONE',  ( -0.7071067811865474617, 0.000000000000000000, 0.7071067811865474617 ) ) ;
#10011 = ORIENTED_EDGE ( 'NONE', *, *, #1605, .F. ) ;
#10012 = EDGE_CURVE ( 'NONE', #4338, #1912, #8775, .T. ) ;
#10013 = FACE_OUTER_BOUND ( 'NONE', #4225, .T. ) ;
#10014 = EDGE_CURVE ( 'NONE', #6941, #10263, #2948, .T. ) ;
#10015 = DIRECTION ( 'NONE',  ( 0.000000000000000000, 0.000000000000000000, -1.000000000000000000 ) ) ;
#10016 = ADVANCED_FACE ( 'NONE', ( #2276 ), #5453, .T. ) ;
#10017 = DIRECTION ( 'NONE',  ( 0.000000000000000000, 0.000000000000000000, -1.000000000000000000 ) ) ;
#10018 = ORIENTED_EDGE ( 'NONE', *, *, #6594, .F. ) ;
#10019 = CARTESIAN_POINT ( 'NONE',  ( 1.252810866969983339, 1.650000000000000133, -1.275570875203457799 ) ) ;
#10020 = PLANE ( 'NONE',  #377 ) ;
#10021 = DIRECTION ( 'NONE',  ( 0.000000000000000000, -0.000000000000000000, -1.000000000000000000 ) ) ;
#10022 = SURFACE_SIDE_STYLE ('',( #2080 ) ) ;
#10023 = CIRCLE ( 'NONE', #2787, 0.1000000000000002554 ) ;
#10024 = CARTESIAN_POINT ( 'NONE',  ( 1.310883117545685650, 1.550000000000000266, -1.376122650963194527 ) ) ;
#10025 = DIRECTION ( 'NONE',  ( 2.168404344971007685E-15, 0.000000000000000000, -1.000000000000000000 ) ) ;
#10026 = CARTESIAN_POINT ( 'NONE',  ( 2.020000000000000462, 2.049999999999999822, 1.319554108468272036 ) ) ;
#10027 = FILL_AREA_STYLE_COLOUR ( '', #4441 ) ;
#10028 = CARTESIAN_POINT ( 'NONE',  ( -1.920000000000000595, 1.539480857753715570, -1.319554108468272258 ) ) ;
#10029 = VERTEX_POINT ( 'NONE', #6484 ) ;
#10030 = DIRECTION ( 'NONE',  ( 0.000000000000000000, 0.000000000000000000, -1.000000000000000000 ) ) ;
#10031 = LINE ( 'NONE', #365, #6697 ) ;
#10032 = ORIENTED_EDGE ( 'NONE', *, *, #4014, .T. ) ;
#10033 = ORIENTED_EDGE ( 'NONE', *, *, #4572, .T. ) ;
#10034 =( BOUNDED_SURFACE ( )  B_SPLINE_SURFACE ( 3, 3, ( 
 ( #4232, #9167, #5322, #9993 ),
 ( #3583, #7747, #6034, #7523 ),
 ( #382, #9386, #2047, #3422 ),
 ( #4396, #4288, #9333, #6136 ) ),
 .UNSPECIFIED., .F., .F., .F. ) 
 B_SPLINE_SURFACE_WITH_KNOTS ( ( 4, 4 ),
 ( 4, 4 ),
 ( 0.000000000000000000, 1.000000000000000000 ),
 ( 0.000000000000000000, 1.000000000000000000 ),
 .UNSPECIFIED. ) 
 GEOMETRIC_REPRESENTATION_ITEM ( )  RATIONAL_B_SPLINE_SURFACE ( (
 ( 1.000000000000000000, 0.8025111867385925635, 0.8025111867385925635, 1.000000000000000000),
 ( 0.9486501948152646913, 0.7613023936409950565, 0.7613023936409950565, 0.9486501948152646913),
 ( 0.9486501948152646913, 0.7613023936409950565, 0.7613023936409950565, 0.9486501948152646913),
 ( 1.000000000000000000, 0.8025111867385925635, 0.8025111867385925635, 1.000000000000000000) ) ) 
 REPRESENTATION_ITEM ( '' )  SURFACE ( )  );
#10035 = DIRECTION ( 'NONE',  ( 9.866381877431726115E-16, 0.000000000000000000, -1.000000000000000000 ) ) ;
#10036 = ORIENTED_EDGE ( 'NONE', *, *, #5316, .F. ) ;
#10037 = FILL_AREA_STYLE_COLOUR ( '', #10192 ) ;
#10038 = VERTEX_POINT ( 'NONE', #4594 ) ;
#10039 = DIRECTION ( 'NONE',  ( 0.000000000000000000, -1.000000000000000000, 0.000000000000000000 ) ) ;
#10040 = EDGE_CURVE ( 'NONE', #2704, #1074, #290, .T. ) ;
#10041 = PRESENTATION_LAYER_ASSIGNMENT (  '', '', ( #5750 ) ) ;
#10042 = ADVANCED_FACE ( 'NONE', ( #4696 ), #5559, .F. ) ;
#10043 = ORIENTED_EDGE ( 'NONE', *, *, #3056, .T. ) ;
#10044 = FACE_OUTER_BOUND ( 'NONE', #6733, .T. ) ;
#10045 = ORIENTED_EDGE ( 'NONE', *, *, #2068, .F. ) ;
#10046 = ORIENTED_EDGE ( 'NONE', *, *, #2433, .T. ) ;
#10047 = DIRECTION ( 'NONE',  ( 0.7071067811865486830, 0.000000000000000000, -0.7071067811865464625 ) ) ;
#10048 = LINE ( 'NONE', #5968, #8571 ) ;
#10049 = DIRECTION ( 'NONE',  ( 0.000000000000000000, 0.000000000000000000, -1.000000000000000000 ) ) ;
#10050 = AXIS2_PLACEMENT_3D ( 'NONE', #2395, #8305, #6066 ) ;
#10051 = EDGE_LOOP ( 'NONE', ( #2353, #2858, #9685 ) ) ;
#10052 = CARTESIAN_POINT ( 'NONE',  ( 1.354314575050763247, 1.849995558710894716, 1.418611644624956591 ) ) ;
#10053 = CARTESIAN_POINT ( 'NONE',  ( -2.000000000000000888, 1.550000000000000266, 1.600000000000000089 ) ) ;
#10054 = CIRCLE ( 'NONE', #4559, 0.2000000000000005107 ) ;
#10055 = DIRECTION ( 'NONE',  ( 9.866381877431726115E-16, 0.000000000000000000, 1.000000000000000000 ) ) ;
#10056 = DIRECTION ( 'NONE',  ( -0.7071067811865475727, 0.000000000000000000, 0.7071067811865474617 ) ) ;
#10057 = ADVANCED_FACE ( 'NONE', ( #8032 ), #8871, .F. ) ;
#10058 = VECTOR ( 'NONE', #364, 1000.000000000000000 ) ;
#10059 = AXIS2_PLACEMENT_3D ( 'NONE', #3967, #111, #6418 ) ;
#10060 = DIRECTION ( 'NONE',  ( 0.000000000000000000, 0.000000000000000000, -1.000000000000000000 ) ) ;
#10061 = ORIENTED_EDGE ( 'NONE', *, *, #6356, .F. ) ;
#10062 = DIRECTION ( 'NONE',  ( 1.000000000000000000, 0.000000000000000000, 0.000000000000000000 ) ) ;
#10063 = CARTESIAN_POINT ( 'NONE',  ( 1.978072250575702462, 1.826778885434147126, -1.312759064811536591 ) ) ;
#10064 = UNCERTAINTY_MEASURE_WITH_UNIT (LENGTH_MEASURE( 1.000000000000000082E-05 ), #5058, 'distance_accuracy_value', 'NONE');
#10065 = CARTESIAN_POINT ( 'NONE',  ( -1.421324630825649304, 1.591324630825649455, 1.519554108468271991 ) ) ;
#10066 = CARTESIAN_POINT ( 'NONE',  ( -1.735646275937244853, 1.749999999999999778, 1.419554108468272569 ) ) ;
#10067 = VECTOR ( 'NONE', #6303, 1000.000000000000000 ) ;
#10068 = EDGE_CURVE ( 'NONE', #5798, #3653, #2323, .T. ) ;
#10069 = CARTESIAN_POINT ( 'NONE',  ( -1.910853531617384915, 1.550000000000000266, -0.9600000000000000755 ) ) ;
#10070 = CARTESIAN_POINT ( 'NONE',  ( 1.479999999999999982, 1.449999999999999956, -1.519554108468272213 ) ) ;
#10071 = CIRCLE ( 'NONE', #8849, 0.1000000000000001443 ) ;
#10072 = ADVANCED_FACE ( 'NONE', ( #2126 ), #1529, .F. ) ;
#10073 = VERTEX_POINT ( 'NONE', #4797 ) ;
#10074 = AXIS2_PLACEMENT_3D ( 'NONE', #9471, #6105, #5119 ) ;
#10075 = FACE_OUTER_BOUND ( 'NONE', #6986, .T. ) ;
#10076 = DIRECTION ( 'NONE',  ( 0.000000000000000000, 0.000000000000000000, -1.000000000000000000 ) ) ;
#10077 = EDGE_CURVE ( 'NONE', #6290, #5737, #4227, .T. ) ;
#10078 = CARTESIAN_POINT ( 'NONE',  ( 2.599999999999999645, 2.458578643762690863, 1.099999999999999645 ) ) ;
#10079 = VECTOR ( 'NONE', #5281, 1000.000000000000000 ) ;
#10080 = EDGE_LOOP ( 'NONE', ( #7510, #5332, #8107, #9002, #3947, #9489 ) ) ;
#10081 = CARTESIAN_POINT ( 'NONE',  ( 1.600000000000000311, 0.000000000000000000, 0.5500000000000001554 ) ) ;
#10082 = CARTESIAN_POINT ( 'NONE',  ( -2.020000000000000462, 1.771951252225666185, -1.289983487832473630 ) ) ;
#10083 = LINE ( 'NONE', #5294, #1808 ) ;
#10084 = UNCERTAINTY_MEASURE_WITH_UNIT (LENGTH_MEASURE( 1.000000000000000082E-05 ), #10450, 'distance_accuracy_value', 'NONE');
#10085 = DIRECTION ( 'NONE',  ( 0.000000000000000000, -1.000000000000000000, 0.000000000000000000 ) ) ;
#10086 = COLOUR_RGB ( '',0.8431372549019607865, 0.8156862745098039102, 0.7529411764705882248 ) ;
#10087 = EDGE_CURVE ( 'NONE', #3241, #1647, #577, .T. ) ;
#10088 = FACE_OUTER_BOUND ( 'NONE', #7671, .T. ) ;
#10089 = COLOUR_RGB ( '',1.000000000000000000, 1.000000000000000000, 1.000000000000000000 ) ;
#10090 = ADVANCED_FACE ( 'NONE', ( #9586, #5513 ), #616, .F. ) ;
#10091 = CYLINDRICAL_SURFACE ( 'NONE', #4389, 0.1000000000000000472 ) ;
#10092 = DIRECTION ( 'NONE',  ( 0.2079116908177564838, 0.9781476007338062439, 0.000000000000000000 ) ) ;
#10093 = VERTEX_POINT ( 'NONE', #8189 ) ;
#10094 = ORIENTED_EDGE ( 'NONE', *, *, #1631, .F. ) ;
#10095 = CARTESIAN_POINT ( 'NONE',  ( 1.920000000000000373, 1.979372890325909351, 1.143292079575958242 ) ) ;
#10096 = ORIENTED_EDGE ( 'NONE', *, *, #7978, .T. ) ;
#10097 = DIRECTION ( 'NONE',  ( 0.000000000000000000, 0.000000000000000000, -1.000000000000000000 ) ) ;
#10098 = VERTEX_POINT ( 'NONE', #9749 ) ;
#10099 = STYLED_ITEM ( 'NONE', ( #6928 ), #6232 ) ;
#10100 = ADVANCED_FACE ( 'NONE', ( #5012 ), #6694, .T. ) ;
#10101 = CIRCLE ( 'NONE', #4937, 0.1000000000000000472 ) ;
#10102 = ORIENTED_EDGE ( 'NONE', *, *, #2943, .T. ) ;
#10103 = EDGE_LOOP ( 'NONE', ( #9296, #8220, #10583 ) ) ;
#10104 = CIRCLE ( 'NONE', #4429, 0.09999999999999985290 ) ;
#10105 = EDGE_LOOP ( 'NONE', ( #9007, #966, #8972, #319 ) ) ;
#10106 = LINE ( 'NONE', #5260, #1380 ) ;
#10107 = DIRECTION ( 'NONE',  ( 1.000000000000000000, 0.000000000000000000, 4.928191693115927811E-16 ) ) ;
#10108 = VERTEX_POINT ( 'NONE', #4090 ) ;
#10109 = CARTESIAN_POINT ( 'NONE',  ( 0.3999999999999998557, 2.500000000000000000, -1.000000000000000000 ) ) ;
#10110 = CARTESIAN_POINT ( 'NONE',  ( 1.302305608210474253, 1.840085404185341833, 1.471581654730258037 ) ) ;
#10111 = LINE ( 'NONE', #9338, #4904 ) ;
#10112 = CARTESIAN_POINT ( 'NONE',  ( -0.3999999999999998557, 1.449999999999999956, -1.100000000000000089 ) ) ;
#10113 = COLOUR_RGB ( '',1.000000000000000000, 1.000000000000000000, 1.000000000000000000 ) ;
#10114 = DIRECTION ( 'NONE',  ( -0.000000000000000000, 0.000000000000000000, -1.000000000000000000 ) ) ;
#10115 = CARTESIAN_POINT ( 'NONE',  ( -1.389289321881345574, 1.550000000000000266, 1.340142853498727860 ) ) ;
#10116 = VERTEX_POINT ( 'NONE', #9030 ) ;
#10117 = CARTESIAN_POINT ( 'NONE',  ( -1.975604176770530573, 1.477260098308209368, 1.435869690629616890 ) ) ;
#10118 = AXIS2_PLACEMENT_3D ( 'NONE', #132, #3498, #6001 ) ;
#10119 = VECTOR ( 'NONE', #2726, 1000.000000000000000 ) ;
#10120 = DIRECTION ( 'NONE',  ( 0.000000000000000000, 0.000000000000000000, 1.000000000000000000 ) ) ;
#10121 = VECTOR ( 'NONE', #4337, 1000.000000000000114 ) ;
#10122 = CARTESIAN_POINT ( 'NONE',  ( -1.311825581389000295, 1.450008882578243341, -1.476118209674089687 ) ) ;
#10123 = CARTESIAN_POINT ( 'NONE',  ( -1.593725830020304546, 1.749999999999999778, -1.093279938488576075 ) ) ;
#10124 =( LENGTH_UNIT ( ) NAMED_UNIT ( * ) SI_UNIT ( .MILLI., .METRE. ) );
#10125 = CIRCLE ( 'NONE', #1371, 0.09999999999999997780 ) ;
#10126 = AXIS2_PLACEMENT_3D ( 'NONE', #4981, #3335, #9923 ) ;
#10127 = ORIENTED_EDGE ( 'NONE', *, *, #8670, .T. ) ;
#10128 = CARTESIAN_POINT ( 'NONE',  ( -0.4000000000000001887, 2.400000000000000355, -1.100000000000000089 ) ) ;
#10129 = CARTESIAN_POINT ( 'NONE',  ( -1.983889762505499199, 1.494086527115527252, 1.420841858477391195 ) ) ;
#10130 = VERTEX_POINT ( 'NONE', #8933 ) ;
#10131 = CARTESIAN_POINT ( 'NONE',  ( -1.311825581389000739, 1.949991117421789655, 1.476118209674089687 ) ) ;
#10132 = AXIS2_PLACEMENT_3D ( 'NONE', #3214, #7435, #9854 ) ;
#10133 = CARTESIAN_POINT ( 'NONE',  ( 2.050000000000000266, 0.07000000000000000666, -0.5500000000000000444 ) ) ;
#10134 = DIRECTION ( 'NONE',  ( 0.9781476007338063550, -0.2079116908177557344, 0.000000000000000000 ) ) ;
#10135 = DIRECTION ( 'NONE',  ( -0.6803263325384226734, 0.2726025724560242613, -0.6803263325384205640 ) ) ;
#10136 = CARTESIAN_POINT ( 'NONE',  ( -2.026363480482510138, -0.6955033648010471303, -1.355000000000000204 ) ) ;
#10137 = PLANE ( 'NONE',  #3049 ) ;
#10138 = CIRCLE ( 'NONE', #9262, 0.1000000000000013517 ) ;
#10139 = CARTESIAN_POINT ( 'NONE',  ( -0.3999999999999999667, 2.500000000000000000, 0.000000000000000000 ) ) ;
#10140 = AXIS2_PLACEMENT_3D ( 'NONE', #3607, #1365, #6219 ) ;
#10141 = DIRECTION ( 'NONE',  ( 3.412117296977063918E-16, 0.9282544343432639344, 0.3719458362746745905 ) ) ;
#10142 = CARTESIAN_POINT ( 'NONE',  ( -1.805857864376268385, 1.849999999999999867, -0.7397265478953025664 ) ) ;
#10143 = ADVANCED_FACE ( 'NONE', ( #887 ), #7333, .F. ) ;
#10144 = ORIENTED_EDGE ( 'NONE', *, *, #4518, .F. ) ;
#10145 = VERTEX_POINT ( 'NONE', #3269 ) ;
#10146 = DIRECTION ( 'NONE',  ( 0.000000000000000000, 0.000000000000000000, -1.000000000000000000 ) ) ;
#10147 = VERTEX_POINT ( 'NONE', #9085 ) ;
#10148 = DIRECTION ( 'NONE',  ( -1.000000000000000000, 0.000000000000000000, 1.602269220421927623E-16 ) ) ;
#10149 = ORIENTED_EDGE ( 'NONE', *, *, #8244, .T. ) ;
#10150 = CARTESIAN_POINT ( 'NONE',  ( -1.804007243629380142, 1.793073672450191225, 1.492538888362404004 ) ) ;
#10151 = AXIS2_PLACEMENT_3D ( 'NONE', #965, #872, #5912 ) ;
#10152 = LINE ( 'NONE', #9328, #4071 ) ;
#10153 =( GEOMETRIC_REPRESENTATION_CONTEXT ( 3 ) GLOBAL_UNCERTAINTY_ASSIGNED_CONTEXT ( ( #7437 ) ) GLOBAL_UNIT_ASSIGNED_CONTEXT ( ( #6643, #7240, #3122 ) ) REPRESENTATION_CONTEXT ( 'NONE', 'WORKASPACE' ) );
#10154 = ORIENTED_EDGE ( 'NONE', *, *, #3903, .F. ) ;
#10155 = DIRECTION ( 'NONE',  ( 0.7071067811865441310, 0.000000000000000000, -0.7071067811865510144 ) ) ;
#10156 = EDGE_CURVE ( 'NONE', #3789, #863, #1802, .T. ) ;
#10157 = ADVANCED_FACE ( 'NONE', ( #2524 ), #4193, .T. ) ;
#10158 = EDGE_LOOP ( 'NONE', ( #4056, #1601, #6938, #5732 ) ) ;
#10159 = ORIENTED_EDGE ( 'NONE', *, *, #372, .F. ) ;
#10160 = FACE_OUTER_BOUND ( 'NONE', #9207, .T. ) ;
#10161 = DIRECTION ( 'NONE',  ( -4.928191693115927811E-16, 0.000000000000000000, -1.000000000000000000 ) ) ;
#10162 = EDGE_LOOP ( 'NONE', ( #1425, #8768, #8687, #4336 ) ) ;
#10163 = FILL_AREA_STYLE_COLOUR ( '', #593 ) ;
#10164 = DIRECTION ( 'NONE',  ( 0.000000000000000000, 0.000000000000000000, 1.000000000000000000 ) ) ;
#10165 = CARTESIAN_POINT ( 'NONE',  ( -1.500000000000000000, 0.07000000000000000666, 1.449999999999999289 ) ) ;
#10166 = CARTESIAN_POINT ( 'NONE',  ( 1.310883117545685650, 1.749999999999999778, -1.376122650963194527 ) ) ;
#10167 = DIRECTION ( 'NONE',  ( 0.000000000000000000, -1.000000000000000000, 0.000000000000000000 ) ) ;
#10168 = VERTEX_POINT ( 'NONE', #5877 ) ;
#10169 = DIRECTION ( 'NONE',  ( -0.000000000000000000, 0.000000000000000000, 1.000000000000000000 ) ) ;
#10170 = SURFACE_STYLE_USAGE ( .BOTH. , #7114 ) ;
#10171 = UNCERTAINTY_MEASURE_WITH_UNIT (LENGTH_MEASURE( 1.000000000000000082E-05 ), #9562, 'distance_accuracy_value', 'NONE');
#10172 = DIRECTION ( 'NONE',  ( -1.000000000000000000, 0.000000000000000000, -0.000000000000000000 ) ) ;
#10173 = CARTESIAN_POINT ( 'NONE',  ( -1.354314575050763469, 1.649999999999999911, -1.519554108468272213 ) ) ;
#10174 = DIRECTION ( 'NONE',  ( 0.000000000000000000, -1.000000000000000000, 0.000000000000000000 ) ) ;
#10175 = EDGE_LOOP ( 'NONE', ( #3797, #3194, #2455, #8634, #3739, #5372, #8067, #380, #1811, #2131, #3339, #7732 ) ) ;
#10176 = CARTESIAN_POINT ( 'NONE',  ( 1.910853531617384693, 1.449999999999999956, 0.8600000000000000977 ) ) ;
#10177 = CARTESIAN_POINT ( 'NONE',  ( 1.354314575050763025, 1.749999999999999778, -1.419554108468272124 ) ) ;
#10178 = ADVANCED_FACE ( 'NONE', ( #7434 ), #6634, .T. ) ;
#10179 = CYLINDRICAL_SURFACE ( 'NONE', #7530, 0.1000000000000000472 ) ;
#10180 = ORIENTED_EDGE ( 'NONE', *, *, #6750, .F. ) ;
#10181 = CARTESIAN_POINT ( 'NONE',  ( 1.252810866969983339, 1.649999999999999467, -1.476674426722931255 ) ) ;
#10182 = DIRECTION ( 'NONE',  ( -0.7071067811865496822, 0.000000000000000000, 0.7071067811865453523 ) ) ;
#10183 = DIRECTION ( 'NONE',  ( 0.000000000000000000, 0.000000000000000000, 1.000000000000000000 ) ) ;
#10184 = LINE ( 'NONE', #2794, #3502 ) ;
#10185 = CARTESIAN_POINT ( 'NONE',  ( 2.020000000000000462, 1.749999999999999778, -1.319554108468272036 ) ) ;
#10186 = CARTESIAN_POINT ( 'NONE',  ( 2.049999999999999822, 1.449999999999999956, -1.500000000000000000 ) ) ;
#10187 = DIRECTION ( 'NONE',  ( 0.000000000000000000, 0.000000000000000000, -1.000000000000000000 ) ) ;
#10188 = B_SPLINE_CURVE_WITH_KNOTS ( 'NONE', 3,
 ( #7295, #1051, #848, #6811, #4366, #4114, #2688, #5994, #1910, #7652 ),
 .UNSPECIFIED., .F., .F.,
 ( 4, 3, 3, 4 ),
 ( -1.251575583053393893E-07, 3.494010907423988899E-21, 2.778928985589476685E-05, 5.613193899903561274E-05 ),
 .UNSPECIFIED. ) ;
#10189 = CARTESIAN_POINT ( 'NONE',  ( 2.020000000000000462, 1.749999999999999778, 0.8538686835190337776 ) ) ;
#10190 = UNCERTAINTY_MEASURE_WITH_UNIT (LENGTH_MEASURE( 1.000000000000000082E-05 ), #4144, 'distance_accuracy_value', 'NONE');
#10191 =( LENGTH_UNIT ( ) NAMED_UNIT ( * ) SI_UNIT ( .MILLI., .METRE. ) );
#10192 = COLOUR_RGB ( '',1.000000000000000000, 1.000000000000000000, 1.000000000000000000 ) ;
#10193 = VERTEX_POINT ( 'NONE', #186 ) ;
#10194 = ORIENTED_EDGE ( 'NONE', *, *, #1476, .F. ) ;
#10195 = ORIENTED_EDGE ( 'NONE', *, *, #4951, .F. ) ;
#10196 = DIRECTION ( 'NONE',  ( 0.000000000000000000, -1.000000000000000000, 0.000000000000000000 ) ) ;
#10197 = ORIENTED_EDGE ( 'NONE', *, *, #1283, .T. ) ;
#10198 = CARTESIAN_POINT ( 'NONE',  ( -1.761347234272320428, 1.850551775759735840, 1.477626359043974658 ) ) ;
#10199 = EDGE_CURVE ( 'NONE', #2864, #4398, #3441, .T. ) ;
#10200 = EDGE_CURVE ( 'NONE', #9470, #5061, #773, .T. ) ;
#10201 = DIRECTION ( 'NONE',  ( 0.000000000000000000, -1.000000000000000000, 0.000000000000000000 ) ) ;
#10202 = LINE ( 'NONE', #2810, #7521 ) ;
#10203 = VERTEX_POINT ( 'NONE', #3213 ) ;
#10204 =( NAMED_UNIT ( * ) SI_UNIT ( $, .STERADIAN. ) SOLID_ANGLE_UNIT ( ) );
#10205 = EDGE_CURVE ( 'NONE', #9722, #9342, #9808, .T. ) ;
#10206 = EDGE_LOOP ( 'NONE', ( #6125, #3567, #2689, #10426, #725 ) ) ;
#10207 = EDGE_LOOP ( 'NONE', ( #665, #1169, #6516, #527 ) ) ;
#10208 = CARTESIAN_POINT ( 'NONE',  ( -2.020000000000000906, 1.809017335549510497, -0.8192971287692546456 ) ) ;
#10209 = VERTEX_POINT ( 'NONE', #3602 ) ;
#10210 = FACE_OUTER_BOUND ( 'NONE', #8276, .T. ) ;
#10211 = CARTESIAN_POINT ( 'NONE',  ( -1.735646275937245075, 1.850555928187842314, -1.478066932304617609 ) ) ;
#10212 = CARTESIAN_POINT ( 'NONE',  ( 1.210883117545685783, 1.750000000000000000, -1.376122650963194305 ) ) ;
#10213 = EDGE_CURVE ( 'NONE', #2661, #4930, #8499, .T. ) ;
#10214 = CIRCLE ( 'NONE', #8989, 0.1000000000000000472 ) ;
#10215 = EDGE_CURVE ( 'NONE', #866, #8481, #6101, .T. ) ;
#10216 = EDGE_CURVE ( 'NONE', #8540, #554, #3351, .T. ) ;
#10217 = VERTEX_POINT ( 'NONE', #2786 ) ;
#10218 = DIRECTION ( 'NONE',  ( 0.7071067811865461294, 0.000000000000000000, -0.7071067811865490160 ) ) ;
#10219 = VERTEX_POINT ( 'NONE', #10070 ) ;
#10220 = CARTESIAN_POINT ( 'NONE',  ( 1.888032633253842629, 1.566741114999319784, -1.487586741722114247 ) ) ;
#10221 = CIRCLE ( 'NONE', #7297, 0.09999999999999985290 ) ;
#10222 = LINE ( 'NONE', #6155, #7248 ) ;
#10223 = CARTESIAN_POINT ( 'NONE',  ( -1.327268482960745732, 1.549448224240262739, -1.477626359043974213 ) ) ;
#10224 = PRESENTATION_STYLE_ASSIGNMENT (( #7861 ) ) ;
#10225 = CARTESIAN_POINT ( 'NONE',  ( 1.978578643762690881, 1.549999999999999822, -0.8799999999999998934 ) ) ;
#10226 = AXIS2_PLACEMENT_3D ( 'NONE', #4214, #8356, #10030 ) ;
#10227 = EDGE_CURVE ( 'NONE', #3898, #2921, #1840, .T. ) ;
#10228 = EDGE_CURVE ( 'NONE', #1118, #2398, #5269, .T. ) ;
#10229 = ORIENTED_EDGE ( 'NONE', *, *, #1826, .T. ) ;
#10230 = SURFACE_STYLE_USAGE ( .BOTH. , #2842 ) ;
#10231 = DIRECTION ( 'NONE',  ( 0.000000000000000000, -1.000000000000000000, 0.000000000000000000 ) ) ;
#10232 = ORIENTED_EDGE ( 'NONE', *, *, #10077, .F. ) ;
#10233 = FACE_BOUND ( 'NONE', #4933, .T. ) ;
#10234 = CIRCLE ( 'NONE', #5422, 0.1000000000000001443 ) ;
#10235 = ORIENTED_EDGE ( 'NONE', *, *, #8354, .F. ) ;
#10236 = CARTESIAN_POINT ( 'NONE',  ( -1.210883117545685561, 1.750000000000000222, 1.376122650963194971 ) ) ;
#10237 = DIRECTION ( 'NONE',  ( 1.000000000000000000, 0.000000000000000000, -0.000000000000000000 ) ) ;
#10238 = CARTESIAN_POINT ( 'NONE',  ( 1.761347234272319984, 1.808512823836345040, 1.520110036656114438 ) ) ;
#10239 = PRESENTATION_STYLE_ASSIGNMENT (( #7610 ) ) ;
#10240 = PRESENTATION_STYLE_ASSIGNMENT (( #7770 ) ) ;
#10241 = DIRECTION ( 'NONE',  ( 0.000000000000000000, -1.000000000000000000, -0.000000000000000000 ) ) ;
#10242 = EDGE_CURVE ( 'NONE', #10108, #10401, #2011, .T. ) ;
#10243 = AXIS2_PLACEMENT_3D ( 'NONE', #7066, #3911, #10329 ) ;
#10244 = AXIS2_PLACEMENT_3D ( 'NONE', #939, #3390, #2537 ) ;
#10245 = CARTESIAN_POINT ( 'NONE',  ( 0.3999999999999998557, 1.449999999999999956, -1.259999999999999787 ) ) ;
#10246 = FACE_OUTER_BOUND ( 'NONE', #6612, .T. ) ;
#10247 = ORIENTED_EDGE ( 'NONE', *, *, #2538, .T. ) ;
#10248 = SURFACE_STYLE_FILL_AREA ( #4497 ) ;
#10249 = ORIENTED_EDGE ( 'NONE', *, *, #7876, .T. ) ;
#10250 = CYLINDRICAL_SURFACE ( 'NONE', #3479, 0.1000000000000000472 ) ;
#10251 = EDGE_LOOP ( 'NONE', ( #4746, #2814, #2056, #7736 ) ) ;
#10252 = DIRECTION ( 'NONE',  ( 0.000000000000000000, -0.000000000000000000, 1.000000000000000000 ) ) ;
#10253 = STYLED_ITEM ( 'NONE', ( #124 ), #10178 ) ;
#10254 = AXIS2_PLACEMENT_3D ( 'NONE', #6605, #2443, #2396 ) ;
#10255 = CARTESIAN_POINT ( 'NONE',  ( -1.920000000000000373, 1.649999999999999911, -1.319554108468272036 ) ) ;
#10256 = EDGE_LOOP ( 'NONE', ( #4845, #4834, #10229 ) ) ;
#10257 = CARTESIAN_POINT ( 'NONE',  ( 1.805857864376268385, 1.849999999999999867, 0.7397265478953025664 ) ) ;
#10258 = VERTEX_POINT ( 'NONE', #8550 ) ;
#10259 = ORIENTED_EDGE ( 'NONE', *, *, #3632, .T. ) ;
#10260 = ADVANCED_FACE ( 'NONE', ( #238 ), #7761, .F. ) ;
#10261 = DIRECTION ( 'NONE',  ( 0.7071067811865449082, -0.000000000000000000, 0.7071067811865502373 ) ) ;
#10262 = CARTESIAN_POINT ( 'NONE',  ( -2.020000000000000462, 1.495475424902269257, 1.354819520443687697 ) ) ;
#10263 = VERTEX_POINT ( 'NONE', #5184 ) ;
#10264 = CYLINDRICAL_SURFACE ( 'NONE', #6601, 0.09999999999999985290 ) ;
#10265 = EDGE_CURVE ( 'NONE', #7199, #240, #4050, .T. ) ;
#10266 = CARTESIAN_POINT ( 'NONE',  ( -1.978072250575702462, 1.850551775759736728, 1.277623097029730870 ) ) ;
#10267 = DIRECTION ( 'NONE',  ( 0.7071067811865474617, 0.000000000000000000, 0.7071067811865474617 ) ) ;
#10268 = LINE ( 'NONE', #1191, #9594 ) ;
#10269 = EDGE_CURVE ( 'NONE', #7423, #2217, #9407, .T. ) ;
#10271 = VERTEX_POINT ( 'NONE', #1258 ) ;
#10270 = CIRCLE ( 'NONE', #4608, 0.1000000000000000472 ) ;
#10272 = DIRECTION ( 'NONE',  ( 0.000000000000000000, 0.000000000000000000, -1.000000000000000000 ) ) ;
#10273 = ORIENTED_EDGE ( 'NONE', *, *, #6907, .F. ) ;
#10274 = DIRECTION ( 'NONE',  ( 0.7071067811865456854, -0.000000000000000000, 0.7071067811865493491 ) ) ;
#10275 = ADVANCED_FACE ( 'NONE', ( #289 ), #402, .T. ) ;
#10276 = DIRECTION ( 'NONE',  ( 0.000000000000000000, 1.000000000000000000, 0.000000000000000000 ) ) ;
#10277 = DIRECTION ( 'NONE',  ( 9.866381877431726115E-16, 0.000000000000000000, 1.000000000000000000 ) ) ;
#10278 = VECTOR ( 'NONE', #7606, 999.9999999999998863 ) ;
#10279 = DIRECTION ( 'NONE',  ( 0.000000000000000000, 0.000000000000000000, 1.000000000000000000 ) ) ;
#10280 = CIRCLE ( 'NONE', #8383, 0.1000000000000000472 ) ;
#10281 = MECHANICAL_DESIGN_GEOMETRIC_PRESENTATION_REPRESENTATION (  '', ( #6511 ), #1192 ) ;
#10282 = EDGE_LOOP ( 'NONE', ( #3684, #10197, #6241 ) ) ;
#10283 = PRESENTATION_STYLE_ASSIGNMENT (( #10230 ) ) ;
#10284 = PRESENTATION_STYLE_ASSIGNMENT (( #2744 ) ) ;
#10285 = ORIENTED_EDGE ( 'NONE', *, *, #8596, .T. ) ;
#10286 = AXIS2_PLACEMENT_3D ( 'NONE', #103, #1514, #10383 ) ;
#10287 = PRESENTATION_STYLE_ASSIGNMENT (( #1263 ) ) ;
#10288 = EDGE_CURVE ( 'NONE', #4556, #9151, #2173, .T. ) ;
#10289 = ORIENTED_EDGE ( 'NONE', *, *, #8474, .T. ) ;
#10290 = ADVANCED_FACE ( 'NONE', ( #5591 ), #603, .T. ) ;
#10291 = CARTESIAN_POINT ( 'NONE',  ( 1.978072250575702906, 1.787399814323858971, 1.328538016135581090 ) ) ;
#10292 = CARTESIAN_POINT ( 'NONE',  ( 1.302305608210474475, 1.560412916578077125, 1.418709745098121866 ) ) ;
#10293 = CARTESIAN_POINT ( 'NONE',  ( 1.906297506684001553, 1.749999999999999778, 0.6979586327827718151 ) ) ;
#10294 = LINE ( 'NONE', #6224, #8162 ) ;
#10295 = CIRCLE ( 'NONE', #165, 0.1000000000000000472 ) ;
#10296 = DIRECTION ( 'NONE',  ( -0.000000000000000000, -1.000000000000000000, -0.000000000000000000 ) ) ;
#10297 = AXIS2_PLACEMENT_3D ( 'NONE', #389, #4519, #1344 ) ;
#10298 = CARTESIAN_POINT ( 'NONE',  ( 2.299767353907860468, 0.5907607301639083985, 0.7950000000000002620 ) ) ;
#10299 = CIRCLE ( 'NONE', #2383, 0.09999999999999982514 ) ;
#10300 = DIRECTION ( 'NONE',  ( -1.000000000000000000, -0.000000000000000000, 0.000000000000000000 ) ) ;
#10301 =( GEOMETRIC_REPRESENTATION_CONTEXT ( 3 ) GLOBAL_UNCERTAINTY_ASSIGNED_CONTEXT ( ( #4240 ) ) GLOBAL_UNIT_ASSIGNED_CONTEXT ( ( #7566, #4215, #5362 ) ) REPRESENTATION_CONTEXT ( 'NONE', 'WORKASPACE' ) );
#10302 = CARTESIAN_POINT ( 'NONE',  ( -1.876568542494923664, 1.849999999999999867, 0.8104372260139570683 ) ) ;
#10303 = AXIS2_PLACEMENT_3D ( 'NONE', #6630, #4402, #6142 ) ;
#10304 = AXIS2_PLACEMENT_3D ( 'NONE', #9697, #7389, #4148 ) ;
#10305 = VECTOR ( 'NONE', #1006, 1000.000000000000000 ) ;
#10306 = DIRECTION ( 'NONE',  ( -1.000000000000000000, 0.000000000000000000, -0.000000000000000000 ) ) ;
#10307 = ORIENTED_EDGE ( 'NONE', *, *, #9412, .T. ) ;
#10308 = ORIENTED_EDGE ( 'NONE', *, *, #2746, .F. ) ;
#10309 = DIRECTION ( 'NONE',  ( 0.000000000000000000, -1.000000000000000000, 0.000000000000000000 ) ) ;
#10310 = ORIENTED_EDGE ( 'NONE', *, *, #7246, .F. ) ;
#10311 = CARTESIAN_POINT ( 'NONE',  ( -2.049999999999999822, 0.07000000000000022871, -0.5500000000000000444 ) ) ;
#10312 = AXIS2_PLACEMENT_3D ( 'NONE', #982, #5886, #1156 ) ;
#10313 = VECTOR ( 'NONE', #9742, 1000.000000000000000 ) ;
#10314 = CARTESIAN_POINT ( 'NONE',  ( -1.210883117545685783, 1.650000000000000133, 1.376122650963194527 ) ) ;
#10315 = VERTEX_POINT ( 'NONE', #562 ) ;
#10316 = CARTESIAN_POINT ( 'NONE',  ( -1.919137802864846698, 1.449999999999999956, -0.9799999999999999822 ) ) ;
#10317 = VERTEX_POINT ( 'NONE', #10434 ) ;
#10318 = VERTEX_POINT ( 'NONE', #2945 ) ;
#10319 = FILL_AREA_STYLE ('',( #9549 ) ) ;
#10320 = VERTEX_POINT ( 'NONE', #9467 ) ;
#10321 = CARTESIAN_POINT ( 'NONE',  ( -1.975604021008832811, 1.477260257245453845, 1.435869782706140185 ) ) ;
#10322 = DIRECTION ( 'NONE',  ( 0.7071067811865456854, -0.000000000000000000, -0.7071067811865493491 ) ) ;
#10323 = APPLICATION_PROTOCOL_DEFINITION ( 'draft international standard', 'automotive_design', 1998, #957 ) ;
#10324 =( BOUNDED_SURFACE ( )  B_SPLINE_SURFACE ( 3, 3, ( 
 ( #3020, #3074, #8675, #737 ),
 ( #7290, #3890, #584, #1328 ),
 ( #7185, #10558, #4604, #6238 ),
 ( #7885, #10358, #1427, #6392 ) ),
 .UNSPECIFIED., .F., .F., .F. ) 
 B_SPLINE_SURFACE_WITH_KNOTS ( ( 4, 4 ),
 ( 4, 4 ),
 ( 0.000000000000000000, 1.000000000000000000 ),
 ( 0.000000000000000000, 1.000000000000000000 ),
 .UNSPECIFIED. ) 
 GEOMETRIC_REPRESENTATION_ITEM ( )  RATIONAL_B_SPLINE_SURFACE ( (
 ( 1.000000000000000000, 0.8025111867385933406, 0.8025111867385933406, 1.000000000000000000),
 ( 0.8002741005225356696, 0.6422289181265004032, 0.6422289181265004032, 0.8002741005225356696),
 ( 0.8002741005225356696, 0.6422289181265004032, 0.6422289181265004032, 0.8002741005225356696),
 ( 1.000000000000000000, 0.8025111867385933406, 0.8025111867385933406, 1.000000000000000000) ) ) 
 REPRESENTATION_ITEM ( '' )  SURFACE ( )  );
#10325 = STYLED_ITEM ( 'NONE', ( #6871 ), #4080 ) ;
#10326 = VERTEX_POINT ( 'NONE', #7916 ) ;
#10327 = CARTESIAN_POINT ( 'NONE',  ( 1.988032633253842940, 1.566741114999317785, 1.387586741722114159 ) ) ;
#10328 = ORIENTED_EDGE ( 'NONE', *, *, #8757, .F. ) ;
#10329 = DIRECTION ( 'NONE',  ( 0.000000000000000000, -0.000000000000000000, 1.000000000000000000 ) ) ;
#10330 = FILL_AREA_STYLE_COLOUR ( '', #7746 ) ;
#10331 =( BOUNDED_SURFACE ( )  B_SPLINE_SURFACE ( 3, 2, ( 
 ( #1909, #7650, #5772 ),
 ( #2686, #9036, #892 ),
 ( #73, #8243, #4313 ),
 ( #6639, #7439, #4254 ) ),
 .UNSPECIFIED., .F., .F., .F. ) 
 B_SPLINE_SURFACE_WITH_KNOTS ( ( 4, 4 ),
 ( 3, 3 ),
 ( 0.0002758777686983616929, 0.0003154662155146101504 ),
 ( 0.000000000000000000, 1.000000000000000000 ),
 .UNSPECIFIED. ) 
 GEOMETRIC_REPRESENTATION_ITEM ( )  RATIONAL_B_SPLINE_SURFACE ( (
 ( 1.000000000000000000, 0.9808805871844664681, 1.000000000000000000),
 ( 1.000000000000000000, 0.9937896904765558537, 1.000000000000000000),
 ( 1.000000000000000000, 1.000037153824649971, 1.000000000000000000),
 ( 1.000000000000000000, 1.000000000000000000, 1.000000000000000000) ) ) 
 REPRESENTATION_ITEM ( '' )  SURFACE ( )  );
#10332 = LINE ( 'NONE', #7701, #5872 ) ;
#10333 = CIRCLE ( 'NONE', #9987, 0.1100000014699854534 ) ;
#10334 = LINE ( 'NONE', #2942, #967 ) ;
#10335 = DIRECTION ( 'NONE',  ( -0.000000000000000000, 0.000000000000000000, 1.000000000000000000 ) ) ;
#10336 = DIRECTION ( 'NONE',  ( 0.000000000000000000, -1.000000000000000000, 0.000000000000000000 ) ) ;
#10337 = CIRCLE ( 'NONE', #1586, 1.259999999999999787 ) ;
#10338 = EDGE_LOOP ( 'NONE', ( #7182, #2103, #9846, #9275 ) ) ;
#10339 = CARTESIAN_POINT ( 'NONE',  ( -0.4000000000000001887, 2.500000000000000000, -1.000000000000000000 ) ) ;
#10340 = CARTESIAN_POINT ( 'NONE',  ( 1.460000000000000187, 1.550000000000000266, 1.410853531617383361 ) ) ;
#10341 = EDGE_LOOP ( 'NONE', ( #8996, #8261, #10308 ) ) ;
#10342 = CARTESIAN_POINT ( 'NONE',  ( 1.910853531617384915, 1.449999999999999956, -0.9600000000000000755 ) ) ;
#10343 = EDGE_LOOP ( 'NONE', ( #9286, #1200, #7799, #9521, #6728, #3464, #2779, #3336, #2403, #4822, #6182, #6998 ) ) ;
#10344 = CARTESIAN_POINT ( 'NONE',  ( 1.919057536156685950, 1.787192931708477150, 1.328021705193536350 ) ) ;
#10345 = CARTESIAN_POINT ( 'NONE',  ( 1.735646275937245075, 1.850555928187842314, 1.478066932304617609 ) ) ;
#10346 = CARTESIAN_POINT ( 'NONE',  ( -1.639999999999999458, 1.550000000000000266, 0.2144761058952750765 ) ) ;
#10347 = CARTESIAN_POINT ( 'NONE',  ( 2.020000000000000462, 1.749999999999999778, -0.8538686835190339997 ) ) ;
#10348 = FACE_OUTER_BOUND ( 'NONE', #1248, .T. ) ;
#10349 = LINE ( 'NONE', #578, #5 ) ;
#10350 = SURFACE_SIDE_STYLE ('',( #522 ) ) ;
#10351 = EDGE_CURVE ( 'NONE', #10258, #2718, #8856, .T. ) ;
#10352 = EDGE_CURVE ( 'NONE', #8591, #5090, #2263, .T. ) ;
#10353 = ADVANCED_FACE ( 'NONE', ( #6421 ), #9515, .T. ) ;
#10354 = LINE ( 'NONE', #9532, #5816 ) ;
#10355 = ADVANCED_FACE ( 'NONE', ( #3051 ), #505, .T. ) ;
#10356 = ORIENTED_EDGE ( 'NONE', *, *, #4545, .F. ) ;
#10357 = ORIENTED_EDGE ( 'NONE', *, *, #6444, .T. ) ;
#10358 = CARTESIAN_POINT ( 'NONE',  ( -1.805194582267281245, 1.820427584973231872, 0.7697627741596239082 ) ) ;
#10359 = DIRECTION ( 'NONE',  ( 0.000000000000000000, 0.000000000000000000, -1.000000000000000000 ) ) ;
#10360 = LINE ( 'NONE', #4505, #8442 ) ;
#10361 = ORIENTED_EDGE ( 'NONE', *, *, #376, .F. ) ;
#10362 = LINE ( 'NONE', #3737, #9782 ) ;
#10363 = VERTEX_POINT ( 'NONE', #1512 ) ;
#10364 = VERTEX_POINT ( 'NONE', #1356 ) ;
#10365 = DIRECTION ( 'NONE',  ( -0.7071067811865449082, -0.000000000000000000, 0.7071067811865502373 ) ) ;
#10366 = ORIENTED_EDGE ( 'NONE', *, *, #4698, .F. ) ;
#10367 = DIRECTION ( 'NONE',  ( -0.7071067811865474617, 0.000000000000000000, -0.7071067811865474617 ) ) ;
#10368 = CARTESIAN_POINT ( 'NONE',  ( -1.240172439427031037, 1.649999999999999911, 1.446833329081849362 ) ) ;
#10369 = DIRECTION ( 'NONE',  ( -1.000000000000000000, 0.000000000000000000, 0.000000000000000000 ) ) ;
#10370 = ADVANCED_FACE ( 'NONE', ( #5388 ), #8652, .F. ) ;
#10371 = EDGE_CURVE ( 'NONE', #7103, #7841, #657, .T. ) ;
#10372 = ORIENTED_EDGE ( 'NONE', *, *, #501, .T. ) ;
#10373 = LINE ( 'NONE', #7063, #3361 ) ;
#10374 = ORIENTED_EDGE ( 'NONE', *, *, #9005, .T. ) ;
#10375 = CARTESIAN_POINT ( 'NONE',  ( 1.805194582267281467, 1.649999999999999911, -0.7403961109355765569 ) ) ;
#10376 = CARTESIAN_POINT ( 'NONE',  ( -1.920000000000000373, 1.749999999999999778, -0.8538686835190339997 ) ) ;
#10377 =( BOUNDED_CURVE ( )  B_SPLINE_CURVE ( 3, ( #2470, #9646, #4736, #3113 ),
 .UNSPECIFIED., .F., .F. ) 
 B_SPLINE_CURVE_WITH_KNOTS ( ( 4, 4 ),
 ( 0.000000000000000000, 1.000000000000000000 ),
 .UNSPECIFIED. ) 
 CURVE ( )  GEOMETRIC_REPRESENTATION_ITEM ( )  RATIONAL_B_SPLINE_CURVE ( ( 1.000000000000000000, 1.000000002273007338, 0.9999996200638949784, 0.9999988303070547202 ) ) 
 REPRESENTATION_ITEM ( '' )  );
#10378 = DIRECTION ( 'NONE',  ( 0.000000000000000000, 0.000000000000000000, -1.000000000000000000 ) ) ;
#10379 = FACE_OUTER_BOUND ( 'NONE', #766, .T. ) ;
#10380 = EDGE_CURVE ( 'NONE', #9991, #5153, #2206, .T. ) ;
#10381 = ORIENTED_EDGE ( 'NONE', *, *, #617, .T. ) ;
#10382 = CIRCLE ( 'NONE', #7468, 0.2000000000000005107 ) ;
#10383 = DIRECTION ( 'NONE',  ( 0.000000000000000000, 0.000000000000000000, -1.000000000000000000 ) ) ;
#10384 = ORIENTED_EDGE ( 'NONE', *, *, #6437, .T. ) ;
#10385 = VERTEX_POINT ( 'NONE', #4581 ) ;
#10386 = CARTESIAN_POINT ( 'NONE',  ( -2.100000000000000533, 1.449999999999999956, 1.500000000000000000 ) ) ;
#10387 = ADVANCED_FACE ( 'NONE', ( #8759 ), #1450, .F. ) ;
#10388 = CARTESIAN_POINT ( 'NONE',  ( 1.302305608210474475, 1.597125742069206655, 1.509145170888289478 ) ) ;
#10389 = DIRECTION ( 'NONE',  ( -0.000000000000000000, 1.000000000000000000, -0.000000000000000000 ) ) ;
#10390 = CARTESIAN_POINT ( 'NONE',  ( -2.050000000000000266, 0.07000000000000000666, 0.5500000000000000444 ) ) ;
#10391 = CIRCLE ( 'NONE', #5753, 0.1000000000000000472 ) ;
#10392 = EDGE_CURVE ( 'NONE', #3417, #10385, #6579, .T. ) ;
#10393 = CYLINDRICAL_SURFACE ( 'NONE', #1846, 1.259999999999999787 ) ;
#10394 = DIRECTION ( 'NONE',  ( 0.000000000000000000, 1.000000000000000000, 0.000000000000000000 ) ) ;
#10395 = AXIS2_PLACEMENT_3D ( 'NONE', #1042, #6803, #5182 ) ;
#10396 = PLANE ( 'NONE',  #4796 ) ;
#10397 = ADVANCED_FACE ( 'NONE', ( #9793 ), #9073, .F. ) ;
#10398 = DIRECTION ( 'NONE',  ( -0.7071067811865465735, 0.000000000000000000, 0.7071067811865483499 ) ) ;
#10399 = DIRECTION ( 'NONE',  ( 0.000000000000000000, 0.000000000000000000, -1.000000000000000000 ) ) ;
#10400 = CIRCLE ( 'NONE', #2825, 0.1000000000000000472 ) ;
#10401 = VERTEX_POINT ( 'NONE', #8918 ) ;
#10402 =( LENGTH_UNIT ( ) NAMED_UNIT ( * ) SI_UNIT ( .MILLI., .METRE. ) );
#10403 = EDGE_CURVE ( 'NONE', #4561, #3738, #1572, .T. ) ;
#10404 = CARTESIAN_POINT ( 'NONE',  ( -1.600000000000000755, 0.000000000000000000, 0.5500000000000001554 ) ) ;
#10405 = EDGE_CURVE ( 'NONE', #4575, #8657, #1675, .T. ) ;
#10406 = CARTESIAN_POINT ( 'NONE',  ( -1.399999999999999911, 0.07000000000000000666, -1.449999999999999956 ) ) ;
#10407 = VECTOR ( 'NONE', #597, 1000.000000000000000 ) ;
#10408 = EDGE_CURVE ( 'NONE', #8898, #637, #9908, .T. ) ;
#10409 = AXIS2_PLACEMENT_3D ( 'NONE', #8088, #730, #7283 ) ;
#10410 = DIRECTION ( 'NONE',  ( 0.000000000000000000, -0.000000000000000000, -1.000000000000000000 ) ) ;
#10411 = DIRECTION ( 'NONE',  ( -0.000000000000000000, -0.000000000000000000, 1.000000000000000000 ) ) ;
#10412 =( GEOMETRIC_REPRESENTATION_CONTEXT ( 3 ) GLOBAL_UNCERTAINTY_ASSIGNED_CONTEXT ( ( #6097 ) ) GLOBAL_UNIT_ASSIGNED_CONTEXT ( ( #5547, #8859, #8707 ) ) REPRESENTATION_CONTEXT ( 'NONE', 'WORKASPACE' ) );
#10413 = FACE_OUTER_BOUND ( 'NONE', #2608, .T. ) ;
#10414 = VERTEX_POINT ( 'NONE', #7373 ) ;
#10415 = ORIENTED_EDGE ( 'NONE', *, *, #5782, .F. ) ;
#10416 = DIRECTION ( 'NONE',  ( -3.412117296977063918E-16, -0.9282544343432639344, 0.3719458362746745905 ) ) ;
#10417 = SURFACE_STYLE_USAGE ( .BOTH. , #6194 ) ;
#10418 = VERTEX_POINT ( 'NONE', #3258 ) ;
#10419 = DIRECTION ( 'NONE',  ( 1.000000000000000000, 0.000000000000000000, 4.928191693115927811E-16 ) ) ;
#10420 = EDGE_CURVE ( 'NONE', #8219, #6565, #7316, .T. ) ;
#10421 = CARTESIAN_POINT ( 'NONE',  ( 1.302305608210474253, 1.750000000000000000, 1.509145170888289256 ) ) ;
#10422 = ORIENTED_EDGE ( 'NONE', *, *, #8773, .T. ) ;
#10423 = CARTESIAN_POINT ( 'NONE',  ( 2.100000000000000089, 1.550000000000000266, 1.410853531617383361 ) ) ;
#10424 = VECTOR ( 'NONE', #9458, 1000.000000000000000 ) ;
#10425 = VERTEX_POINT ( 'NONE', #6677 ) ;
#10426 = ORIENTED_EDGE ( 'NONE', *, *, #6577, .T. ) ;
#10427 = PRESENTATION_STYLE_ASSIGNMENT (( #3646 ) ) ;
#10428 = DIRECTION ( 'NONE',  ( 0.000000000000000000, -1.000000000000000000, 0.000000000000000000 ) ) ;
#10429 = CARTESIAN_POINT ( 'NONE',  ( 1.846839578305846663, 1.536900777156471998, -0.7451183755087186222 ) ) ;
#10430 =( NAMED_UNIT ( * ) PLANE_ANGLE_UNIT ( ) SI_UNIT ( $, .RADIAN. ) );
#10431 = DIRECTION ( 'NONE',  ( 0.000000000000000000, 0.000000000000000000, -1.000000000000000000 ) ) ;
#10432 = CARTESIAN_POINT ( 'NONE',  ( -1.920000000000000151, 1.749999999999999778, -0.8538686835190343327 ) ) ;
#10433 = COLOUR_RGB ( '',0.8431372549019607865, 0.8156862745098039102, 0.7529411764705882248 ) ;
#10434 = CARTESIAN_POINT ( 'NONE',  ( 1.210883117545685783, 1.749999999999999778, -1.376122650963194527 ) ) ;
#10435 = AXIS2_PLACEMENT_3D ( 'NONE', #6499, #10565, #3236 ) ;
#10436 = ORIENTED_EDGE ( 'NONE', *, *, #1610, .T. ) ;
#10437 = CYLINDRICAL_SURFACE ( 'NONE', #4742, 0.1000000000000000472 ) ;
#10438 = DIRECTION ( 'NONE',  ( 0.2079116908177564838, 0.9781476007338062439, -4.891300272445396402E-16 ) ) ;
#10439 = VERTEX_POINT ( 'NONE', #9950 ) ;
#10440 = CARTESIAN_POINT ( 'NONE',  ( 1.978072250575702906, 1.808901866519355917, 0.7533169077592970497 ) ) ;
#10441 = AXIS2_PLACEMENT_3D ( 'NONE', #6804, #10008, #9244 ) ;
#10442 = CARTESIAN_POINT ( 'NONE',  ( 1.460000000000000187, 1.550000000000000266, -0.8600000000000003197 ) ) ;
#10443 = ORIENTED_EDGE ( 'NONE', *, *, #3956, .F. ) ;
#10444 = DIRECTION ( 'NONE',  ( 0.3719458362746793090, -0.9282544343432621581, 1.193913209536247214E-14 ) ) ;
#10445 = AXIS2_PLACEMENT_3D ( 'NONE', #5884, #7653, #130 ) ;
#10446 = CARTESIAN_POINT ( 'NONE',  ( 1.876568542494923664, 1.649999999999999911, -0.8104372260139570683 ) ) ;
#10447 = DIRECTION ( 'NONE',  ( 0.000000000000000000, -1.000000000000000000, 0.000000000000000000 ) ) ;
#10448 = CARTESIAN_POINT ( 'NONE',  ( 2.020000000000000462, 1.750000000000000000, -0.8538686835190336666 ) ) ;
#10449 = CARTESIAN_POINT ( 'NONE',  ( -1.876568542494923664, 1.849999999999999867, 0.8104372260139570683 ) ) ;
#10450 =( LENGTH_UNIT ( ) NAMED_UNIT ( * ) SI_UNIT ( .MILLI., .METRE. ) );
#10451 = PRESENTATION_LAYER_ASSIGNMENT (  '', '', ( #154 ) ) ;
#10452 = CARTESIAN_POINT ( 'NONE',  ( 1.409289321881345591, 1.449999999999999956, -1.348427124746189865 ) ) ;
#10453 = CIRCLE ( 'NONE', #1196, 0.1000000000000000472 ) ;
#10454 = FACE_OUTER_BOUND ( 'NONE', #4363, .T. ) ;
#10455 =( NAMED_UNIT ( * ) SI_UNIT ( $, .STERADIAN. ) SOLID_ANGLE_UNIT ( ) );
#10456 = ORIENTED_EDGE ( 'NONE', *, *, #7364, .F. ) ;
#10457 = AXIS2_PLACEMENT_3D ( 'NONE', #1247, #5217, #8486 ) ;
#10458 = DIRECTION ( 'NONE',  ( -0.7071067811865449082, -0.000000000000000000, 0.7071067811865502373 ) ) ;
#10459 = DIRECTION ( 'NONE',  ( 0.000000000000000000, -1.000000000000000000, 0.000000000000000000 ) ) ;
#10460 = CARTESIAN_POINT ( 'NONE',  ( 1.804007243629380142, 1.823387492217884542, -1.461938012730517267 ) ) ;
#10461 = CARTESIAN_POINT ( 'NONE',  ( 1.460000000000000187, 1.550000000000000266, -1.419554108468271902 ) ) ;
#10462 = VECTOR ( 'NONE', #5425, 1000.000000000000000 ) ;
#10463 = VECTOR ( 'NONE', #4108, 1000.000000000000000 ) ;
#10464 = EDGE_CURVE ( 'NONE', #7359, #3970, #2566, .T. ) ;
#10465 = CARTESIAN_POINT ( 'NONE',  ( 1.978578643762690437, 1.550000000000000044, 0.8799999999999997824 ) ) ;
#10466 = CARTESIAN_POINT ( 'NONE',  ( -1.919057536156685284, 1.849995558710894938, 0.7952926414032668312 ) ) ;
#10467 = DIRECTION ( 'NONE',  ( -0.7071067811865449082, -0.000000000000000000, -0.7071067811865502373 ) ) ;
#10468 = ORIENTED_EDGE ( 'NONE', *, *, #4655, .F. ) ;
#10469 = ORIENTED_EDGE ( 'NONE', *, *, #4459, .F. ) ;
#10470 = CARTESIAN_POINT ( 'NONE',  ( 1.920000000000000373, 1.649999999999999911, -0.8538686835190338886 ) ) ;
#10471 = VERTEX_POINT ( 'NONE', #5049 ) ;
#10472 = DIRECTION ( 'NONE',  ( 1.000000000000000000, -0.000000000000000000, 0.000000000000000000 ) ) ;
#10473 = AXIS2_PLACEMENT_3D ( 'NONE', #4829, #4877, #4003 ) ;
#10474 = ORIENTED_EDGE ( 'NONE', *, *, #3330, .F. ) ;
#10475 = CARTESIAN_POINT ( 'NONE',  ( 1.961421356237310176, 1.449999999999999734, -1.460975464705581484 ) ) ;
#10476 = CIRCLE ( 'NONE', #7060, 0.1000000000000013517 ) ;
#10477 = VECTOR ( 'NONE', #4342, 1000.000000000000000 ) ;
#10478 = EDGE_CURVE ( 'NONE', #5029, #814, #718, .T. ) ;
#10479 = EDGE_CURVE ( 'NONE', #6661, #2177, #4364, .T. ) ;
#10480 = EDGE_CURVE ( 'NONE', #2722, #5710, #4544, .T. ) ;
#10481 = ORIENTED_EDGE ( 'NONE', *, *, #3981, .F. ) ;
#10482 =( GEOMETRIC_REPRESENTATION_CONTEXT ( 3 ) GLOBAL_UNCERTAINTY_ASSIGNED_CONTEXT ( ( #586 ) ) GLOBAL_UNIT_ASSIGNED_CONTEXT ( ( #5394, #6264, #7124 ) ) REPRESENTATION_CONTEXT ( 'NONE', 'WORKASPACE' ) );
#10483 = DIRECTION ( 'NONE',  ( 0.000000000000000000, -1.000000000000000000, 0.000000000000000000 ) ) ;
#10484 = ORIENTED_EDGE ( 'NONE', *, *, #8596, .F. ) ;
#10485 = CARTESIAN_POINT ( 'NONE',  ( -1.500000000000000000, 0.07000000000000000666, -1.449999999999999289 ) ) ;
#10486 = DIRECTION ( 'NONE',  ( 0.9781476007338062439, 0.2079116908177564282, 0.000000000000000000 ) ) ;
#10487 = DIRECTION ( 'NONE',  ( 0.7071067811865474617, 0.000000000000000000, -0.7071067811865474617 ) ) ;
#10488 = CARTESIAN_POINT ( 'NONE',  ( 1.919057536156685284, 1.550004441289105195, 0.7952926414032664981 ) ) ;
#10489 = DIRECTION ( 'NONE',  ( -1.000000000000000000, -0.000000000000000000, 5.732077271949496718E-16 ) ) ;
#10490 = CARTESIAN_POINT ( 'NONE',  ( -2.599999999999999645, 2.458578643762690863, -1.099999999999999645 ) ) ;
#10491 = CARTESIAN_POINT ( 'NONE',  ( 2.020000000000000462, 1.495475424902269257, -1.354819520443687919 ) ) ;
#10492 = ORIENTED_EDGE ( 'NONE', *, *, #10609, .F. ) ;
#10493 = CARTESIAN_POINT ( 'NONE',  ( 2.020000000000000462, 1.809017335549510719, 0.8538686835190345548 ) ) ;
#10494 = MECHANICAL_DESIGN_GEOMETRIC_PRESENTATION_REPRESENTATION (  '', ( #8423 ), #5181 ) ;
#10495 = SURFACE_STYLE_FILL_AREA ( #17 ) ;
#10496 = EDGE_LOOP ( 'NONE', ( #1182, #568, #1338 ) ) ;
#10497 = LINE ( 'NONE', #1774, #2405 ) ;
#10498 = FILL_AREA_STYLE_COLOUR ( '', #5364 ) ;
#10499 = CARTESIAN_POINT ( 'NONE',  ( 2.100000000000000089, 0.1800000000000006317, -0.7949999999999999289 ) ) ;
#10500 = DIRECTION ( 'NONE',  ( 0.000000000000000000, 0.000000000000000000, -1.000000000000000000 ) ) ;
#10501 = CARTESIAN_POINT ( 'NONE',  ( -2.299767353907859579, 0.5907607301639081765, 1.355000000000000426 ) ) ;
#10502 = DIRECTION ( 'NONE',  ( -0.7071067811865501263, 0.000000000000000000, -0.7071067811865447972 ) ) ;
#10503 = CARTESIAN_POINT ( 'NONE',  ( -1.961421356237310176, 1.449999999999999734, 1.460975464705581484 ) ) ;
#10504 = DIRECTION ( 'NONE',  ( -0.000000000000000000, 1.000000000000000000, -0.000000000000000000 ) ) ;
#10505 = EDGE_CURVE ( 'NONE', #1881, #8645, #2979, .T. ) ;
#10506 = EDGE_CURVE ( 'NONE', #6158, #2864, #7529, .T. ) ;
#10507 = DIRECTION ( 'NONE',  ( 0.000000000000000000, -1.000000000000000000, 0.000000000000000000 ) ) ;
#10508 = PRESENTATION_STYLE_ASSIGNMENT (( #8982 ) ) ;
#10509 = ORIENTED_EDGE ( 'NONE', *, *, #4833, .F. ) ;
#10510 = DIRECTION ( 'NONE',  ( -1.000000000000000000, -0.000000000000000000, -0.000000000000000000 ) ) ;
#10511 = CARTESIAN_POINT ( 'NONE',  ( -2.695632825456600656, 1.777260257245602437, 0.5956328254565980140 ) ) ;
#10512 = CARTESIAN_POINT ( 'NONE',  ( 1.979383066366663391, 1.459345992368362044, 1.439268872980567160 ) ) ;
#10513 = DIRECTION ( 'NONE',  ( -1.000000000000000000, -0.000000000000000000, 0.000000000000000000 ) ) ;
#10514 = DIRECTION ( 'NONE',  ( -0.7071067811865441310, 0.000000000000000000, 0.7071067811865510144 ) ) ;
#10515 = CARTESIAN_POINT ( 'NONE',  ( 1.252810866969983561, 1.951103551519473012, 1.275570875203457799 ) ) ;
#10516 = ORIENTED_EDGE ( 'NONE', *, *, #9619, .T. ) ;
#10517 = ORIENTED_EDGE ( 'NONE', *, *, #2646, .F. ) ;
#10518 = CARTESIAN_POINT ( 'NONE',  ( -1.978072250575702684, 1.549448224240263183, -0.8538686835190336666 ) ) ;
#10519 = ORIENTED_EDGE ( 'NONE', *, *, #6422, .T. ) ;
#10520 = CARTESIAN_POINT ( 'NONE',  ( -1.980053005378827891, 1.449999999999999956, 1.439455592598239964 ) ) ;
#10521 = ADVANCED_FACE ( 'NONE', ( #5917 ), #9687, .T. ) ;
#10522 = ORIENTED_EDGE ( 'NONE', *, *, #9816, .T. ) ;
#10523 = CARTESIAN_POINT ( 'NONE',  ( 1.920000000000000373, 1.849999999999999867, -1.319554108468271814 ) ) ;
#10524 = EDGE_CURVE ( 'NONE', #8577, #6513, #4294, .T. ) ;
#10525 = ADVANCED_FACE ( 'NONE', ( #7754 ), #6911, .F. ) ;
#10526 = ORIENTED_EDGE ( 'NONE', *, *, #7352, .F. ) ;
#10527 = ORIENTED_EDGE ( 'NONE', *, *, #1604, .T. ) ;
#10528 = EDGE_LOOP ( 'NONE', ( #3349, #3796, #9441, #3660 ) ) ;
#10529 = ORIENTED_EDGE ( 'NONE', *, *, #8595, .F. ) ;
#10530 = DIRECTION ( 'NONE',  ( -0.000000000000000000, 1.000000000000000000, -0.000000000000000000 ) ) ;
#10531 = DIRECTION ( 'NONE',  ( 0.000000000000000000, -1.000000000000000000, 0.000000000000000000 ) ) ;
#10532 = DIRECTION ( 'NONE',  ( 0.000000000000000000, 1.000000000000000000, 0.000000000000000000 ) ) ;
#10533 = FACE_OUTER_BOUND ( 'NONE', #10256, .T. ) ;
#10534 = PRESENTATION_STYLE_ASSIGNMENT (( #2415 ) ) ;
#10535 = EDGE_CURVE ( 'NONE', #4082, #10317, #10214, .T. ) ;
#10536 = DIRECTION ( 'NONE',  ( 0.000000000000000000, 0.000000000000000000, -1.000000000000000000 ) ) ;
#10537 =( NAMED_UNIT ( * ) SI_UNIT ( $, .STERADIAN. ) SOLID_ANGLE_UNIT ( ) );
#10538 = EDGE_CURVE ( 'NONE', #1790, #2872, #9341, .T. ) ;
#10539 = DIRECTION ( 'NONE',  ( 0.7071067811865487940, -0.000000000000000000, -0.7071067811865463515 ) ) ;
#10540 = VERTEX_POINT ( 'NONE', #6738 ) ;
#10541 = CARTESIAN_POINT ( 'NONE',  ( 2.020000000000000018, 1.750000000000000000, 0.8538686835190338886 ) ) ;
#10542 = CARTESIAN_POINT ( 'NONE',  ( -1.354314575050763025, 1.550000000000000266, 1.419554108468271902 ) ) ;
#10543 = AXIS2_PLACEMENT_3D ( 'NONE', #3530, #2822, #10114 ) ;
#10544 = CYLINDRICAL_SURFACE ( 'NONE', #5507, 0.09999999999999997780 ) ;
#10545 = DIRECTION ( 'NONE',  ( -0.7071067811865474617, 0.000000000000000000, 0.7071067811865474617 ) ) ;
#10546 = CARTESIAN_POINT ( 'NONE',  ( 1.846839578305846441, 1.816381868788617515, 0.6979586327827720371 ) ) ;
#10547 = DIRECTION ( 'NONE',  ( -0.000000000000000000, -1.000000000000000000, -0.000000000000000000 ) ) ;
#10548 = EDGE_CURVE ( 'NONE', #638, #4993, #3642, .T. ) ;
#10549 = CARTESIAN_POINT ( 'NONE',  ( -1.327268482960745732, 1.809017335549510719, 1.519554108468272213 ) ) ;
#10550 = CARTESIAN_POINT ( 'NONE',  ( -2.109781477448648079, 0.1779208828024129441, -1.354999999999999982 ) ) ;
#10551 = PLANE ( 'NONE',  #2392 ) ;
#10552 = VECTOR ( 'NONE', #9761, 1000.000000000000114 ) ;
#10553 = SURFACE_SIDE_STYLE ('',( #732 ) ) ;
#10554 = CARTESIAN_POINT ( 'NONE',  ( 1.539999999999999591, 1.449999999999999956, 0.2144761058952749655 ) ) ;
#10555 = ORIENTED_EDGE ( 'NONE', *, *, #8757, .T. ) ;
#10556 = CARTESIAN_POINT ( 'NONE',  ( -2.020000000000000462, 1.750000000000000000, -1.235200384405516161 ) ) ;
#10557 =( LENGTH_UNIT ( ) NAMED_UNIT ( * ) SI_UNIT ( .MILLI., .METRE. ) );
#10558 = CARTESIAN_POINT ( 'NONE',  ( -1.846839578305845997, 1.863099222843527691, 0.7451183755087182892 ) ) ;
#10559 = MECHANICAL_DESIGN_GEOMETRIC_PRESENTATION_REPRESENTATION (  '', ( #8834 ), #1816 ) ;
#10560 = ADVANCED_FACE ( 'NONE', ( #6849 ), #6959, .T. ) ;
#10561 = PLANE ( 'NONE',  #819 ) ;
#10562 = CARTESIAN_POINT ( 'NONE',  ( -1.876568542494923664, 1.849999999999999867, -0.8104372260139570683 ) ) ;
#10563 = B_SPLINE_CURVE_WITH_KNOTS ( 'NONE', 3,
 ( #9530, #1377, #4648, #6325 ),
 .UNSPECIFIED., .F., .F.,
 ( 4, 4 ),
 ( 0.000000000000000000, 1.000000000000000000 ),
 .UNSPECIFIED. ) ;
#10564 = AXIS2_PLACEMENT_3D ( 'NONE', #9584, #10447, #10500 ) ;
#10565 = DIRECTION ( 'NONE',  ( 0.000000000000000000, -1.000000000000000000, 0.000000000000000000 ) ) ;
#10566 = DIRECTION ( 'NONE',  ( 0.000000000000000000, -1.000000000000000000, 0.000000000000000000 ) ) ;
#10567 = CARTESIAN_POINT ( 'NONE',  ( 1.210883117545685783, 1.749999999999999556, 1.376122650963194527 ) ) ;
#10568 = ORIENTED_EDGE ( 'NONE', *, *, #9688, .F. ) ;
#10569 = ORIENTED_EDGE ( 'NONE', *, *, #6015, .T. ) ;
#10570 = DIRECTION ( 'NONE',  ( 0.000000000000000000, 0.000000000000000000, -1.000000000000000000 ) ) ;
#10571 = VECTOR ( 'NONE', #9237, 1000.000000000000114 ) ;
#10572 = ORIENTED_EDGE ( 'NONE', *, *, #8938, .T. ) ;
#10573 = CARTESIAN_POINT ( 'NONE',  ( 2.000000000000000888, 0.07000000000000029809, -1.600000000000000089 ) ) ;
#10574 = ORIENTED_EDGE ( 'NONE', *, *, #2646, .T. ) ;
#10575 = LINE ( 'NONE', #1718, #6202 ) ;
#10576 = AXIS2_PLACEMENT_3D ( 'NONE', #4579, #8013, #652 ) ;
#10577 = AXIS2_PLACEMENT_3D ( 'NONE', #456, #2789, #6215 ) ;
#10578 = ORIENTED_EDGE ( 'NONE', *, *, #1685, .F. ) ;
#10579 = ORIENTED_EDGE ( 'NONE', *, *, #8799, .T. ) ;
#10580 = AXIS2_PLACEMENT_3D ( 'NONE', #4425, #8408, #4323 ) ;
#10581 = ADVANCED_FACE ( 'NONE', ( #1086 ), #2053, .F. ) ;
#10582 = ORIENTED_EDGE ( 'NONE', *, *, #2433, .F. ) ;
#10583 = ORIENTED_EDGE ( 'NONE', *, *, #199, .F. ) ;
#10584 = DIRECTION ( 'NONE',  ( -0.7071067811865475727, 0.000000000000000000, -0.7071067811865474617 ) ) ;
#10585 = CARTESIAN_POINT ( 'NONE',  ( 1.988032633037315922, 1.524734676614701190, 1.404418463151953622 ) ) ;
#10586 = CARTESIAN_POINT ( 'NONE',  ( -1.805857864376268385, 1.849999999999999867, 0.7397265478953025664 ) ) ;
#10587 = B_SPLINE_CURVE_WITH_KNOTS ( 'NONE', 3,
 ( #4909, #4699, #7391, #7338, #10608, #8876, #3983, #9812, #2431, #4800 ),
 .UNSPECIFIED., .F., .F.,
 ( 4, 3, 3, 4 ),
 ( -1.251575583064128182E-07, 3.891057601449442183E-21, 2.778928985565211224E-05, 5.613193899853601238E-05 ),
 .UNSPECIFIED. ) ;
#10588 = CARTESIAN_POINT ( 'NONE',  ( -1.805194582267281689, 1.579572415026767374, -0.7697627741596239082 ) ) ;
#10589 = DIRECTION ( 'NONE',  ( 0.000000000000000000, -1.000000000000000000, 0.000000000000000000 ) ) ;
#10590 = EDGE_CURVE ( 'NONE', #8628, #512, #8316, .T. ) ;
#10591 = CARTESIAN_POINT ( 'NONE',  ( 2.100000000000000089, 0.06999999999999996503, 0.000000000000000000 ) ) ;
#10592 = AXIS2_PLACEMENT_3D ( 'NONE', #8801, #1445, #8010 ) ;
#10593 = EDGE_CURVE ( 'NONE', #604, #8611, #1134, .T. ) ;
#10594 = CARTESIAN_POINT ( 'NONE',  ( 1.354314575050763469, 2.049999999999999822, 1.519554108468272213 ) ) ;
#10595 = ORIENTED_EDGE ( 'NONE', *, *, #3489, .F. ) ;
#10597 = DIRECTION ( 'NONE',  ( -0.7071067811865486830, 0.000000000000000000, 0.7071067811865464625 ) ) ;
#10596 = CARTESIAN_POINT ( 'NONE',  ( -1.360000000000000098, 1.550000000000000266, -1.600000000000000089 ) ) ;
#10598 = CARTESIAN_POINT ( 'NONE',  ( -2.002658917572325503, 1.480980449765610052, 1.407324227906256997 ) ) ;
#10599 = AXIS2_PLACEMENT_3D ( 'NONE', #4486, #2023, #4695 ) ;
#10600 = DIRECTION ( 'NONE',  ( -0.7071067811865475727, 0.000000000000000000, -0.7071067811865474617 ) ) ;
#10601 = CARTESIAN_POINT ( 'NONE',  ( -2.020000000000000462, 1.771951252225659301, 1.289983487832476516 ) ) ;
#10602 = DIRECTION ( 'NONE',  ( 0.000000000000000000, -1.000000000000000000, 0.000000000000000000 ) ) ;
#10603 = DIRECTION ( 'NONE',  ( 1.000000000000000000, -0.000000000000000000, 0.000000000000000000 ) ) ;
#10604 = LINE ( 'NONE', #1628, #5160 ) ;
#10605 = VECTOR ( 'NONE', #6100, 1000.000000000000114 ) ;
#10606 = DIRECTION ( 'NONE',  ( 1.000000000000000000, -0.000000000000000000, 4.928191693115927811E-16 ) ) ;
#10607 = ADVANCED_FACE ( 'NONE', ( #8003 ), #7849, .T. ) ;
#10608 = CARTESIAN_POINT ( 'NONE',  ( 1.968055582405832560, 1.449999999583023502, 1.454332697246821349 ) ) ;
#10609 = EDGE_CURVE ( 'NONE', #2499, #3413, #3090, .T. ) ;
#10610 = COLOUR_RGB ( '',1.000000000000000000, 1.000000000000000000, 1.000000000000000000 ) ;
#10611 = AXIS2_PLACEMENT_3D ( 'NONE', #1575, #2314, #8128 ) ;
#10612 = SURFACE_SIDE_STYLE ('',( #4910 ) ) ;
#10613 = ORIENTED_EDGE ( 'NONE', *, *, #9125, .F. ) ;
#10614 = DIRECTION ( 'NONE',  ( 0.000000000000000000, -0.000000000000000000, -1.000000000000000000 ) ) ;
#10615 = CARTESIAN_POINT ( 'NONE',  ( -1.920000000000000373, 1.649999999999999911, 0.8538686835190336666 ) ) ;
#10616 = DIRECTION ( 'NONE',  ( 0.000000000000000000, -1.000000000000000000, 0.000000000000000000 ) ) ;
#10617 = AXIS2_PLACEMENT_3D ( 'NONE', #3073, #5776, #7341 ) ;
#10618 = CARTESIAN_POINT ( 'NONE',  ( 1.944587271381273297, 1.467998644416366405, -1.470597603567530554 ) ) ;
#10619 = DIRECTION ( 'NONE',  ( 0.000000000000000000, -1.000000000000000000, 0.000000000000000000 ) ) ;
#10620 = CARTESIAN_POINT ( 'NONE',  ( -1.240172439427031259, 1.749999999999999778, 1.446833329081849584 ) ) ;
#10621 = AXIS2_PLACEMENT_3D ( 'NONE', #3934, #10504, #3118 ) ;
#10622 = VECTOR ( 'NONE', #10398, 1000.000000000000114 ) ;
#10623 = DIRECTION ( 'NONE',  ( 0.000000000000000000, -1.000000000000000000, -0.000000000000000000 ) ) ;
#10624 = CARTESIAN_POINT ( 'NONE',  ( 1.961421356237310176, 1.449999999999999512, 1.460975464705581484 ) ) ;
#10625 = AXIS2_PLACEMENT_3D ( 'NONE', #1674, #4293, #9172 ) ;
#10626 = CARTESIAN_POINT ( 'NONE',  ( -2.020000000000000462, 1.749999999999999778, 0.8538686835190339997 ) ) ;
#10627 = CARTESIAN_POINT ( 'NONE',  ( 1.210883117545685783, 1.749999999999999778, 1.376122650963194749 ) ) ;
#10628 = ORIENTED_EDGE ( 'NONE', *, *, #7350, .T. ) ;
#10629 = ORIENTED_EDGE ( 'NONE', *, *, #8799, .F. ) ;
#10630 =( GEOMETRIC_REPRESENTATION_CONTEXT ( 3 ) GLOBAL_UNCERTAINTY_ASSIGNED_CONTEXT ( ( #5222 ) ) GLOBAL_UNIT_ASSIGNED_CONTEXT ( ( #2790, #9355, #3002 ) ) REPRESENTATION_CONTEXT ( 'NONE', 'WORKASPACE' ) );
#10631 = CARTESIAN_POINT ( 'NONE',  ( -1.978072250575702684, 1.650000000000000133, -0.7533169077592967167 ) ) ;
#10632 = ORIENTED_EDGE ( 'NONE', *, *, #4368, .F. ) ;
#10633 = CARTESIAN_POINT ( 'NONE',  ( 1.906297506684001553, 1.750000000000000000, -0.6979586327827715930 ) ) ;
#10634 = EDGE_LOOP ( 'NONE', ( #9827, #1609, #734, #7262, #7995, #3481, #1286 ) ) ;
#10635 = FACE_OUTER_BOUND ( 'NONE', #3029, .T. ) ;
#10636 = AXIS2_PLACEMENT_3D ( 'NONE', #1028, #10055, #9072 ) ;
#10637 = VECTOR ( 'NONE', #6993, 1000.000000000000000 ) ;
ENDSEC;
END-ISO-10303-21;
