ISO-10303-21;
HEADER;
/* Generated by software containing ST-Developer
 * from STEP Tools, Inc. (www.steptools.com) 
 */

FILE_DESCRIPTION(
/* description */ (''),
/* implementation_level */ '2;1');

FILE_NAME(
/* name */ 'XL-2121RGBC-WS2812B.step',
/* time_stamp */ '2026-06-26T08:56:43+02:00',
/* author */ (''),
/* organization */ (''),
/* preprocessor_version */ 'ST-DEVELOPER v20.1',
/* originating_system */ 'Autodesk Translation Framework v15.8.0.0',
/* authorisation */ '');

FILE_SCHEMA (('AUTOMOTIVE_DESIGN { 1 0 10303 214 3 1 1 }'));
ENDSEC;

DATA;
#10=MECHANICAL_DESIGN_GEOMETRIC_PRESENTATION_REPRESENTATION('',(#13,#14,
#15,#16,#17,#18),#3275);
#11=SHAPE_REPRESENTATION_RELATIONSHIP('SRR','None',#3282,#12);
#12=ADVANCED_BREP_SHAPE_REPRESENTATION('',(#19,#20,#21,#22,#23,#24),#3274);
#13=STYLED_ITEM('',(#3292),#19);
#14=STYLED_ITEM('',(#3293),#20);
#15=STYLED_ITEM('',(#3294),#21);
#16=STYLED_ITEM('',(#3294),#22);
#17=STYLED_ITEM('',(#3294),#23);
#18=STYLED_ITEM('',(#3294),#24);
#19=MANIFOLD_SOLID_BREP('Body1',#1986);
#20=MANIFOLD_SOLID_BREP('Body2',#1987);
#21=MANIFOLD_SOLID_BREP('Body3',#1988);
#22=MANIFOLD_SOLID_BREP('Body4',#1989);
#23=MANIFOLD_SOLID_BREP('Body5',#1990);
#24=MANIFOLD_SOLID_BREP('Body6',#1991);
#25=FACE_BOUND('',#270,.T.);
#26=FACE_BOUND('',#301,.T.);
#27=ELLIPSE('',#2010,0.588858417543058,0.416385780203476);
#28=ELLIPSE('',#2012,0.175853625895233,0.175);
#29=ELLIPSE('',#2015,0.588858417543057,0.416385780203476);
#30=ELLIPSE('',#2017,0.175853625895233,0.175);
#31=ELLIPSE('',#2024,0.175853625895233,0.175);
#32=ELLIPSE('',#2026,0.175853625895233,0.175);
#33=ELLIPSE('',#2032,0.175853625895234,0.175);
#34=ELLIPSE('',#2037,0.175853625895233,0.175);
#35=ELLIPSE('',#2080,0.175853625895234,0.175);
#36=ELLIPSE('',#2082,0.175853625895233,0.175);
#37=ELLIPSE('',#2085,0.175853625895233,0.175);
#38=ELLIPSE('',#2088,0.175853625895234,0.175);
#39=ELLIPSE('',#2090,0.175853625895233,0.175);
#40=ELLIPSE('',#2093,0.175853625895233,0.175);
#41=PLANE('',#2008);
#42=PLANE('',#2009);
#43=PLANE('',#2011);
#44=PLANE('',#2013);
#45=PLANE('',#2014);
#46=PLANE('',#2016);
#47=PLANE('',#2018);
#48=PLANE('',#2019);
#49=PLANE('',#2022);
#50=PLANE('',#2023);
#51=PLANE('',#2025);
#52=PLANE('',#2027);
#53=PLANE('',#2030);
#54=PLANE('',#2033);
#55=PLANE('',#2035);
#56=PLANE('',#2038);
#57=PLANE('',#2040);
#58=PLANE('',#2041);
#59=PLANE('',#2043);
#60=PLANE('',#2044);
#61=PLANE('',#2046);
#62=PLANE('',#2047);
#63=PLANE('',#2049);
#64=PLANE('',#2050);
#65=PLANE('',#2052);
#66=PLANE('',#2054);
#67=PLANE('',#2055);
#68=PLANE('',#2057);
#69=PLANE('',#2058);
#70=PLANE('',#2059);
#71=PLANE('',#2060);
#72=PLANE('',#2061);
#73=PLANE('',#2063);
#74=PLANE('',#2065);
#75=PLANE('',#2066);
#76=PLANE('',#2067);
#77=PLANE('',#2068);
#78=PLANE('',#2070);
#79=PLANE('',#2071);
#80=PLANE('',#2072);
#81=PLANE('',#2074);
#82=PLANE('',#2078);
#83=PLANE('',#2083);
#84=PLANE('',#2086);
#85=PLANE('',#2091);
#86=PLANE('',#2094);
#87=PLANE('',#2095);
#88=PLANE('',#2096);
#89=PLANE('',#2097);
#90=PLANE('',#2098);
#91=PLANE('',#2102);
#92=PLANE('',#2103);
#93=PLANE('',#2104);
#94=PLANE('',#2107);
#95=PLANE('',#2108);
#96=PLANE('',#2109);
#97=PLANE('',#2112);
#98=PLANE('',#2113);
#99=PLANE('',#2114);
#100=PLANE('',#2117);
#101=PLANE('',#2118);
#102=PLANE('',#2121);
#103=PLANE('',#2122);
#104=PLANE('',#2123);
#105=PLANE('',#2126);
#106=PLANE('',#2127);
#107=PLANE('',#2128);
#108=PLANE('',#2131);
#109=PLANE('',#2132);
#110=PLANE('',#2135);
#111=PLANE('',#2136);
#112=PLANE('',#2137);
#113=PLANE('',#2140);
#114=PLANE('',#2141);
#115=PLANE('',#2142);
#116=PLANE('',#2145);
#117=PLANE('',#2146);
#118=PLANE('',#2149);
#119=PLANE('',#2150);
#120=PLANE('',#2151);
#121=PLANE('',#2154);
#122=PLANE('',#2155);
#123=PLANE('',#2156);
#124=PLANE('',#2159);
#125=FACE_OUTER_BOUND('',#234,.T.);
#126=FACE_OUTER_BOUND('',#235,.T.);
#127=FACE_OUTER_BOUND('',#236,.T.);
#128=FACE_OUTER_BOUND('',#237,.T.);
#129=FACE_OUTER_BOUND('',#238,.T.);
#130=FACE_OUTER_BOUND('',#239,.T.);
#131=FACE_OUTER_BOUND('',#240,.T.);
#132=FACE_OUTER_BOUND('',#241,.T.);
#133=FACE_OUTER_BOUND('',#242,.T.);
#134=FACE_OUTER_BOUND('',#243,.T.);
#135=FACE_OUTER_BOUND('',#244,.T.);
#136=FACE_OUTER_BOUND('',#245,.T.);
#137=FACE_OUTER_BOUND('',#246,.T.);
#138=FACE_OUTER_BOUND('',#247,.T.);
#139=FACE_OUTER_BOUND('',#248,.T.);
#140=FACE_OUTER_BOUND('',#249,.T.);
#141=FACE_OUTER_BOUND('',#250,.T.);
#142=FACE_OUTER_BOUND('',#251,.T.);
#143=FACE_OUTER_BOUND('',#252,.T.);
#144=FACE_OUTER_BOUND('',#253,.T.);
#145=FACE_OUTER_BOUND('',#254,.T.);
#146=FACE_OUTER_BOUND('',#255,.T.);
#147=FACE_OUTER_BOUND('',#256,.T.);
#148=FACE_OUTER_BOUND('',#257,.T.);
#149=FACE_OUTER_BOUND('',#258,.T.);
#150=FACE_OUTER_BOUND('',#259,.T.);
#151=FACE_OUTER_BOUND('',#260,.T.);
#152=FACE_OUTER_BOUND('',#261,.T.);
#153=FACE_OUTER_BOUND('',#262,.T.);
#154=FACE_OUTER_BOUND('',#263,.T.);
#155=FACE_OUTER_BOUND('',#264,.T.);
#156=FACE_OUTER_BOUND('',#265,.T.);
#157=FACE_OUTER_BOUND('',#266,.T.);
#158=FACE_OUTER_BOUND('',#267,.T.);
#159=FACE_OUTER_BOUND('',#268,.T.);
#160=FACE_OUTER_BOUND('',#269,.T.);
#161=FACE_OUTER_BOUND('',#271,.T.);
#162=FACE_OUTER_BOUND('',#272,.T.);
#163=FACE_OUTER_BOUND('',#273,.T.);
#164=FACE_OUTER_BOUND('',#274,.T.);
#165=FACE_OUTER_BOUND('',#275,.T.);
#166=FACE_OUTER_BOUND('',#276,.T.);
#167=FACE_OUTER_BOUND('',#277,.T.);
#168=FACE_OUTER_BOUND('',#278,.T.);
#169=FACE_OUTER_BOUND('',#279,.T.);
#170=FACE_OUTER_BOUND('',#280,.T.);
#171=FACE_OUTER_BOUND('',#281,.T.);
#172=FACE_OUTER_BOUND('',#282,.T.);
#173=FACE_OUTER_BOUND('',#283,.T.);
#174=FACE_OUTER_BOUND('',#284,.T.);
#175=FACE_OUTER_BOUND('',#285,.T.);
#176=FACE_OUTER_BOUND('',#286,.T.);
#177=FACE_OUTER_BOUND('',#287,.T.);
#178=FACE_OUTER_BOUND('',#288,.T.);
#179=FACE_OUTER_BOUND('',#289,.T.);
#180=FACE_OUTER_BOUND('',#290,.T.);
#181=FACE_OUTER_BOUND('',#291,.T.);
#182=FACE_OUTER_BOUND('',#292,.T.);
#183=FACE_OUTER_BOUND('',#293,.T.);
#184=FACE_OUTER_BOUND('',#294,.T.);
#185=FACE_OUTER_BOUND('',#295,.T.);
#186=FACE_OUTER_BOUND('',#296,.T.);
#187=FACE_OUTER_BOUND('',#297,.T.);
#188=FACE_OUTER_BOUND('',#298,.T.);
#189=FACE_OUTER_BOUND('',#299,.T.);
#190=FACE_OUTER_BOUND('',#300,.T.);
#191=FACE_OUTER_BOUND('',#302,.T.);
#192=FACE_OUTER_BOUND('',#303,.T.);
#193=FACE_OUTER_BOUND('',#304,.T.);
#194=FACE_OUTER_BOUND('',#305,.T.);
#195=FACE_OUTER_BOUND('',#306,.T.);
#196=FACE_OUTER_BOUND('',#307,.T.);
#197=FACE_OUTER_BOUND('',#308,.T.);
#198=FACE_OUTER_BOUND('',#309,.T.);
#199=FACE_OUTER_BOUND('',#310,.T.);
#200=FACE_OUTER_BOUND('',#311,.T.);
#201=FACE_OUTER_BOUND('',#312,.T.);
#202=FACE_OUTER_BOUND('',#313,.T.);
#203=FACE_OUTER_BOUND('',#314,.T.);
#204=FACE_OUTER_BOUND('',#315,.T.);
#205=FACE_OUTER_BOUND('',#316,.T.);
#206=FACE_OUTER_BOUND('',#317,.T.);
#207=FACE_OUTER_BOUND('',#318,.T.);
#208=FACE_OUTER_BOUND('',#319,.T.);
#209=FACE_OUTER_BOUND('',#320,.T.);
#210=FACE_OUTER_BOUND('',#321,.T.);
#211=FACE_OUTER_BOUND('',#322,.T.);
#212=FACE_OUTER_BOUND('',#323,.T.);
#213=FACE_OUTER_BOUND('',#324,.T.);
#214=FACE_OUTER_BOUND('',#325,.T.);
#215=FACE_OUTER_BOUND('',#326,.T.);
#216=FACE_OUTER_BOUND('',#327,.T.);
#217=FACE_OUTER_BOUND('',#328,.T.);
#218=FACE_OUTER_BOUND('',#329,.T.);
#219=FACE_OUTER_BOUND('',#330,.T.);
#220=FACE_OUTER_BOUND('',#331,.T.);
#221=FACE_OUTER_BOUND('',#332,.T.);
#222=FACE_OUTER_BOUND('',#333,.T.);
#223=FACE_OUTER_BOUND('',#334,.T.);
#224=FACE_OUTER_BOUND('',#335,.T.);
#225=FACE_OUTER_BOUND('',#336,.T.);
#226=FACE_OUTER_BOUND('',#337,.T.);
#227=FACE_OUTER_BOUND('',#338,.T.);
#228=FACE_OUTER_BOUND('',#339,.T.);
#229=FACE_OUTER_BOUND('',#340,.T.);
#230=FACE_OUTER_BOUND('',#341,.T.);
#231=FACE_OUTER_BOUND('',#342,.T.);
#232=FACE_OUTER_BOUND('',#343,.T.);
#233=FACE_OUTER_BOUND('',#344,.T.);
#234=EDGE_LOOP('',(#1298,#1299,#1300,#1301));
#235=EDGE_LOOP('',(#1302));
#236=EDGE_LOOP('',(#1303,#1304,#1305,#1306,#1307,#1308,#1309,#1310,#1311,
#1312,#1313,#1314,#1315,#1316));
#237=EDGE_LOOP('',(#1317,#1318,#1319,#1320,#1321));
#238=EDGE_LOOP('',(#1322,#1323,#1324,#1325));
#239=EDGE_LOOP('',(#1326,#1327,#1328,#1329,#1330,#1331,#1332,#1333,#1334,
#1335,#1336,#1337,#1338,#1339));
#240=EDGE_LOOP('',(#1340,#1341,#1342,#1343,#1344));
#241=EDGE_LOOP('',(#1345,#1346,#1347,#1348));
#242=EDGE_LOOP('',(#1349,#1350,#1351,#1352));
#243=EDGE_LOOP('',(#1353,#1354,#1355,#1356));
#244=EDGE_LOOP('',(#1357,#1358,#1359,#1360));
#245=EDGE_LOOP('',(#1361,#1362,#1363,#1364,#1365));
#246=EDGE_LOOP('',(#1366,#1367,#1368,#1369,#1370));
#247=EDGE_LOOP('',(#1371,#1372,#1373,#1374));
#248=EDGE_LOOP('',(#1375,#1376,#1377,#1378));
#249=EDGE_LOOP('',(#1379,#1380,#1381,#1382));
#250=EDGE_LOOP('',(#1383,#1384,#1385,#1386));
#251=EDGE_LOOP('',(#1387,#1388,#1389,#1390,#1391,#1392,#1393,#1394));
#252=EDGE_LOOP('',(#1395,#1396,#1397,#1398));
#253=EDGE_LOOP('',(#1399,#1400,#1401,#1402));
#254=EDGE_LOOP('',(#1403,#1404,#1405,#1406,#1407,#1408,#1409,#1410));
#255=EDGE_LOOP('',(#1411,#1412,#1413,#1414));
#256=EDGE_LOOP('',(#1415,#1416,#1417,#1418,#1419,#1420,#1421,#1422));
#257=EDGE_LOOP('',(#1423,#1424,#1425,#1426,#1427,#1428,#1429,#1430,#1431,
#1432));
#258=EDGE_LOOP('',(#1433,#1434,#1435,#1436,#1437,#1438,#1439,#1440));
#259=EDGE_LOOP('',(#1441,#1442,#1443,#1444));
#260=EDGE_LOOP('',(#1445,#1446,#1447,#1448,#1449,#1450,#1451,#1452));
#261=EDGE_LOOP('',(#1453,#1454,#1455,#1456,#1457,#1458,#1459,#1460,#1461,
#1462,#1463,#1464));
#262=EDGE_LOOP('',(#1465,#1466,#1467,#1468,#1469,#1470,#1471,#1472));
#263=EDGE_LOOP('',(#1473,#1474,#1475,#1476,#1477,#1478,#1479,#1480));
#264=EDGE_LOOP('',(#1481,#1482,#1483,#1484));
#265=EDGE_LOOP('',(#1485,#1486,#1487,#1488));
#266=EDGE_LOOP('',(#1489,#1490,#1491,#1492));
#267=EDGE_LOOP('',(#1493,#1494,#1495,#1496));
#268=EDGE_LOOP('',(#1497,#1498,#1499,#1500));
#269=EDGE_LOOP('',(#1501,#1502,#1503,#1504,#1505,#1506,#1507,#1508));
#270=EDGE_LOOP('',(#1509));
#271=EDGE_LOOP('',(#1510,#1511,#1512,#1513));
#272=EDGE_LOOP('',(#1514,#1515,#1516,#1517,#1518,#1519,#1520,#1521));
#273=EDGE_LOOP('',(#1522,#1523,#1524,#1525));
#274=EDGE_LOOP('',(#1526,#1527,#1528,#1529));
#275=EDGE_LOOP('',(#1530,#1531,#1532,#1533));
#276=EDGE_LOOP('',(#1534,#1535,#1536,#1537,#1538,#1539,#1540,#1541,#1542,
#1543,#1544,#1545));
#277=EDGE_LOOP('',(#1546,#1547,#1548,#1549));
#278=EDGE_LOOP('',(#1550,#1551,#1552,#1553));
#279=EDGE_LOOP('',(#1554,#1555,#1556,#1557));
#280=EDGE_LOOP('',(#1558,#1559,#1560,#1561));
#281=EDGE_LOOP('',(#1562,#1563,#1564,#1565));
#282=EDGE_LOOP('',(#1566,#1567,#1568,#1569));
#283=EDGE_LOOP('',(#1570,#1571,#1572,#1573));
#284=EDGE_LOOP('',(#1574,#1575,#1576,#1577));
#285=EDGE_LOOP('',(#1578,#1579,#1580,#1581));
#286=EDGE_LOOP('',(#1582));
#287=EDGE_LOOP('',(#1583,#1584,#1585,#1586));
#288=EDGE_LOOP('',(#1587,#1588,#1589,#1590));
#289=EDGE_LOOP('',(#1591,#1592,#1593,#1594));
#290=EDGE_LOOP('',(#1595,#1596,#1597,#1598));
#291=EDGE_LOOP('',(#1599,#1600,#1601,#1602));
#292=EDGE_LOOP('',(#1603,#1604,#1605,#1606));
#293=EDGE_LOOP('',(#1607,#1608,#1609,#1610));
#294=EDGE_LOOP('',(#1611,#1612,#1613,#1614,#1615,#1616,#1617,#1618,#1619,
#1620));
#295=EDGE_LOOP('',(#1621,#1622,#1623,#1624));
#296=EDGE_LOOP('',(#1625,#1626,#1627,#1628,#1629,#1630));
#297=EDGE_LOOP('',(#1631,#1632,#1633,#1634));
#298=EDGE_LOOP('',(#1635,#1636,#1637,#1638));
#299=EDGE_LOOP('',(#1639,#1640,#1641,#1642,#1643,#1644));
#300=EDGE_LOOP('',(#1645,#1646,#1647,#1648,#1649,#1650,#1651,#1652));
#301=EDGE_LOOP('',(#1653));
#302=EDGE_LOOP('',(#1654,#1655,#1656,#1657));
#303=EDGE_LOOP('',(#1658));
#304=EDGE_LOOP('',(#1659));
#305=EDGE_LOOP('',(#1660,#1661,#1662,#1663,#1664,#1665,#1666,#1667));
#306=EDGE_LOOP('',(#1668,#1669,#1670,#1671));
#307=EDGE_LOOP('',(#1672,#1673,#1674,#1675));
#308=EDGE_LOOP('',(#1676,#1677,#1678,#1679));
#309=EDGE_LOOP('',(#1680,#1681,#1682,#1683));
#310=EDGE_LOOP('',(#1684,#1685,#1686,#1687));
#311=EDGE_LOOP('',(#1688,#1689,#1690,#1691));
#312=EDGE_LOOP('',(#1692,#1693,#1694,#1695));
#313=EDGE_LOOP('',(#1696,#1697,#1698,#1699));
#314=EDGE_LOOP('',(#1700,#1701,#1702,#1703,#1704,#1705,#1706,#1707));
#315=EDGE_LOOP('',(#1708,#1709,#1710,#1711,#1712,#1713,#1714,#1715));
#316=EDGE_LOOP('',(#1716,#1717,#1718,#1719));
#317=EDGE_LOOP('',(#1720,#1721,#1722,#1723));
#318=EDGE_LOOP('',(#1724,#1725,#1726,#1727));
#319=EDGE_LOOP('',(#1728,#1729,#1730,#1731));
#320=EDGE_LOOP('',(#1732,#1733,#1734,#1735));
#321=EDGE_LOOP('',(#1736,#1737,#1738,#1739));
#322=EDGE_LOOP('',(#1740,#1741,#1742,#1743));
#323=EDGE_LOOP('',(#1744,#1745,#1746,#1747));
#324=EDGE_LOOP('',(#1748,#1749,#1750,#1751,#1752,#1753,#1754,#1755));
#325=EDGE_LOOP('',(#1756,#1757,#1758,#1759,#1760,#1761,#1762,#1763));
#326=EDGE_LOOP('',(#1764,#1765,#1766,#1767));
#327=EDGE_LOOP('',(#1768,#1769,#1770,#1771));
#328=EDGE_LOOP('',(#1772,#1773,#1774,#1775));
#329=EDGE_LOOP('',(#1776,#1777,#1778,#1779));
#330=EDGE_LOOP('',(#1780,#1781,#1782,#1783));
#331=EDGE_LOOP('',(#1784,#1785,#1786,#1787));
#332=EDGE_LOOP('',(#1788,#1789,#1790,#1791));
#333=EDGE_LOOP('',(#1792,#1793,#1794,#1795));
#334=EDGE_LOOP('',(#1796,#1797,#1798,#1799,#1800,#1801,#1802,#1803));
#335=EDGE_LOOP('',(#1804,#1805,#1806,#1807,#1808,#1809,#1810,#1811));
#336=EDGE_LOOP('',(#1812,#1813,#1814,#1815));
#337=EDGE_LOOP('',(#1816,#1817,#1818,#1819));
#338=EDGE_LOOP('',(#1820,#1821,#1822,#1823));
#339=EDGE_LOOP('',(#1824,#1825,#1826,#1827));
#340=EDGE_LOOP('',(#1828,#1829,#1830,#1831));
#341=EDGE_LOOP('',(#1832,#1833,#1834,#1835));
#342=EDGE_LOOP('',(#1836,#1837,#1838,#1839));
#343=EDGE_LOOP('',(#1840,#1841,#1842,#1843));
#344=EDGE_LOOP('',(#1844,#1845,#1846,#1847,#1848,#1849,#1850,#1851));
#345=LINE('',#2708,#576);
#346=LINE('',#2714,#577);
#347=LINE('',#2716,#578);
#348=LINE('',#2718,#579);
#349=LINE('',#2720,#580);
#350=LINE('',#2722,#581);
#351=LINE('',#2724,#582);
#352=LINE('',#2728,#583);
#353=LINE('',#2730,#584);
#354=LINE('',#2732,#585);
#355=LINE('',#2734,#586);
#356=LINE('',#2736,#587);
#357=LINE('',#2738,#588);
#358=LINE('',#2739,#589);
#359=LINE('',#2742,#590);
#360=LINE('',#2746,#591);
#361=LINE('',#2747,#592);
#362=LINE('',#2750,#593);
#363=LINE('',#2752,#594);
#364=LINE('',#2753,#595);
#365=LINE('',#2759,#596);
#366=LINE('',#2761,#597);
#367=LINE('',#2763,#598);
#368=LINE('',#2765,#599);
#369=LINE('',#2767,#600);
#370=LINE('',#2769,#601);
#371=LINE('',#2771,#602);
#372=LINE('',#2773,#603);
#373=LINE('',#2775,#604);
#374=LINE('',#2777,#605);
#375=LINE('',#2779,#606);
#376=LINE('',#2781,#607);
#377=LINE('',#2782,#608);
#378=LINE('',#2785,#609);
#379=LINE('',#2789,#610);
#380=LINE('',#2790,#611);
#381=LINE('',#2793,#612);
#382=LINE('',#2795,#613);
#383=LINE('',#2796,#614);
#384=LINE('',#2799,#615);
#385=LINE('',#2801,#616);
#386=LINE('',#2802,#617);
#387=LINE('',#2806,#618);
#388=LINE('',#2809,#619);
#389=LINE('',#2810,#620);
#390=LINE('',#2813,#621);
#391=LINE('',#2815,#622);
#392=LINE('',#2818,#623);
#393=LINE('',#2821,#624);
#394=LINE('',#2823,#625);
#395=LINE('',#2826,#626);
#396=LINE('',#2829,#627);
#397=LINE('',#2831,#628);
#398=LINE('',#2832,#629);
#399=LINE('',#2836,#630);
#400=LINE('',#2839,#631);
#401=LINE('',#2840,#632);
#402=LINE('',#2843,#633);
#403=LINE('',#2846,#634);
#404=LINE('',#2849,#635);
#405=LINE('',#2851,#636);
#406=LINE('',#2855,#637);
#407=LINE('',#2857,#638);
#408=LINE('',#2858,#639);
#409=LINE('',#2861,#640);
#410=LINE('',#2862,#641);
#411=LINE('',#2865,#642);
#412=LINE('',#2868,#643);
#413=LINE('',#2871,#644);
#414=LINE('',#2873,#645);
#415=LINE('',#2877,#646);
#416=LINE('',#2879,#647);
#417=LINE('',#2880,#648);
#418=LINE('',#2883,#649);
#419=LINE('',#2884,#650);
#420=LINE('',#2887,#651);
#421=LINE('',#2889,#652);
#422=LINE('',#2891,#653);
#423=LINE('',#2894,#654);
#424=LINE('',#2897,#655);
#425=LINE('',#2898,#656);
#426=LINE('',#2899,#657);
#427=LINE('',#2902,#658);
#428=LINE('',#2904,#659);
#429=LINE('',#2908,#660);
#430=LINE('',#2910,#661);
#431=LINE('',#2911,#662);
#432=LINE('',#2914,#663);
#433=LINE('',#2915,#664);
#434=LINE('',#2918,#665);
#435=LINE('',#2920,#666);
#436=LINE('',#2922,#667);
#437=LINE('',#2925,#668);
#438=LINE('',#2927,#669);
#439=LINE('',#2928,#670);
#440=LINE('',#2930,#671);
#441=LINE('',#2931,#672);
#442=LINE('',#2934,#673);
#443=LINE('',#2936,#674);
#444=LINE('',#2938,#675);
#445=LINE('',#2942,#676);
#446=LINE('',#2943,#677);
#447=LINE('',#2946,#678);
#448=LINE('',#2948,#679);
#449=LINE('',#2952,#680);
#450=LINE('',#2954,#681);
#451=LINE('',#2955,#682);
#452=LINE('',#2957,#683);
#453=LINE('',#2958,#684);
#454=LINE('',#2960,#685);
#455=LINE('',#2962,#686);
#456=LINE('',#2964,#687);
#457=LINE('',#2967,#688);
#458=LINE('',#2970,#689);
#459=LINE('',#2972,#690);
#460=LINE('',#2973,#691);
#461=LINE('',#2975,#692);
#462=LINE('',#2977,#693);
#463=LINE('',#2980,#694);
#464=LINE('',#2982,#695);
#465=LINE('',#2984,#696);
#466=LINE('',#2988,#697);
#467=LINE('',#2989,#698);
#468=LINE('',#2991,#699);
#469=LINE('',#2993,#700);
#470=LINE('',#2995,#701);
#471=LINE('',#2998,#702);
#472=LINE('',#3000,#703);
#473=LINE('',#3002,#704);
#474=LINE('',#3008,#705);
#475=LINE('',#3017,#706);
#476=LINE('',#3018,#707);
#477=LINE('',#3021,#708);
#478=LINE('',#3022,#709);
#479=LINE('',#3026,#710);
#480=LINE('',#3029,#711);
#481=LINE('',#3030,#712);
#482=LINE('',#3033,#713);
#483=LINE('',#3038,#714);
#484=LINE('',#3040,#715);
#485=LINE('',#3045,#716);
#486=LINE('',#3046,#717);
#487=LINE('',#3049,#718);
#488=LINE('',#3051,#719);
#489=LINE('',#3052,#720);
#490=LINE('',#3055,#721);
#491=LINE('',#3056,#722);
#492=LINE('',#3059,#723);
#493=LINE('',#3060,#724);
#494=LINE('',#3062,#725);
#495=LINE('',#3068,#726);
#496=LINE('',#3077,#727);
#497=LINE('',#3079,#728);
#498=LINE('',#3081,#729);
#499=LINE('',#3085,#730);
#500=LINE('',#3087,#731);
#501=LINE('',#3088,#732);
#502=LINE('',#3091,#733);
#503=LINE('',#3093,#734);
#504=LINE('',#3094,#735);
#505=LINE('',#3097,#736);
#506=LINE('',#3098,#737);
#507=LINE('',#3101,#738);
#508=LINE('',#3102,#739);
#509=LINE('',#3106,#740);
#510=LINE('',#3109,#741);
#511=LINE('',#3110,#742);
#512=LINE('',#3113,#743);
#513=LINE('',#3114,#744);
#514=LINE('',#3117,#745);
#515=LINE('',#3118,#746);
#516=LINE('',#3127,#747);
#517=LINE('',#3129,#748);
#518=LINE('',#3131,#749);
#519=LINE('',#3135,#750);
#520=LINE('',#3137,#751);
#521=LINE('',#3138,#752);
#522=LINE('',#3141,#753);
#523=LINE('',#3143,#754);
#524=LINE('',#3144,#755);
#525=LINE('',#3147,#756);
#526=LINE('',#3148,#757);
#527=LINE('',#3151,#758);
#528=LINE('',#3152,#759);
#529=LINE('',#3155,#760);
#530=LINE('',#3159,#761);
#531=LINE('',#3160,#762);
#532=LINE('',#3163,#763);
#533=LINE('',#3164,#764);
#534=LINE('',#3167,#765);
#535=LINE('',#3168,#766);
#536=LINE('',#3177,#767);
#537=LINE('',#3179,#768);
#538=LINE('',#3181,#769);
#539=LINE('',#3185,#770);
#540=LINE('',#3187,#771);
#541=LINE('',#3188,#772);
#542=LINE('',#3191,#773);
#543=LINE('',#3193,#774);
#544=LINE('',#3194,#775);
#545=LINE('',#3197,#776);
#546=LINE('',#3198,#777);
#547=LINE('',#3201,#778);
#548=LINE('',#3202,#779);
#549=LINE('',#3205,#780);
#550=LINE('',#3209,#781);
#551=LINE('',#3210,#782);
#552=LINE('',#3213,#783);
#553=LINE('',#3214,#784);
#554=LINE('',#3217,#785);
#555=LINE('',#3218,#786);
#556=LINE('',#3227,#787);
#557=LINE('',#3229,#788);
#558=LINE('',#3231,#789);
#559=LINE('',#3235,#790);
#560=LINE('',#3237,#791);
#561=LINE('',#3238,#792);
#562=LINE('',#3241,#793);
#563=LINE('',#3243,#794);
#564=LINE('',#3244,#795);
#565=LINE('',#3247,#796);
#566=LINE('',#3248,#797);
#567=LINE('',#3251,#798);
#568=LINE('',#3252,#799);
#569=LINE('',#3256,#800);
#570=LINE('',#3259,#801);
#571=LINE('',#3260,#802);
#572=LINE('',#3263,#803);
#573=LINE('',#3264,#804);
#574=LINE('',#3267,#805);
#575=LINE('',#3268,#806);
#576=VECTOR('',#2166,0.214449584785275);
#577=VECTOR('',#2173,10.);
#578=VECTOR('',#2174,10.);
#579=VECTOR('',#2175,10.);
#580=VECTOR('',#2176,10.);
#581=VECTOR('',#2177,10.);
#582=VECTOR('',#2178,10.);
#583=VECTOR('',#2181,10.);
#584=VECTOR('',#2182,10.);
#585=VECTOR('',#2183,10.);
#586=VECTOR('',#2184,10.);
#587=VECTOR('',#2185,10.);
#588=VECTOR('',#2186,10.);
#589=VECTOR('',#2187,10.);
#590=VECTOR('',#2190,10.);
#591=VECTOR('',#2193,10.);
#592=VECTOR('',#2194,10.);
#593=VECTOR('',#2197,10.);
#594=VECTOR('',#2198,10.);
#595=VECTOR('',#2199,10.);
#596=VECTOR('',#2204,10.);
#597=VECTOR('',#2205,10.);
#598=VECTOR('',#2206,10.);
#599=VECTOR('',#2207,10.);
#600=VECTOR('',#2208,10.);
#601=VECTOR('',#2209,10.);
#602=VECTOR('',#2210,10.);
#603=VECTOR('',#2211,10.);
#604=VECTOR('',#2212,10.);
#605=VECTOR('',#2213,10.);
#606=VECTOR('',#2214,10.);
#607=VECTOR('',#2215,10.);
#608=VECTOR('',#2216,10.);
#609=VECTOR('',#2219,10.);
#610=VECTOR('',#2222,10.);
#611=VECTOR('',#2223,10.);
#612=VECTOR('',#2226,10.);
#613=VECTOR('',#2227,10.);
#614=VECTOR('',#2228,10.);
#615=VECTOR('',#2231,10.);
#616=VECTOR('',#2232,10.);
#617=VECTOR('',#2233,10.);
#618=VECTOR('',#2238,10.);
#619=VECTOR('',#2241,10.);
#620=VECTOR('',#2242,10.);
#621=VECTOR('',#2245,10.);
#622=VECTOR('',#2246,10.);
#623=VECTOR('',#2249,10.);
#624=VECTOR('',#2252,10.);
#625=VECTOR('',#2253,10.);
#626=VECTOR('',#2256,10.);
#627=VECTOR('',#2259,10.);
#628=VECTOR('',#2260,10.);
#629=VECTOR('',#2261,10.);
#630=VECTOR('',#2266,10.);
#631=VECTOR('',#2269,10.);
#632=VECTOR('',#2270,10.);
#633=VECTOR('',#2273,10.);
#634=VECTOR('',#2276,10.);
#635=VECTOR('',#2279,10.);
#636=VECTOR('',#2280,10.);
#637=VECTOR('',#2283,10.);
#638=VECTOR('',#2284,10.);
#639=VECTOR('',#2285,10.);
#640=VECTOR('',#2288,10.);
#641=VECTOR('',#2289,10.);
#642=VECTOR('',#2292,10.);
#643=VECTOR('',#2295,10.);
#644=VECTOR('',#2298,10.);
#645=VECTOR('',#2299,10.);
#646=VECTOR('',#2302,10.);
#647=VECTOR('',#2303,10.);
#648=VECTOR('',#2304,10.);
#649=VECTOR('',#2307,10.);
#650=VECTOR('',#2308,10.);
#651=VECTOR('',#2311,10.);
#652=VECTOR('',#2312,10.);
#653=VECTOR('',#2313,10.);
#654=VECTOR('',#2316,10.);
#655=VECTOR('',#2319,10.);
#656=VECTOR('',#2320,10.);
#657=VECTOR('',#2321,10.);
#658=VECTOR('',#2324,10.);
#659=VECTOR('',#2325,10.);
#660=VECTOR('',#2328,10.);
#661=VECTOR('',#2329,10.);
#662=VECTOR('',#2330,10.);
#663=VECTOR('',#2333,10.);
#664=VECTOR('',#2334,10.);
#665=VECTOR('',#2337,10.);
#666=VECTOR('',#2338,10.);
#667=VECTOR('',#2339,10.);
#668=VECTOR('',#2342,10.);
#669=VECTOR('',#2345,10.);
#670=VECTOR('',#2346,10.);
#671=VECTOR('',#2347,10.);
#672=VECTOR('',#2348,10.);
#673=VECTOR('',#2351,10.);
#674=VECTOR('',#2352,10.);
#675=VECTOR('',#2353,10.);
#676=VECTOR('',#2356,10.);
#677=VECTOR('',#2357,10.);
#678=VECTOR('',#2360,10.);
#679=VECTOR('',#2361,10.);
#680=VECTOR('',#2364,10.);
#681=VECTOR('',#2365,10.);
#682=VECTOR('',#2366,10.);
#683=VECTOR('',#2369,10.);
#684=VECTOR('',#2370,10.);
#685=VECTOR('',#2373,10.);
#686=VECTOR('',#2376,10.);
#687=VECTOR('',#2379,10.);
#688=VECTOR('',#2384,10.);
#689=VECTOR('',#2387,10.);
#690=VECTOR('',#2388,10.);
#691=VECTOR('',#2389,10.);
#692=VECTOR('',#2392,10.);
#693=VECTOR('',#2393,10.);
#694=VECTOR('',#2396,10.);
#695=VECTOR('',#2399,10.);
#696=VECTOR('',#2402,10.);
#697=VECTOR('',#2407,10.);
#698=VECTOR('',#2408,10.);
#699=VECTOR('',#2411,10.);
#700=VECTOR('',#2414,10.);
#701=VECTOR('',#2417,10.);
#702=VECTOR('',#2422,10.);
#703=VECTOR('',#2425,10.);
#704=VECTOR('',#2428,10.);
#705=VECTOR('',#2435,0.75);
#706=VECTOR('',#2448,10.);
#707=VECTOR('',#2449,10.);
#708=VECTOR('',#2452,10.);
#709=VECTOR('',#2453,10.);
#710=VECTOR('',#2458,10.);
#711=VECTOR('',#2461,10.);
#712=VECTOR('',#2462,10.);
#713=VECTOR('',#2465,10.);
#714=VECTOR('',#2472,10.);
#715=VECTOR('',#2475,10.);
#716=VECTOR('',#2480,10.);
#717=VECTOR('',#2481,10.);
#718=VECTOR('',#2484,10.);
#719=VECTOR('',#2485,10.);
#720=VECTOR('',#2486,10.);
#721=VECTOR('',#2489,10.);
#722=VECTOR('',#2490,10.);
#723=VECTOR('',#2493,10.);
#724=VECTOR('',#2494,10.);
#725=VECTOR('',#2497,10.);
#726=VECTOR('',#2504,0.75);
#727=VECTOR('',#2515,10.);
#728=VECTOR('',#2516,10.);
#729=VECTOR('',#2517,10.);
#730=VECTOR('',#2520,10.);
#731=VECTOR('',#2521,10.);
#732=VECTOR('',#2522,10.);
#733=VECTOR('',#2525,10.);
#734=VECTOR('',#2526,10.);
#735=VECTOR('',#2527,10.);
#736=VECTOR('',#2530,10.);
#737=VECTOR('',#2531,10.);
#738=VECTOR('',#2534,10.);
#739=VECTOR('',#2535,10.);
#740=VECTOR('',#2540,10.);
#741=VECTOR('',#2543,10.);
#742=VECTOR('',#2544,10.);
#743=VECTOR('',#2547,10.);
#744=VECTOR('',#2548,10.);
#745=VECTOR('',#2551,10.);
#746=VECTOR('',#2552,10.);
#747=VECTOR('',#2563,10.);
#748=VECTOR('',#2564,10.);
#749=VECTOR('',#2565,10.);
#750=VECTOR('',#2568,10.);
#751=VECTOR('',#2569,10.);
#752=VECTOR('',#2570,10.);
#753=VECTOR('',#2573,10.);
#754=VECTOR('',#2574,10.);
#755=VECTOR('',#2575,10.);
#756=VECTOR('',#2578,10.);
#757=VECTOR('',#2579,10.);
#758=VECTOR('',#2582,10.);
#759=VECTOR('',#2583,10.);
#760=VECTOR('',#2586,10.);
#761=VECTOR('',#2591,10.);
#762=VECTOR('',#2592,10.);
#763=VECTOR('',#2595,10.);
#764=VECTOR('',#2596,10.);
#765=VECTOR('',#2599,10.);
#766=VECTOR('',#2600,10.);
#767=VECTOR('',#2611,10.);
#768=VECTOR('',#2612,10.);
#769=VECTOR('',#2613,10.);
#770=VECTOR('',#2616,10.);
#771=VECTOR('',#2617,10.);
#772=VECTOR('',#2618,10.);
#773=VECTOR('',#2621,10.);
#774=VECTOR('',#2622,10.);
#775=VECTOR('',#2623,10.);
#776=VECTOR('',#2626,10.);
#777=VECTOR('',#2627,10.);
#778=VECTOR('',#2630,10.);
#779=VECTOR('',#2631,10.);
#780=VECTOR('',#2634,10.);
#781=VECTOR('',#2639,10.);
#782=VECTOR('',#2640,10.);
#783=VECTOR('',#2643,10.);
#784=VECTOR('',#2644,10.);
#785=VECTOR('',#2647,10.);
#786=VECTOR('',#2648,10.);
#787=VECTOR('',#2659,10.);
#788=VECTOR('',#2660,10.);
#789=VECTOR('',#2661,10.);
#790=VECTOR('',#2664,10.);
#791=VECTOR('',#2665,10.);
#792=VECTOR('',#2666,10.);
#793=VECTOR('',#2669,10.);
#794=VECTOR('',#2670,10.);
#795=VECTOR('',#2671,10.);
#796=VECTOR('',#2674,10.);
#797=VECTOR('',#2675,10.);
#798=VECTOR('',#2678,10.);
#799=VECTOR('',#2679,10.);
#800=VECTOR('',#2684,10.);
#801=VECTOR('',#2687,10.);
#802=VECTOR('',#2688,10.);
#803=VECTOR('',#2691,10.);
#804=VECTOR('',#2692,10.);
#805=VECTOR('',#2695,10.);
#806=VECTOR('',#2696,10.);
#807=CIRCLE('',#2006,0.214449584785275);
#808=CIRCLE('',#2007,0.214449584785275);
#809=CIRCLE('',#2021,0.416385780203476);
#810=CIRCLE('',#2029,0.416385780203476);
#811=CIRCLE('',#2034,0.05);
#812=CIRCLE('',#2039,0.05);
#813=CIRCLE('',#2042,0.05);
#814=CIRCLE('',#2045,0.05);
#815=CIRCLE('',#2048,0.05);
#816=CIRCLE('',#2051,0.05);
#817=CIRCLE('',#2053,0.05);
#818=CIRCLE('',#2062,0.05);
#819=CIRCLE('',#2076,0.75);
#820=CIRCLE('',#2077,0.75);
#821=CIRCLE('',#2100,0.75);
#822=CIRCLE('',#2101,0.75);
#823=CIRCLE('',#2105,0.0850000000000001);
#824=CIRCLE('',#2106,0.0249999999999999);
#825=CIRCLE('',#2111,0.0249999999999999);
#826=CIRCLE('',#2116,0.0850000000000001);
#827=CIRCLE('',#2119,0.0850000000000001);
#828=CIRCLE('',#2120,0.0249999999999999);
#829=CIRCLE('',#2125,0.0249999999999999);
#830=CIRCLE('',#2130,0.0850000000000001);
#831=CIRCLE('',#2133,0.0850000000000001);
#832=CIRCLE('',#2134,0.0249999999999999);
#833=CIRCLE('',#2139,0.0249999999999999);
#834=CIRCLE('',#2144,0.0850000000000001);
#835=CIRCLE('',#2147,0.0850000000000001);
#836=CIRCLE('',#2148,0.0249999999999999);
#837=CIRCLE('',#2153,0.0249999999999999);
#838=CIRCLE('',#2158,0.0850000000000001);
#839=VERTEX_POINT('',#2705);
#840=VERTEX_POINT('',#2707);
#841=VERTEX_POINT('',#2712);
#842=VERTEX_POINT('',#2713);
#843=VERTEX_POINT('',#2715);
#844=VERTEX_POINT('',#2717);
#845=VERTEX_POINT('',#2719);
#846=VERTEX_POINT('',#2721);
#847=VERTEX_POINT('',#2723);
#848=VERTEX_POINT('',#2725);
#849=VERTEX_POINT('',#2727);
#850=VERTEX_POINT('',#2729);
#851=VERTEX_POINT('',#2731);
#852=VERTEX_POINT('',#2733);
#853=VERTEX_POINT('',#2735);
#854=VERTEX_POINT('',#2737);
#855=VERTEX_POINT('',#2741);
#856=VERTEX_POINT('',#2743);
#857=VERTEX_POINT('',#2745);
#858=VERTEX_POINT('',#2749);
#859=VERTEX_POINT('',#2751);
#860=VERTEX_POINT('',#2755);
#861=VERTEX_POINT('',#2756);
#862=VERTEX_POINT('',#2758);
#863=VERTEX_POINT('',#2760);
#864=VERTEX_POINT('',#2762);
#865=VERTEX_POINT('',#2764);
#866=VERTEX_POINT('',#2766);
#867=VERTEX_POINT('',#2768);
#868=VERTEX_POINT('',#2770);
#869=VERTEX_POINT('',#2772);
#870=VERTEX_POINT('',#2774);
#871=VERTEX_POINT('',#2776);
#872=VERTEX_POINT('',#2778);
#873=VERTEX_POINT('',#2780);
#874=VERTEX_POINT('',#2784);
#875=VERTEX_POINT('',#2786);
#876=VERTEX_POINT('',#2788);
#877=VERTEX_POINT('',#2792);
#878=VERTEX_POINT('',#2794);
#879=VERTEX_POINT('',#2798);
#880=VERTEX_POINT('',#2800);
#881=VERTEX_POINT('',#2804);
#882=VERTEX_POINT('',#2808);
#883=VERTEX_POINT('',#2812);
#884=VERTEX_POINT('',#2814);
#885=VERTEX_POINT('',#2816);
#886=VERTEX_POINT('',#2820);
#887=VERTEX_POINT('',#2822);
#888=VERTEX_POINT('',#2824);
#889=VERTEX_POINT('',#2828);
#890=VERTEX_POINT('',#2830);
#891=VERTEX_POINT('',#2834);
#892=VERTEX_POINT('',#2838);
#893=VERTEX_POINT('',#2842);
#894=VERTEX_POINT('',#2844);
#895=VERTEX_POINT('',#2848);
#896=VERTEX_POINT('',#2850);
#897=VERTEX_POINT('',#2852);
#898=VERTEX_POINT('',#2854);
#899=VERTEX_POINT('',#2856);
#900=VERTEX_POINT('',#2860);
#901=VERTEX_POINT('',#2864);
#902=VERTEX_POINT('',#2866);
#903=VERTEX_POINT('',#2870);
#904=VERTEX_POINT('',#2872);
#905=VERTEX_POINT('',#2874);
#906=VERTEX_POINT('',#2876);
#907=VERTEX_POINT('',#2878);
#908=VERTEX_POINT('',#2882);
#909=VERTEX_POINT('',#2886);
#910=VERTEX_POINT('',#2888);
#911=VERTEX_POINT('',#2890);
#912=VERTEX_POINT('',#2892);
#913=VERTEX_POINT('',#2896);
#914=VERTEX_POINT('',#2901);
#915=VERTEX_POINT('',#2903);
#916=VERTEX_POINT('',#2905);
#917=VERTEX_POINT('',#2907);
#918=VERTEX_POINT('',#2909);
#919=VERTEX_POINT('',#2913);
#920=VERTEX_POINT('',#2917);
#921=VERTEX_POINT('',#2919);
#922=VERTEX_POINT('',#2921);
#923=VERTEX_POINT('',#2923);
#924=VERTEX_POINT('',#2929);
#925=VERTEX_POINT('',#2933);
#926=VERTEX_POINT('',#2935);
#927=VERTEX_POINT('',#2937);
#928=VERTEX_POINT('',#2939);
#929=VERTEX_POINT('',#2941);
#930=VERTEX_POINT('',#2945);
#931=VERTEX_POINT('',#2947);
#932=VERTEX_POINT('',#2949);
#933=VERTEX_POINT('',#2951);
#934=VERTEX_POINT('',#2953);
#935=VERTEX_POINT('',#2969);
#936=VERTEX_POINT('',#2971);
#937=VERTEX_POINT('',#2976);
#938=VERTEX_POINT('',#2978);
#939=VERTEX_POINT('',#2987);
#940=VERTEX_POINT('',#3005);
#941=VERTEX_POINT('',#3007);
#942=VERTEX_POINT('',#3014);
#943=VERTEX_POINT('',#3015);
#944=VERTEX_POINT('',#3020);
#945=VERTEX_POINT('',#3024);
#946=VERTEX_POINT('',#3028);
#947=VERTEX_POINT('',#3032);
#948=VERTEX_POINT('',#3036);
#949=VERTEX_POINT('',#3042);
#950=VERTEX_POINT('',#3043);
#951=VERTEX_POINT('',#3048);
#952=VERTEX_POINT('',#3050);
#953=VERTEX_POINT('',#3054);
#954=VERTEX_POINT('',#3058);
#955=VERTEX_POINT('',#3065);
#956=VERTEX_POINT('',#3067);
#957=VERTEX_POINT('',#3073);
#958=VERTEX_POINT('',#3074);
#959=VERTEX_POINT('',#3076);
#960=VERTEX_POINT('',#3078);
#961=VERTEX_POINT('',#3080);
#962=VERTEX_POINT('',#3082);
#963=VERTEX_POINT('',#3084);
#964=VERTEX_POINT('',#3086);
#965=VERTEX_POINT('',#3090);
#966=VERTEX_POINT('',#3092);
#967=VERTEX_POINT('',#3096);
#968=VERTEX_POINT('',#3100);
#969=VERTEX_POINT('',#3104);
#970=VERTEX_POINT('',#3108);
#971=VERTEX_POINT('',#3112);
#972=VERTEX_POINT('',#3116);
#973=VERTEX_POINT('',#3123);
#974=VERTEX_POINT('',#3124);
#975=VERTEX_POINT('',#3126);
#976=VERTEX_POINT('',#3128);
#977=VERTEX_POINT('',#3130);
#978=VERTEX_POINT('',#3132);
#979=VERTEX_POINT('',#3134);
#980=VERTEX_POINT('',#3136);
#981=VERTEX_POINT('',#3140);
#982=VERTEX_POINT('',#3142);
#983=VERTEX_POINT('',#3146);
#984=VERTEX_POINT('',#3150);
#985=VERTEX_POINT('',#3154);
#986=VERTEX_POINT('',#3158);
#987=VERTEX_POINT('',#3162);
#988=VERTEX_POINT('',#3166);
#989=VERTEX_POINT('',#3173);
#990=VERTEX_POINT('',#3174);
#991=VERTEX_POINT('',#3176);
#992=VERTEX_POINT('',#3178);
#993=VERTEX_POINT('',#3180);
#994=VERTEX_POINT('',#3182);
#995=VERTEX_POINT('',#3184);
#996=VERTEX_POINT('',#3186);
#997=VERTEX_POINT('',#3190);
#998=VERTEX_POINT('',#3192);
#999=VERTEX_POINT('',#3196);
#1000=VERTEX_POINT('',#3200);
#1001=VERTEX_POINT('',#3204);
#1002=VERTEX_POINT('',#3208);
#1003=VERTEX_POINT('',#3212);
#1004=VERTEX_POINT('',#3216);
#1005=VERTEX_POINT('',#3223);
#1006=VERTEX_POINT('',#3224);
#1007=VERTEX_POINT('',#3226);
#1008=VERTEX_POINT('',#3228);
#1009=VERTEX_POINT('',#3230);
#1010=VERTEX_POINT('',#3232);
#1011=VERTEX_POINT('',#3234);
#1012=VERTEX_POINT('',#3236);
#1013=VERTEX_POINT('',#3240);
#1014=VERTEX_POINT('',#3242);
#1015=VERTEX_POINT('',#3246);
#1016=VERTEX_POINT('',#3250);
#1017=VERTEX_POINT('',#3254);
#1018=VERTEX_POINT('',#3258);
#1019=VERTEX_POINT('',#3262);
#1020=VERTEX_POINT('',#3266);
#1021=EDGE_CURVE('',#839,#839,#807,.T.);
#1022=EDGE_CURVE('',#839,#840,#345,.T.);
#1023=EDGE_CURVE('',#840,#840,#808,.T.);
#1024=EDGE_CURVE('',#841,#842,#346,.F.);
#1025=EDGE_CURVE('',#841,#843,#347,.T.);
#1026=EDGE_CURVE('',#844,#843,#348,.F.);
#1027=EDGE_CURVE('',#844,#845,#349,.T.);
#1028=EDGE_CURVE('',#845,#846,#350,.T.);
#1029=EDGE_CURVE('',#846,#847,#351,.T.);
#1030=EDGE_CURVE('',#848,#847,#27,.T.);
#1031=EDGE_CURVE('',#849,#848,#352,.T.);
#1032=EDGE_CURVE('',#850,#849,#353,.F.);
#1033=EDGE_CURVE('',#850,#851,#354,.T.);
#1034=EDGE_CURVE('',#852,#851,#355,.F.);
#1035=EDGE_CURVE('',#853,#852,#356,.F.);
#1036=EDGE_CURVE('',#854,#853,#357,.F.);
#1037=EDGE_CURVE('',#854,#842,#358,.T.);
#1038=EDGE_CURVE('',#855,#850,#359,.T.);
#1039=EDGE_CURVE('',#856,#855,#28,.T.);
#1040=EDGE_CURVE('',#857,#856,#360,.T.);
#1041=EDGE_CURVE('',#851,#857,#361,.T.);
#1042=EDGE_CURVE('',#858,#854,#362,.T.);
#1043=EDGE_CURVE('',#859,#858,#363,.T.);
#1044=EDGE_CURVE('',#842,#859,#364,.T.);
#1045=EDGE_CURVE('',#860,#861,#29,.T.);
#1046=EDGE_CURVE('',#860,#862,#365,.T.);
#1047=EDGE_CURVE('',#862,#863,#366,.T.);
#1048=EDGE_CURVE('',#863,#864,#367,.T.);
#1049=EDGE_CURVE('',#865,#864,#368,.F.);
#1050=EDGE_CURVE('',#865,#866,#369,.T.);
#1051=EDGE_CURVE('',#867,#866,#370,.F.);
#1052=EDGE_CURVE('',#867,#868,#371,.T.);
#1053=EDGE_CURVE('',#868,#869,#372,.T.);
#1054=EDGE_CURVE('',#869,#870,#373,.T.);
#1055=EDGE_CURVE('',#871,#870,#374,.F.);
#1056=EDGE_CURVE('',#871,#872,#375,.T.);
#1057=EDGE_CURVE('',#872,#873,#376,.T.);
#1058=EDGE_CURVE('',#861,#873,#377,.T.);
#1059=EDGE_CURVE('',#874,#863,#378,.T.);
#1060=EDGE_CURVE('',#875,#874,#30,.T.);
#1061=EDGE_CURVE('',#876,#875,#379,.T.);
#1062=EDGE_CURVE('',#864,#876,#380,.T.);
#1063=EDGE_CURVE('',#877,#867,#381,.T.);
#1064=EDGE_CURVE('',#878,#877,#382,.T.);
#1065=EDGE_CURVE('',#868,#878,#383,.T.);
#1066=EDGE_CURVE('',#879,#846,#384,.T.);
#1067=EDGE_CURVE('',#880,#879,#385,.T.);
#1068=EDGE_CURVE('',#880,#847,#386,.T.);
#1069=EDGE_CURVE('',#881,#880,#809,.T.);
#1070=EDGE_CURVE('',#881,#848,#387,.T.);
#1071=EDGE_CURVE('',#882,#881,#388,.T.);
#1072=EDGE_CURVE('',#849,#882,#389,.T.);
#1073=EDGE_CURVE('',#883,#844,#390,.T.);
#1074=EDGE_CURVE('',#884,#883,#391,.T.);
#1075=EDGE_CURVE('',#885,#884,#31,.T.);
#1076=EDGE_CURVE('',#845,#885,#392,.T.);
#1077=EDGE_CURVE('',#886,#871,#393,.T.);
#1078=EDGE_CURVE('',#887,#886,#394,.T.);
#1079=EDGE_CURVE('',#888,#887,#32,.T.);
#1080=EDGE_CURVE('',#872,#888,#395,.T.);
#1081=EDGE_CURVE('',#889,#873,#396,.T.);
#1082=EDGE_CURVE('',#890,#889,#397,.T.);
#1083=EDGE_CURVE('',#890,#861,#398,.T.);
#1084=EDGE_CURVE('',#891,#890,#810,.T.);
#1085=EDGE_CURVE('',#891,#860,#399,.T.);
#1086=EDGE_CURVE('',#892,#891,#400,.T.);
#1087=EDGE_CURVE('',#862,#892,#401,.T.);
#1088=EDGE_CURVE('',#884,#893,#402,.T.);
#1089=EDGE_CURVE('',#894,#893,#33,.T.);
#1090=EDGE_CURVE('',#894,#885,#403,.T.);
#1091=EDGE_CURVE('',#843,#895,#404,.T.);
#1092=EDGE_CURVE('',#895,#896,#405,.T.);
#1093=EDGE_CURVE('',#896,#897,#811,.T.);
#1094=EDGE_CURVE('',#897,#898,#406,.T.);
#1095=EDGE_CURVE('',#898,#899,#407,.T.);
#1096=EDGE_CURVE('',#883,#899,#408,.T.);
#1097=EDGE_CURVE('',#900,#841,#409,.F.);
#1098=EDGE_CURVE('',#900,#895,#410,.T.);
#1099=EDGE_CURVE('',#887,#901,#411,.T.);
#1100=EDGE_CURVE('',#901,#902,#34,.T.);
#1101=EDGE_CURVE('',#902,#888,#412,.T.);
#1102=EDGE_CURVE('',#870,#903,#413,.T.);
#1103=EDGE_CURVE('',#903,#904,#414,.T.);
#1104=EDGE_CURVE('',#904,#905,#812,.T.);
#1105=EDGE_CURVE('',#905,#906,#415,.T.);
#1106=EDGE_CURVE('',#906,#907,#416,.T.);
#1107=EDGE_CURVE('',#886,#907,#417,.T.);
#1108=EDGE_CURVE('',#908,#869,#418,.F.);
#1109=EDGE_CURVE('',#908,#903,#419,.T.);
#1110=EDGE_CURVE('',#909,#878,#420,.T.);
#1111=EDGE_CURVE('',#909,#910,#421,.T.);
#1112=EDGE_CURVE('',#910,#911,#422,.T.);
#1113=EDGE_CURVE('',#911,#912,#813,.T.);
#1114=EDGE_CURVE('',#912,#908,#423,.T.);
#1115=EDGE_CURVE('',#913,#894,#424,.T.);
#1116=EDGE_CURVE('',#874,#913,#425,.T.);
#1117=EDGE_CURVE('',#892,#879,#426,.T.);
#1118=EDGE_CURVE('',#866,#914,#427,.T.);
#1119=EDGE_CURVE('',#915,#914,#428,.T.);
#1120=EDGE_CURVE('',#916,#915,#814,.T.);
#1121=EDGE_CURVE('',#917,#916,#429,.T.);
#1122=EDGE_CURVE('',#918,#917,#430,.T.);
#1123=EDGE_CURVE('',#877,#918,#431,.T.);
#1124=EDGE_CURVE('',#865,#919,#432,.T.);
#1125=EDGE_CURVE('',#914,#919,#433,.T.);
#1126=EDGE_CURVE('',#920,#876,#434,.T.);
#1127=EDGE_CURVE('',#921,#920,#435,.T.);
#1128=EDGE_CURVE('',#922,#921,#436,.T.);
#1129=EDGE_CURVE('',#923,#922,#815,.T.);
#1130=EDGE_CURVE('',#919,#923,#437,.T.);
#1131=EDGE_CURVE('',#907,#909,#438,.T.);
#1132=EDGE_CURVE('',#918,#920,#439,.T.);
#1133=EDGE_CURVE('',#924,#875,#440,.T.);
#1134=EDGE_CURVE('',#901,#924,#441,.T.);
#1135=EDGE_CURVE('',#925,#857,#442,.T.);
#1136=EDGE_CURVE('',#926,#925,#443,.T.);
#1137=EDGE_CURVE('',#927,#926,#444,.T.);
#1138=EDGE_CURVE('',#928,#927,#816,.T.);
#1139=EDGE_CURVE('',#929,#928,#445,.T.);
#1140=EDGE_CURVE('',#852,#929,#446,.T.);
#1141=EDGE_CURVE('',#930,#853,#447,.T.);
#1142=EDGE_CURVE('',#931,#930,#448,.T.);
#1143=EDGE_CURVE('',#932,#931,#817,.T.);
#1144=EDGE_CURVE('',#933,#932,#449,.T.);
#1145=EDGE_CURVE('',#934,#933,#450,.T.);
#1146=EDGE_CURVE('',#858,#934,#451,.T.);
#1147=EDGE_CURVE('',#934,#925,#452,.T.);
#1148=EDGE_CURVE('',#933,#926,#453,.T.);
#1149=EDGE_CURVE('',#932,#927,#454,.T.);
#1150=EDGE_CURVE('',#931,#928,#455,.T.);
#1151=EDGE_CURVE('',#930,#929,#456,.T.);
#1152=EDGE_CURVE('',#882,#889,#457,.T.);
#1153=EDGE_CURVE('',#899,#935,#458,.T.);
#1154=EDGE_CURVE('',#936,#898,#459,.T.);
#1155=EDGE_CURVE('',#935,#936,#460,.T.);
#1156=EDGE_CURVE('',#935,#859,#461,.T.);
#1157=EDGE_CURVE('',#936,#937,#462,.T.);
#1158=EDGE_CURVE('',#937,#938,#818,.T.);
#1159=EDGE_CURVE('',#938,#900,#463,.T.);
#1160=EDGE_CURVE('',#937,#897,#464,.T.);
#1161=EDGE_CURVE('',#938,#896,#465,.T.);
#1162=EDGE_CURVE('',#939,#856,#466,.T.);
#1163=EDGE_CURVE('',#893,#939,#467,.T.);
#1164=EDGE_CURVE('',#910,#906,#468,.T.);
#1165=EDGE_CURVE('',#911,#905,#469,.T.);
#1166=EDGE_CURVE('',#912,#904,#470,.T.);
#1167=EDGE_CURVE('',#917,#921,#471,.T.);
#1168=EDGE_CURVE('',#916,#922,#472,.T.);
#1169=EDGE_CURVE('',#915,#923,#473,.T.);
#1170=EDGE_CURVE('',#940,#940,#819,.T.);
#1171=EDGE_CURVE('',#940,#941,#474,.T.);
#1172=EDGE_CURVE('',#941,#941,#820,.T.);
#1173=EDGE_CURVE('',#913,#924,#35,.T.);
#1174=EDGE_CURVE('',#942,#943,#36,.T.);
#1175=EDGE_CURVE('',#943,#924,#475,.T.);
#1176=EDGE_CURVE('',#913,#942,#476,.T.);
#1177=EDGE_CURVE('',#944,#894,#477,.T.);
#1178=EDGE_CURVE('',#944,#942,#478,.T.);
#1179=EDGE_CURVE('',#945,#944,#37,.T.);
#1180=EDGE_CURVE('',#893,#945,#479,.T.);
#1181=EDGE_CURVE('',#946,#939,#480,.T.);
#1182=EDGE_CURVE('',#946,#945,#481,.T.);
#1183=EDGE_CURVE('',#855,#947,#482,.T.);
#1184=EDGE_CURVE('',#947,#939,#38,.T.);
#1185=EDGE_CURVE('',#948,#946,#39,.T.);
#1186=EDGE_CURVE('',#947,#948,#483,.T.);
#1187=EDGE_CURVE('',#947,#902,#484,.T.);
#1188=EDGE_CURVE('',#949,#950,#40,.T.);
#1189=EDGE_CURVE('',#950,#902,#485,.T.);
#1190=EDGE_CURVE('',#901,#949,#486,.T.);
#1191=EDGE_CURVE('',#950,#951,#487,.T.);
#1192=EDGE_CURVE('',#951,#952,#488,.T.);
#1193=EDGE_CURVE('',#952,#948,#489,.T.);
#1194=EDGE_CURVE('',#953,#949,#490,.T.);
#1195=EDGE_CURVE('',#951,#953,#491,.T.);
#1196=EDGE_CURVE('',#954,#953,#492,.T.);
#1197=EDGE_CURVE('',#952,#954,#493,.T.);
#1198=EDGE_CURVE('',#943,#954,#494,.T.);
#1199=EDGE_CURVE('',#955,#955,#821,.T.);
#1200=EDGE_CURVE('',#955,#956,#495,.T.);
#1201=EDGE_CURVE('',#956,#956,#822,.T.);
#1202=EDGE_CURVE('',#957,#958,#823,.T.);
#1203=EDGE_CURVE('',#958,#959,#496,.T.);
#1204=EDGE_CURVE('',#959,#960,#497,.T.);
#1205=EDGE_CURVE('',#960,#961,#498,.T.);
#1206=EDGE_CURVE('',#961,#962,#824,.T.);
#1207=EDGE_CURVE('',#962,#963,#499,.T.);
#1208=EDGE_CURVE('',#963,#964,#500,.T.);
#1209=EDGE_CURVE('',#964,#957,#501,.T.);
#1210=EDGE_CURVE('',#965,#958,#502,.T.);
#1211=EDGE_CURVE('',#966,#965,#503,.T.);
#1212=EDGE_CURVE('',#959,#966,#504,.T.);
#1213=EDGE_CURVE('',#967,#966,#505,.T.);
#1214=EDGE_CURVE('',#960,#967,#506,.T.);
#1215=EDGE_CURVE('',#968,#967,#507,.T.);
#1216=EDGE_CURVE('',#961,#968,#508,.T.);
#1217=EDGE_CURVE('',#969,#968,#825,.T.);
#1218=EDGE_CURVE('',#962,#969,#509,.T.);
#1219=EDGE_CURVE('',#970,#969,#510,.T.);
#1220=EDGE_CURVE('',#963,#970,#511,.T.);
#1221=EDGE_CURVE('',#971,#970,#512,.T.);
#1222=EDGE_CURVE('',#964,#971,#513,.T.);
#1223=EDGE_CURVE('',#972,#971,#514,.T.);
#1224=EDGE_CURVE('',#957,#972,#515,.T.);
#1225=EDGE_CURVE('',#965,#972,#826,.T.);
#1226=EDGE_CURVE('',#973,#974,#827,.T.);
#1227=EDGE_CURVE('',#975,#973,#516,.T.);
#1228=EDGE_CURVE('',#976,#975,#517,.T.);
#1229=EDGE_CURVE('',#977,#976,#518,.T.);
#1230=EDGE_CURVE('',#978,#977,#828,.T.);
#1231=EDGE_CURVE('',#979,#978,#519,.T.);
#1232=EDGE_CURVE('',#980,#979,#520,.T.);
#1233=EDGE_CURVE('',#974,#980,#521,.T.);
#1234=EDGE_CURVE('',#981,#974,#522,.T.);
#1235=EDGE_CURVE('',#980,#982,#523,.T.);
#1236=EDGE_CURVE('',#982,#981,#524,.T.);
#1237=EDGE_CURVE('',#979,#983,#525,.T.);
#1238=EDGE_CURVE('',#983,#982,#526,.T.);
#1239=EDGE_CURVE('',#978,#984,#527,.T.);
#1240=EDGE_CURVE('',#984,#983,#528,.T.);
#1241=EDGE_CURVE('',#977,#985,#529,.T.);
#1242=EDGE_CURVE('',#985,#984,#829,.T.);
#1243=EDGE_CURVE('',#976,#986,#530,.T.);
#1244=EDGE_CURVE('',#986,#985,#531,.T.);
#1245=EDGE_CURVE('',#975,#987,#532,.T.);
#1246=EDGE_CURVE('',#987,#986,#533,.T.);
#1247=EDGE_CURVE('',#973,#988,#534,.T.);
#1248=EDGE_CURVE('',#988,#987,#535,.T.);
#1249=EDGE_CURVE('',#981,#988,#830,.T.);
#1250=EDGE_CURVE('',#989,#990,#831,.T.);
#1251=EDGE_CURVE('',#991,#989,#536,.T.);
#1252=EDGE_CURVE('',#992,#991,#537,.T.);
#1253=EDGE_CURVE('',#993,#992,#538,.T.);
#1254=EDGE_CURVE('',#994,#993,#832,.T.);
#1255=EDGE_CURVE('',#995,#994,#539,.T.);
#1256=EDGE_CURVE('',#996,#995,#540,.T.);
#1257=EDGE_CURVE('',#990,#996,#541,.T.);
#1258=EDGE_CURVE('',#997,#990,#542,.T.);
#1259=EDGE_CURVE('',#996,#998,#543,.T.);
#1260=EDGE_CURVE('',#998,#997,#544,.T.);
#1261=EDGE_CURVE('',#995,#999,#545,.T.);
#1262=EDGE_CURVE('',#999,#998,#546,.T.);
#1263=EDGE_CURVE('',#994,#1000,#547,.T.);
#1264=EDGE_CURVE('',#1000,#999,#548,.T.);
#1265=EDGE_CURVE('',#993,#1001,#549,.T.);
#1266=EDGE_CURVE('',#1001,#1000,#833,.T.);
#1267=EDGE_CURVE('',#992,#1002,#550,.T.);
#1268=EDGE_CURVE('',#1002,#1001,#551,.T.);
#1269=EDGE_CURVE('',#991,#1003,#552,.T.);
#1270=EDGE_CURVE('',#1003,#1002,#553,.T.);
#1271=EDGE_CURVE('',#989,#1004,#554,.T.);
#1272=EDGE_CURVE('',#1004,#1003,#555,.T.);
#1273=EDGE_CURVE('',#997,#1004,#834,.T.);
#1274=EDGE_CURVE('',#1005,#1006,#835,.T.);
#1275=EDGE_CURVE('',#1006,#1007,#556,.T.);
#1276=EDGE_CURVE('',#1007,#1008,#557,.T.);
#1277=EDGE_CURVE('',#1008,#1009,#558,.T.);
#1278=EDGE_CURVE('',#1009,#1010,#836,.T.);
#1279=EDGE_CURVE('',#1010,#1011,#559,.T.);
#1280=EDGE_CURVE('',#1011,#1012,#560,.T.);
#1281=EDGE_CURVE('',#1012,#1005,#561,.T.);
#1282=EDGE_CURVE('',#1013,#1006,#562,.T.);
#1283=EDGE_CURVE('',#1014,#1013,#563,.T.);
#1284=EDGE_CURVE('',#1007,#1014,#564,.T.);
#1285=EDGE_CURVE('',#1015,#1014,#565,.T.);
#1286=EDGE_CURVE('',#1008,#1015,#566,.T.);
#1287=EDGE_CURVE('',#1016,#1015,#567,.T.);
#1288=EDGE_CURVE('',#1009,#1016,#568,.T.);
#1289=EDGE_CURVE('',#1017,#1016,#837,.T.);
#1290=EDGE_CURVE('',#1010,#1017,#569,.T.);
#1291=EDGE_CURVE('',#1018,#1017,#570,.T.);
#1292=EDGE_CURVE('',#1011,#1018,#571,.T.);
#1293=EDGE_CURVE('',#1019,#1018,#572,.T.);
#1294=EDGE_CURVE('',#1012,#1019,#573,.T.);
#1295=EDGE_CURVE('',#1020,#1019,#574,.T.);
#1296=EDGE_CURVE('',#1005,#1020,#575,.T.);
#1297=EDGE_CURVE('',#1013,#1020,#838,.T.);
#1298=ORIENTED_EDGE('',*,*,#1021,.F.);
#1299=ORIENTED_EDGE('',*,*,#1022,.T.);
#1300=ORIENTED_EDGE('',*,*,#1023,.T.);
#1301=ORIENTED_EDGE('',*,*,#1022,.F.);
#1302=ORIENTED_EDGE('',*,*,#1023,.F.);
#1303=ORIENTED_EDGE('',*,*,#1024,.F.);
#1304=ORIENTED_EDGE('',*,*,#1025,.T.);
#1305=ORIENTED_EDGE('',*,*,#1026,.F.);
#1306=ORIENTED_EDGE('',*,*,#1027,.T.);
#1307=ORIENTED_EDGE('',*,*,#1028,.T.);
#1308=ORIENTED_EDGE('',*,*,#1029,.T.);
#1309=ORIENTED_EDGE('',*,*,#1030,.F.);
#1310=ORIENTED_EDGE('',*,*,#1031,.F.);
#1311=ORIENTED_EDGE('',*,*,#1032,.F.);
#1312=ORIENTED_EDGE('',*,*,#1033,.T.);
#1313=ORIENTED_EDGE('',*,*,#1034,.F.);
#1314=ORIENTED_EDGE('',*,*,#1035,.F.);
#1315=ORIENTED_EDGE('',*,*,#1036,.F.);
#1316=ORIENTED_EDGE('',*,*,#1037,.T.);
#1317=ORIENTED_EDGE('',*,*,#1033,.F.);
#1318=ORIENTED_EDGE('',*,*,#1038,.F.);
#1319=ORIENTED_EDGE('',*,*,#1039,.F.);
#1320=ORIENTED_EDGE('',*,*,#1040,.F.);
#1321=ORIENTED_EDGE('',*,*,#1041,.F.);
#1322=ORIENTED_EDGE('',*,*,#1037,.F.);
#1323=ORIENTED_EDGE('',*,*,#1042,.F.);
#1324=ORIENTED_EDGE('',*,*,#1043,.F.);
#1325=ORIENTED_EDGE('',*,*,#1044,.F.);
#1326=ORIENTED_EDGE('',*,*,#1045,.F.);
#1327=ORIENTED_EDGE('',*,*,#1046,.T.);
#1328=ORIENTED_EDGE('',*,*,#1047,.T.);
#1329=ORIENTED_EDGE('',*,*,#1048,.T.);
#1330=ORIENTED_EDGE('',*,*,#1049,.F.);
#1331=ORIENTED_EDGE('',*,*,#1050,.T.);
#1332=ORIENTED_EDGE('',*,*,#1051,.F.);
#1333=ORIENTED_EDGE('',*,*,#1052,.T.);
#1334=ORIENTED_EDGE('',*,*,#1053,.T.);
#1335=ORIENTED_EDGE('',*,*,#1054,.T.);
#1336=ORIENTED_EDGE('',*,*,#1055,.F.);
#1337=ORIENTED_EDGE('',*,*,#1056,.T.);
#1338=ORIENTED_EDGE('',*,*,#1057,.T.);
#1339=ORIENTED_EDGE('',*,*,#1058,.F.);
#1340=ORIENTED_EDGE('',*,*,#1048,.F.);
#1341=ORIENTED_EDGE('',*,*,#1059,.F.);
#1342=ORIENTED_EDGE('',*,*,#1060,.F.);
#1343=ORIENTED_EDGE('',*,*,#1061,.F.);
#1344=ORIENTED_EDGE('',*,*,#1062,.F.);
#1345=ORIENTED_EDGE('',*,*,#1052,.F.);
#1346=ORIENTED_EDGE('',*,*,#1063,.F.);
#1347=ORIENTED_EDGE('',*,*,#1064,.F.);
#1348=ORIENTED_EDGE('',*,*,#1065,.F.);
#1349=ORIENTED_EDGE('',*,*,#1029,.F.);
#1350=ORIENTED_EDGE('',*,*,#1066,.F.);
#1351=ORIENTED_EDGE('',*,*,#1067,.F.);
#1352=ORIENTED_EDGE('',*,*,#1068,.T.);
#1353=ORIENTED_EDGE('',*,*,#1030,.T.);
#1354=ORIENTED_EDGE('',*,*,#1068,.F.);
#1355=ORIENTED_EDGE('',*,*,#1069,.F.);
#1356=ORIENTED_EDGE('',*,*,#1070,.T.);
#1357=ORIENTED_EDGE('',*,*,#1031,.T.);
#1358=ORIENTED_EDGE('',*,*,#1070,.F.);
#1359=ORIENTED_EDGE('',*,*,#1071,.F.);
#1360=ORIENTED_EDGE('',*,*,#1072,.F.);
#1361=ORIENTED_EDGE('',*,*,#1027,.F.);
#1362=ORIENTED_EDGE('',*,*,#1073,.F.);
#1363=ORIENTED_EDGE('',*,*,#1074,.F.);
#1364=ORIENTED_EDGE('',*,*,#1075,.F.);
#1365=ORIENTED_EDGE('',*,*,#1076,.F.);
#1366=ORIENTED_EDGE('',*,*,#1056,.F.);
#1367=ORIENTED_EDGE('',*,*,#1077,.F.);
#1368=ORIENTED_EDGE('',*,*,#1078,.F.);
#1369=ORIENTED_EDGE('',*,*,#1079,.F.);
#1370=ORIENTED_EDGE('',*,*,#1080,.F.);
#1371=ORIENTED_EDGE('',*,*,#1058,.T.);
#1372=ORIENTED_EDGE('',*,*,#1081,.F.);
#1373=ORIENTED_EDGE('',*,*,#1082,.F.);
#1374=ORIENTED_EDGE('',*,*,#1083,.T.);
#1375=ORIENTED_EDGE('',*,*,#1045,.T.);
#1376=ORIENTED_EDGE('',*,*,#1083,.F.);
#1377=ORIENTED_EDGE('',*,*,#1084,.F.);
#1378=ORIENTED_EDGE('',*,*,#1085,.T.);
#1379=ORIENTED_EDGE('',*,*,#1046,.F.);
#1380=ORIENTED_EDGE('',*,*,#1085,.F.);
#1381=ORIENTED_EDGE('',*,*,#1086,.F.);
#1382=ORIENTED_EDGE('',*,*,#1087,.F.);
#1383=ORIENTED_EDGE('',*,*,#1075,.T.);
#1384=ORIENTED_EDGE('',*,*,#1088,.T.);
#1385=ORIENTED_EDGE('',*,*,#1089,.F.);
#1386=ORIENTED_EDGE('',*,*,#1090,.T.);
#1387=ORIENTED_EDGE('',*,*,#1073,.T.);
#1388=ORIENTED_EDGE('',*,*,#1026,.T.);
#1389=ORIENTED_EDGE('',*,*,#1091,.T.);
#1390=ORIENTED_EDGE('',*,*,#1092,.T.);
#1391=ORIENTED_EDGE('',*,*,#1093,.T.);
#1392=ORIENTED_EDGE('',*,*,#1094,.T.);
#1393=ORIENTED_EDGE('',*,*,#1095,.T.);
#1394=ORIENTED_EDGE('',*,*,#1096,.F.);
#1395=ORIENTED_EDGE('',*,*,#1097,.F.);
#1396=ORIENTED_EDGE('',*,*,#1098,.T.);
#1397=ORIENTED_EDGE('',*,*,#1091,.F.);
#1398=ORIENTED_EDGE('',*,*,#1025,.F.);
#1399=ORIENTED_EDGE('',*,*,#1079,.T.);
#1400=ORIENTED_EDGE('',*,*,#1099,.T.);
#1401=ORIENTED_EDGE('',*,*,#1100,.T.);
#1402=ORIENTED_EDGE('',*,*,#1101,.T.);
#1403=ORIENTED_EDGE('',*,*,#1077,.T.);
#1404=ORIENTED_EDGE('',*,*,#1055,.T.);
#1405=ORIENTED_EDGE('',*,*,#1102,.T.);
#1406=ORIENTED_EDGE('',*,*,#1103,.T.);
#1407=ORIENTED_EDGE('',*,*,#1104,.T.);
#1408=ORIENTED_EDGE('',*,*,#1105,.T.);
#1409=ORIENTED_EDGE('',*,*,#1106,.T.);
#1410=ORIENTED_EDGE('',*,*,#1107,.F.);
#1411=ORIENTED_EDGE('',*,*,#1108,.F.);
#1412=ORIENTED_EDGE('',*,*,#1109,.T.);
#1413=ORIENTED_EDGE('',*,*,#1102,.F.);
#1414=ORIENTED_EDGE('',*,*,#1054,.F.);
#1415=ORIENTED_EDGE('',*,*,#1065,.T.);
#1416=ORIENTED_EDGE('',*,*,#1110,.F.);
#1417=ORIENTED_EDGE('',*,*,#1111,.T.);
#1418=ORIENTED_EDGE('',*,*,#1112,.T.);
#1419=ORIENTED_EDGE('',*,*,#1113,.T.);
#1420=ORIENTED_EDGE('',*,*,#1114,.T.);
#1421=ORIENTED_EDGE('',*,*,#1108,.T.);
#1422=ORIENTED_EDGE('',*,*,#1053,.F.);
#1423=ORIENTED_EDGE('',*,*,#1066,.T.);
#1424=ORIENTED_EDGE('',*,*,#1028,.F.);
#1425=ORIENTED_EDGE('',*,*,#1076,.T.);
#1426=ORIENTED_EDGE('',*,*,#1090,.F.);
#1427=ORIENTED_EDGE('',*,*,#1115,.F.);
#1428=ORIENTED_EDGE('',*,*,#1116,.F.);
#1429=ORIENTED_EDGE('',*,*,#1059,.T.);
#1430=ORIENTED_EDGE('',*,*,#1047,.F.);
#1431=ORIENTED_EDGE('',*,*,#1087,.T.);
#1432=ORIENTED_EDGE('',*,*,#1117,.T.);
#1433=ORIENTED_EDGE('',*,*,#1063,.T.);
#1434=ORIENTED_EDGE('',*,*,#1051,.T.);
#1435=ORIENTED_EDGE('',*,*,#1118,.T.);
#1436=ORIENTED_EDGE('',*,*,#1119,.F.);
#1437=ORIENTED_EDGE('',*,*,#1120,.F.);
#1438=ORIENTED_EDGE('',*,*,#1121,.F.);
#1439=ORIENTED_EDGE('',*,*,#1122,.F.);
#1440=ORIENTED_EDGE('',*,*,#1123,.F.);
#1441=ORIENTED_EDGE('',*,*,#1124,.T.);
#1442=ORIENTED_EDGE('',*,*,#1125,.F.);
#1443=ORIENTED_EDGE('',*,*,#1118,.F.);
#1444=ORIENTED_EDGE('',*,*,#1050,.F.);
#1445=ORIENTED_EDGE('',*,*,#1062,.T.);
#1446=ORIENTED_EDGE('',*,*,#1126,.F.);
#1447=ORIENTED_EDGE('',*,*,#1127,.F.);
#1448=ORIENTED_EDGE('',*,*,#1128,.F.);
#1449=ORIENTED_EDGE('',*,*,#1129,.F.);
#1450=ORIENTED_EDGE('',*,*,#1130,.F.);
#1451=ORIENTED_EDGE('',*,*,#1124,.F.);
#1452=ORIENTED_EDGE('',*,*,#1049,.T.);
#1453=ORIENTED_EDGE('',*,*,#1078,.T.);
#1454=ORIENTED_EDGE('',*,*,#1107,.T.);
#1455=ORIENTED_EDGE('',*,*,#1131,.T.);
#1456=ORIENTED_EDGE('',*,*,#1110,.T.);
#1457=ORIENTED_EDGE('',*,*,#1064,.T.);
#1458=ORIENTED_EDGE('',*,*,#1123,.T.);
#1459=ORIENTED_EDGE('',*,*,#1132,.T.);
#1460=ORIENTED_EDGE('',*,*,#1126,.T.);
#1461=ORIENTED_EDGE('',*,*,#1061,.T.);
#1462=ORIENTED_EDGE('',*,*,#1133,.F.);
#1463=ORIENTED_EDGE('',*,*,#1134,.F.);
#1464=ORIENTED_EDGE('',*,*,#1099,.F.);
#1465=ORIENTED_EDGE('',*,*,#1041,.T.);
#1466=ORIENTED_EDGE('',*,*,#1135,.F.);
#1467=ORIENTED_EDGE('',*,*,#1136,.F.);
#1468=ORIENTED_EDGE('',*,*,#1137,.F.);
#1469=ORIENTED_EDGE('',*,*,#1138,.F.);
#1470=ORIENTED_EDGE('',*,*,#1139,.F.);
#1471=ORIENTED_EDGE('',*,*,#1140,.F.);
#1472=ORIENTED_EDGE('',*,*,#1034,.T.);
#1473=ORIENTED_EDGE('',*,*,#1042,.T.);
#1474=ORIENTED_EDGE('',*,*,#1036,.T.);
#1475=ORIENTED_EDGE('',*,*,#1141,.F.);
#1476=ORIENTED_EDGE('',*,*,#1142,.F.);
#1477=ORIENTED_EDGE('',*,*,#1143,.F.);
#1478=ORIENTED_EDGE('',*,*,#1144,.F.);
#1479=ORIENTED_EDGE('',*,*,#1145,.F.);
#1480=ORIENTED_EDGE('',*,*,#1146,.F.);
#1481=ORIENTED_EDGE('',*,*,#1147,.F.);
#1482=ORIENTED_EDGE('',*,*,#1145,.T.);
#1483=ORIENTED_EDGE('',*,*,#1148,.T.);
#1484=ORIENTED_EDGE('',*,*,#1136,.T.);
#1485=ORIENTED_EDGE('',*,*,#1148,.F.);
#1486=ORIENTED_EDGE('',*,*,#1144,.T.);
#1487=ORIENTED_EDGE('',*,*,#1149,.T.);
#1488=ORIENTED_EDGE('',*,*,#1137,.T.);
#1489=ORIENTED_EDGE('',*,*,#1149,.F.);
#1490=ORIENTED_EDGE('',*,*,#1143,.T.);
#1491=ORIENTED_EDGE('',*,*,#1150,.T.);
#1492=ORIENTED_EDGE('',*,*,#1138,.T.);
#1493=ORIENTED_EDGE('',*,*,#1150,.F.);
#1494=ORIENTED_EDGE('',*,*,#1142,.T.);
#1495=ORIENTED_EDGE('',*,*,#1151,.T.);
#1496=ORIENTED_EDGE('',*,*,#1139,.T.);
#1497=ORIENTED_EDGE('',*,*,#1140,.T.);
#1498=ORIENTED_EDGE('',*,*,#1151,.F.);
#1499=ORIENTED_EDGE('',*,*,#1141,.T.);
#1500=ORIENTED_EDGE('',*,*,#1035,.T.);
#1501=ORIENTED_EDGE('',*,*,#1071,.T.);
#1502=ORIENTED_EDGE('',*,*,#1069,.T.);
#1503=ORIENTED_EDGE('',*,*,#1067,.T.);
#1504=ORIENTED_EDGE('',*,*,#1117,.F.);
#1505=ORIENTED_EDGE('',*,*,#1086,.T.);
#1506=ORIENTED_EDGE('',*,*,#1084,.T.);
#1507=ORIENTED_EDGE('',*,*,#1082,.T.);
#1508=ORIENTED_EDGE('',*,*,#1152,.F.);
#1509=ORIENTED_EDGE('',*,*,#1021,.T.);
#1510=ORIENTED_EDGE('',*,*,#1153,.F.);
#1511=ORIENTED_EDGE('',*,*,#1095,.F.);
#1512=ORIENTED_EDGE('',*,*,#1154,.F.);
#1513=ORIENTED_EDGE('',*,*,#1155,.F.);
#1514=ORIENTED_EDGE('',*,*,#1044,.T.);
#1515=ORIENTED_EDGE('',*,*,#1156,.F.);
#1516=ORIENTED_EDGE('',*,*,#1155,.T.);
#1517=ORIENTED_EDGE('',*,*,#1157,.T.);
#1518=ORIENTED_EDGE('',*,*,#1158,.T.);
#1519=ORIENTED_EDGE('',*,*,#1159,.T.);
#1520=ORIENTED_EDGE('',*,*,#1097,.T.);
#1521=ORIENTED_EDGE('',*,*,#1024,.T.);
#1522=ORIENTED_EDGE('',*,*,#1154,.T.);
#1523=ORIENTED_EDGE('',*,*,#1094,.F.);
#1524=ORIENTED_EDGE('',*,*,#1160,.F.);
#1525=ORIENTED_EDGE('',*,*,#1157,.F.);
#1526=ORIENTED_EDGE('',*,*,#1160,.T.);
#1527=ORIENTED_EDGE('',*,*,#1093,.F.);
#1528=ORIENTED_EDGE('',*,*,#1161,.F.);
#1529=ORIENTED_EDGE('',*,*,#1158,.F.);
#1530=ORIENTED_EDGE('',*,*,#1161,.T.);
#1531=ORIENTED_EDGE('',*,*,#1092,.F.);
#1532=ORIENTED_EDGE('',*,*,#1098,.F.);
#1533=ORIENTED_EDGE('',*,*,#1159,.F.);
#1534=ORIENTED_EDGE('',*,*,#1040,.T.);
#1535=ORIENTED_EDGE('',*,*,#1162,.F.);
#1536=ORIENTED_EDGE('',*,*,#1163,.F.);
#1537=ORIENTED_EDGE('',*,*,#1088,.F.);
#1538=ORIENTED_EDGE('',*,*,#1074,.T.);
#1539=ORIENTED_EDGE('',*,*,#1096,.T.);
#1540=ORIENTED_EDGE('',*,*,#1153,.T.);
#1541=ORIENTED_EDGE('',*,*,#1156,.T.);
#1542=ORIENTED_EDGE('',*,*,#1043,.T.);
#1543=ORIENTED_EDGE('',*,*,#1146,.T.);
#1544=ORIENTED_EDGE('',*,*,#1147,.T.);
#1545=ORIENTED_EDGE('',*,*,#1135,.T.);
#1546=ORIENTED_EDGE('',*,*,#1131,.F.);
#1547=ORIENTED_EDGE('',*,*,#1106,.F.);
#1548=ORIENTED_EDGE('',*,*,#1164,.F.);
#1549=ORIENTED_EDGE('',*,*,#1111,.F.);
#1550=ORIENTED_EDGE('',*,*,#1164,.T.);
#1551=ORIENTED_EDGE('',*,*,#1105,.F.);
#1552=ORIENTED_EDGE('',*,*,#1165,.F.);
#1553=ORIENTED_EDGE('',*,*,#1112,.F.);
#1554=ORIENTED_EDGE('',*,*,#1165,.T.);
#1555=ORIENTED_EDGE('',*,*,#1104,.F.);
#1556=ORIENTED_EDGE('',*,*,#1166,.F.);
#1557=ORIENTED_EDGE('',*,*,#1113,.F.);
#1558=ORIENTED_EDGE('',*,*,#1166,.T.);
#1559=ORIENTED_EDGE('',*,*,#1103,.F.);
#1560=ORIENTED_EDGE('',*,*,#1109,.F.);
#1561=ORIENTED_EDGE('',*,*,#1114,.F.);
#1562=ORIENTED_EDGE('',*,*,#1132,.F.);
#1563=ORIENTED_EDGE('',*,*,#1122,.T.);
#1564=ORIENTED_EDGE('',*,*,#1167,.T.);
#1565=ORIENTED_EDGE('',*,*,#1127,.T.);
#1566=ORIENTED_EDGE('',*,*,#1167,.F.);
#1567=ORIENTED_EDGE('',*,*,#1121,.T.);
#1568=ORIENTED_EDGE('',*,*,#1168,.T.);
#1569=ORIENTED_EDGE('',*,*,#1128,.T.);
#1570=ORIENTED_EDGE('',*,*,#1168,.F.);
#1571=ORIENTED_EDGE('',*,*,#1120,.T.);
#1572=ORIENTED_EDGE('',*,*,#1169,.T.);
#1573=ORIENTED_EDGE('',*,*,#1129,.T.);
#1574=ORIENTED_EDGE('',*,*,#1169,.F.);
#1575=ORIENTED_EDGE('',*,*,#1119,.T.);
#1576=ORIENTED_EDGE('',*,*,#1125,.T.);
#1577=ORIENTED_EDGE('',*,*,#1130,.T.);
#1578=ORIENTED_EDGE('',*,*,#1170,.F.);
#1579=ORIENTED_EDGE('',*,*,#1171,.T.);
#1580=ORIENTED_EDGE('',*,*,#1172,.T.);
#1581=ORIENTED_EDGE('',*,*,#1171,.F.);
#1582=ORIENTED_EDGE('',*,*,#1172,.F.);
#1583=ORIENTED_EDGE('',*,*,#1060,.T.);
#1584=ORIENTED_EDGE('',*,*,#1116,.T.);
#1585=ORIENTED_EDGE('',*,*,#1173,.T.);
#1586=ORIENTED_EDGE('',*,*,#1133,.T.);
#1587=ORIENTED_EDGE('',*,*,#1174,.T.);
#1588=ORIENTED_EDGE('',*,*,#1175,.T.);
#1589=ORIENTED_EDGE('',*,*,#1173,.F.);
#1590=ORIENTED_EDGE('',*,*,#1176,.T.);
#1591=ORIENTED_EDGE('',*,*,#1176,.F.);
#1592=ORIENTED_EDGE('',*,*,#1115,.T.);
#1593=ORIENTED_EDGE('',*,*,#1177,.F.);
#1594=ORIENTED_EDGE('',*,*,#1178,.T.);
#1595=ORIENTED_EDGE('',*,*,#1179,.T.);
#1596=ORIENTED_EDGE('',*,*,#1177,.T.);
#1597=ORIENTED_EDGE('',*,*,#1089,.T.);
#1598=ORIENTED_EDGE('',*,*,#1180,.T.);
#1599=ORIENTED_EDGE('',*,*,#1180,.F.);
#1600=ORIENTED_EDGE('',*,*,#1163,.T.);
#1601=ORIENTED_EDGE('',*,*,#1181,.F.);
#1602=ORIENTED_EDGE('',*,*,#1182,.T.);
#1603=ORIENTED_EDGE('',*,*,#1039,.T.);
#1604=ORIENTED_EDGE('',*,*,#1183,.T.);
#1605=ORIENTED_EDGE('',*,*,#1184,.T.);
#1606=ORIENTED_EDGE('',*,*,#1162,.T.);
#1607=ORIENTED_EDGE('',*,*,#1185,.T.);
#1608=ORIENTED_EDGE('',*,*,#1181,.T.);
#1609=ORIENTED_EDGE('',*,*,#1184,.F.);
#1610=ORIENTED_EDGE('',*,*,#1186,.T.);
#1611=ORIENTED_EDGE('',*,*,#1072,.T.);
#1612=ORIENTED_EDGE('',*,*,#1152,.T.);
#1613=ORIENTED_EDGE('',*,*,#1081,.T.);
#1614=ORIENTED_EDGE('',*,*,#1057,.F.);
#1615=ORIENTED_EDGE('',*,*,#1080,.T.);
#1616=ORIENTED_EDGE('',*,*,#1101,.F.);
#1617=ORIENTED_EDGE('',*,*,#1187,.F.);
#1618=ORIENTED_EDGE('',*,*,#1183,.F.);
#1619=ORIENTED_EDGE('',*,*,#1038,.T.);
#1620=ORIENTED_EDGE('',*,*,#1032,.T.);
#1621=ORIENTED_EDGE('',*,*,#1188,.T.);
#1622=ORIENTED_EDGE('',*,*,#1189,.T.);
#1623=ORIENTED_EDGE('',*,*,#1100,.F.);
#1624=ORIENTED_EDGE('',*,*,#1190,.T.);
#1625=ORIENTED_EDGE('',*,*,#1186,.F.);
#1626=ORIENTED_EDGE('',*,*,#1187,.T.);
#1627=ORIENTED_EDGE('',*,*,#1189,.F.);
#1628=ORIENTED_EDGE('',*,*,#1191,.T.);
#1629=ORIENTED_EDGE('',*,*,#1192,.T.);
#1630=ORIENTED_EDGE('',*,*,#1193,.T.);
#1631=ORIENTED_EDGE('',*,*,#1188,.F.);
#1632=ORIENTED_EDGE('',*,*,#1194,.F.);
#1633=ORIENTED_EDGE('',*,*,#1195,.F.);
#1634=ORIENTED_EDGE('',*,*,#1191,.F.);
#1635=ORIENTED_EDGE('',*,*,#1196,.F.);
#1636=ORIENTED_EDGE('',*,*,#1197,.F.);
#1637=ORIENTED_EDGE('',*,*,#1192,.F.);
#1638=ORIENTED_EDGE('',*,*,#1195,.T.);
#1639=ORIENTED_EDGE('',*,*,#1175,.F.);
#1640=ORIENTED_EDGE('',*,*,#1198,.T.);
#1641=ORIENTED_EDGE('',*,*,#1196,.T.);
#1642=ORIENTED_EDGE('',*,*,#1194,.T.);
#1643=ORIENTED_EDGE('',*,*,#1190,.F.);
#1644=ORIENTED_EDGE('',*,*,#1134,.T.);
#1645=ORIENTED_EDGE('',*,*,#1174,.F.);
#1646=ORIENTED_EDGE('',*,*,#1178,.F.);
#1647=ORIENTED_EDGE('',*,*,#1179,.F.);
#1648=ORIENTED_EDGE('',*,*,#1182,.F.);
#1649=ORIENTED_EDGE('',*,*,#1185,.F.);
#1650=ORIENTED_EDGE('',*,*,#1193,.F.);
#1651=ORIENTED_EDGE('',*,*,#1197,.T.);
#1652=ORIENTED_EDGE('',*,*,#1198,.F.);
#1653=ORIENTED_EDGE('',*,*,#1170,.T.);
#1654=ORIENTED_EDGE('',*,*,#1199,.F.);
#1655=ORIENTED_EDGE('',*,*,#1200,.T.);
#1656=ORIENTED_EDGE('',*,*,#1201,.F.);
#1657=ORIENTED_EDGE('',*,*,#1200,.F.);
#1658=ORIENTED_EDGE('',*,*,#1201,.T.);
#1659=ORIENTED_EDGE('',*,*,#1199,.T.);
#1660=ORIENTED_EDGE('',*,*,#1202,.T.);
#1661=ORIENTED_EDGE('',*,*,#1203,.T.);
#1662=ORIENTED_EDGE('',*,*,#1204,.T.);
#1663=ORIENTED_EDGE('',*,*,#1205,.T.);
#1664=ORIENTED_EDGE('',*,*,#1206,.T.);
#1665=ORIENTED_EDGE('',*,*,#1207,.T.);
#1666=ORIENTED_EDGE('',*,*,#1208,.T.);
#1667=ORIENTED_EDGE('',*,*,#1209,.T.);
#1668=ORIENTED_EDGE('',*,*,#1210,.F.);
#1669=ORIENTED_EDGE('',*,*,#1211,.F.);
#1670=ORIENTED_EDGE('',*,*,#1212,.F.);
#1671=ORIENTED_EDGE('',*,*,#1203,.F.);
#1672=ORIENTED_EDGE('',*,*,#1212,.T.);
#1673=ORIENTED_EDGE('',*,*,#1213,.F.);
#1674=ORIENTED_EDGE('',*,*,#1214,.F.);
#1675=ORIENTED_EDGE('',*,*,#1204,.F.);
#1676=ORIENTED_EDGE('',*,*,#1214,.T.);
#1677=ORIENTED_EDGE('',*,*,#1215,.F.);
#1678=ORIENTED_EDGE('',*,*,#1216,.F.);
#1679=ORIENTED_EDGE('',*,*,#1205,.F.);
#1680=ORIENTED_EDGE('',*,*,#1216,.T.);
#1681=ORIENTED_EDGE('',*,*,#1217,.F.);
#1682=ORIENTED_EDGE('',*,*,#1218,.F.);
#1683=ORIENTED_EDGE('',*,*,#1206,.F.);
#1684=ORIENTED_EDGE('',*,*,#1218,.T.);
#1685=ORIENTED_EDGE('',*,*,#1219,.F.);
#1686=ORIENTED_EDGE('',*,*,#1220,.F.);
#1687=ORIENTED_EDGE('',*,*,#1207,.F.);
#1688=ORIENTED_EDGE('',*,*,#1220,.T.);
#1689=ORIENTED_EDGE('',*,*,#1221,.F.);
#1690=ORIENTED_EDGE('',*,*,#1222,.F.);
#1691=ORIENTED_EDGE('',*,*,#1208,.F.);
#1692=ORIENTED_EDGE('',*,*,#1222,.T.);
#1693=ORIENTED_EDGE('',*,*,#1223,.F.);
#1694=ORIENTED_EDGE('',*,*,#1224,.F.);
#1695=ORIENTED_EDGE('',*,*,#1209,.F.);
#1696=ORIENTED_EDGE('',*,*,#1224,.T.);
#1697=ORIENTED_EDGE('',*,*,#1225,.F.);
#1698=ORIENTED_EDGE('',*,*,#1210,.T.);
#1699=ORIENTED_EDGE('',*,*,#1202,.F.);
#1700=ORIENTED_EDGE('',*,*,#1225,.T.);
#1701=ORIENTED_EDGE('',*,*,#1223,.T.);
#1702=ORIENTED_EDGE('',*,*,#1221,.T.);
#1703=ORIENTED_EDGE('',*,*,#1219,.T.);
#1704=ORIENTED_EDGE('',*,*,#1217,.T.);
#1705=ORIENTED_EDGE('',*,*,#1215,.T.);
#1706=ORIENTED_EDGE('',*,*,#1213,.T.);
#1707=ORIENTED_EDGE('',*,*,#1211,.T.);
#1708=ORIENTED_EDGE('',*,*,#1226,.F.);
#1709=ORIENTED_EDGE('',*,*,#1227,.F.);
#1710=ORIENTED_EDGE('',*,*,#1228,.F.);
#1711=ORIENTED_EDGE('',*,*,#1229,.F.);
#1712=ORIENTED_EDGE('',*,*,#1230,.F.);
#1713=ORIENTED_EDGE('',*,*,#1231,.F.);
#1714=ORIENTED_EDGE('',*,*,#1232,.F.);
#1715=ORIENTED_EDGE('',*,*,#1233,.F.);
#1716=ORIENTED_EDGE('',*,*,#1234,.T.);
#1717=ORIENTED_EDGE('',*,*,#1233,.T.);
#1718=ORIENTED_EDGE('',*,*,#1235,.T.);
#1719=ORIENTED_EDGE('',*,*,#1236,.T.);
#1720=ORIENTED_EDGE('',*,*,#1235,.F.);
#1721=ORIENTED_EDGE('',*,*,#1232,.T.);
#1722=ORIENTED_EDGE('',*,*,#1237,.T.);
#1723=ORIENTED_EDGE('',*,*,#1238,.T.);
#1724=ORIENTED_EDGE('',*,*,#1237,.F.);
#1725=ORIENTED_EDGE('',*,*,#1231,.T.);
#1726=ORIENTED_EDGE('',*,*,#1239,.T.);
#1727=ORIENTED_EDGE('',*,*,#1240,.T.);
#1728=ORIENTED_EDGE('',*,*,#1239,.F.);
#1729=ORIENTED_EDGE('',*,*,#1230,.T.);
#1730=ORIENTED_EDGE('',*,*,#1241,.T.);
#1731=ORIENTED_EDGE('',*,*,#1242,.T.);
#1732=ORIENTED_EDGE('',*,*,#1241,.F.);
#1733=ORIENTED_EDGE('',*,*,#1229,.T.);
#1734=ORIENTED_EDGE('',*,*,#1243,.T.);
#1735=ORIENTED_EDGE('',*,*,#1244,.T.);
#1736=ORIENTED_EDGE('',*,*,#1243,.F.);
#1737=ORIENTED_EDGE('',*,*,#1228,.T.);
#1738=ORIENTED_EDGE('',*,*,#1245,.T.);
#1739=ORIENTED_EDGE('',*,*,#1246,.T.);
#1740=ORIENTED_EDGE('',*,*,#1245,.F.);
#1741=ORIENTED_EDGE('',*,*,#1227,.T.);
#1742=ORIENTED_EDGE('',*,*,#1247,.T.);
#1743=ORIENTED_EDGE('',*,*,#1248,.T.);
#1744=ORIENTED_EDGE('',*,*,#1247,.F.);
#1745=ORIENTED_EDGE('',*,*,#1226,.T.);
#1746=ORIENTED_EDGE('',*,*,#1234,.F.);
#1747=ORIENTED_EDGE('',*,*,#1249,.T.);
#1748=ORIENTED_EDGE('',*,*,#1249,.F.);
#1749=ORIENTED_EDGE('',*,*,#1236,.F.);
#1750=ORIENTED_EDGE('',*,*,#1238,.F.);
#1751=ORIENTED_EDGE('',*,*,#1240,.F.);
#1752=ORIENTED_EDGE('',*,*,#1242,.F.);
#1753=ORIENTED_EDGE('',*,*,#1244,.F.);
#1754=ORIENTED_EDGE('',*,*,#1246,.F.);
#1755=ORIENTED_EDGE('',*,*,#1248,.F.);
#1756=ORIENTED_EDGE('',*,*,#1250,.F.);
#1757=ORIENTED_EDGE('',*,*,#1251,.F.);
#1758=ORIENTED_EDGE('',*,*,#1252,.F.);
#1759=ORIENTED_EDGE('',*,*,#1253,.F.);
#1760=ORIENTED_EDGE('',*,*,#1254,.F.);
#1761=ORIENTED_EDGE('',*,*,#1255,.F.);
#1762=ORIENTED_EDGE('',*,*,#1256,.F.);
#1763=ORIENTED_EDGE('',*,*,#1257,.F.);
#1764=ORIENTED_EDGE('',*,*,#1258,.T.);
#1765=ORIENTED_EDGE('',*,*,#1257,.T.);
#1766=ORIENTED_EDGE('',*,*,#1259,.T.);
#1767=ORIENTED_EDGE('',*,*,#1260,.T.);
#1768=ORIENTED_EDGE('',*,*,#1259,.F.);
#1769=ORIENTED_EDGE('',*,*,#1256,.T.);
#1770=ORIENTED_EDGE('',*,*,#1261,.T.);
#1771=ORIENTED_EDGE('',*,*,#1262,.T.);
#1772=ORIENTED_EDGE('',*,*,#1261,.F.);
#1773=ORIENTED_EDGE('',*,*,#1255,.T.);
#1774=ORIENTED_EDGE('',*,*,#1263,.T.);
#1775=ORIENTED_EDGE('',*,*,#1264,.T.);
#1776=ORIENTED_EDGE('',*,*,#1263,.F.);
#1777=ORIENTED_EDGE('',*,*,#1254,.T.);
#1778=ORIENTED_EDGE('',*,*,#1265,.T.);
#1779=ORIENTED_EDGE('',*,*,#1266,.T.);
#1780=ORIENTED_EDGE('',*,*,#1265,.F.);
#1781=ORIENTED_EDGE('',*,*,#1253,.T.);
#1782=ORIENTED_EDGE('',*,*,#1267,.T.);
#1783=ORIENTED_EDGE('',*,*,#1268,.T.);
#1784=ORIENTED_EDGE('',*,*,#1267,.F.);
#1785=ORIENTED_EDGE('',*,*,#1252,.T.);
#1786=ORIENTED_EDGE('',*,*,#1269,.T.);
#1787=ORIENTED_EDGE('',*,*,#1270,.T.);
#1788=ORIENTED_EDGE('',*,*,#1269,.F.);
#1789=ORIENTED_EDGE('',*,*,#1251,.T.);
#1790=ORIENTED_EDGE('',*,*,#1271,.T.);
#1791=ORIENTED_EDGE('',*,*,#1272,.T.);
#1792=ORIENTED_EDGE('',*,*,#1271,.F.);
#1793=ORIENTED_EDGE('',*,*,#1250,.T.);
#1794=ORIENTED_EDGE('',*,*,#1258,.F.);
#1795=ORIENTED_EDGE('',*,*,#1273,.T.);
#1796=ORIENTED_EDGE('',*,*,#1273,.F.);
#1797=ORIENTED_EDGE('',*,*,#1260,.F.);
#1798=ORIENTED_EDGE('',*,*,#1262,.F.);
#1799=ORIENTED_EDGE('',*,*,#1264,.F.);
#1800=ORIENTED_EDGE('',*,*,#1266,.F.);
#1801=ORIENTED_EDGE('',*,*,#1268,.F.);
#1802=ORIENTED_EDGE('',*,*,#1270,.F.);
#1803=ORIENTED_EDGE('',*,*,#1272,.F.);
#1804=ORIENTED_EDGE('',*,*,#1274,.T.);
#1805=ORIENTED_EDGE('',*,*,#1275,.T.);
#1806=ORIENTED_EDGE('',*,*,#1276,.T.);
#1807=ORIENTED_EDGE('',*,*,#1277,.T.);
#1808=ORIENTED_EDGE('',*,*,#1278,.T.);
#1809=ORIENTED_EDGE('',*,*,#1279,.T.);
#1810=ORIENTED_EDGE('',*,*,#1280,.T.);
#1811=ORIENTED_EDGE('',*,*,#1281,.T.);
#1812=ORIENTED_EDGE('',*,*,#1282,.F.);
#1813=ORIENTED_EDGE('',*,*,#1283,.F.);
#1814=ORIENTED_EDGE('',*,*,#1284,.F.);
#1815=ORIENTED_EDGE('',*,*,#1275,.F.);
#1816=ORIENTED_EDGE('',*,*,#1284,.T.);
#1817=ORIENTED_EDGE('',*,*,#1285,.F.);
#1818=ORIENTED_EDGE('',*,*,#1286,.F.);
#1819=ORIENTED_EDGE('',*,*,#1276,.F.);
#1820=ORIENTED_EDGE('',*,*,#1286,.T.);
#1821=ORIENTED_EDGE('',*,*,#1287,.F.);
#1822=ORIENTED_EDGE('',*,*,#1288,.F.);
#1823=ORIENTED_EDGE('',*,*,#1277,.F.);
#1824=ORIENTED_EDGE('',*,*,#1288,.T.);
#1825=ORIENTED_EDGE('',*,*,#1289,.F.);
#1826=ORIENTED_EDGE('',*,*,#1290,.F.);
#1827=ORIENTED_EDGE('',*,*,#1278,.F.);
#1828=ORIENTED_EDGE('',*,*,#1290,.T.);
#1829=ORIENTED_EDGE('',*,*,#1291,.F.);
#1830=ORIENTED_EDGE('',*,*,#1292,.F.);
#1831=ORIENTED_EDGE('',*,*,#1279,.F.);
#1832=ORIENTED_EDGE('',*,*,#1292,.T.);
#1833=ORIENTED_EDGE('',*,*,#1293,.F.);
#1834=ORIENTED_EDGE('',*,*,#1294,.F.);
#1835=ORIENTED_EDGE('',*,*,#1280,.F.);
#1836=ORIENTED_EDGE('',*,*,#1294,.T.);
#1837=ORIENTED_EDGE('',*,*,#1295,.F.);
#1838=ORIENTED_EDGE('',*,*,#1296,.F.);
#1839=ORIENTED_EDGE('',*,*,#1281,.F.);
#1840=ORIENTED_EDGE('',*,*,#1296,.T.);
#1841=ORIENTED_EDGE('',*,*,#1297,.F.);
#1842=ORIENTED_EDGE('',*,*,#1282,.T.);
#1843=ORIENTED_EDGE('',*,*,#1274,.F.);
#1844=ORIENTED_EDGE('',*,*,#1297,.T.);
#1845=ORIENTED_EDGE('',*,*,#1295,.T.);
#1846=ORIENTED_EDGE('',*,*,#1293,.T.);
#1847=ORIENTED_EDGE('',*,*,#1291,.T.);
#1848=ORIENTED_EDGE('',*,*,#1289,.T.);
#1849=ORIENTED_EDGE('',*,*,#1287,.T.);
#1850=ORIENTED_EDGE('',*,*,#1285,.T.);
#1851=ORIENTED_EDGE('',*,*,#1283,.T.);
#1852=CYLINDRICAL_SURFACE('',#2005,0.214449584785275);
#1853=CYLINDRICAL_SURFACE('',#2020,0.416385780203476);
#1854=CYLINDRICAL_SURFACE('',#2028,0.416385780203476);
#1855=CYLINDRICAL_SURFACE('',#2031,0.175);
#1856=CYLINDRICAL_SURFACE('',#2036,0.175);
#1857=CYLINDRICAL_SURFACE('',#2056,0.05);
#1858=CYLINDRICAL_SURFACE('',#2064,0.05);
#1859=CYLINDRICAL_SURFACE('',#2069,0.05);
#1860=CYLINDRICAL_SURFACE('',#2073,0.05);
#1861=CYLINDRICAL_SURFACE('',#2075,0.75);
#1862=CYLINDRICAL_SURFACE('',#2079,0.175);
#1863=CYLINDRICAL_SURFACE('',#2081,0.175);
#1864=CYLINDRICAL_SURFACE('',#2084,0.175);
#1865=CYLINDRICAL_SURFACE('',#2087,0.175);
#1866=CYLINDRICAL_SURFACE('',#2089,0.175);
#1867=CYLINDRICAL_SURFACE('',#2092,0.175);
#1868=CYLINDRICAL_SURFACE('',#2099,0.75);
#1869=CYLINDRICAL_SURFACE('',#2110,0.0249999999999999);
#1870=CYLINDRICAL_SURFACE('',#2115,0.0850000000000001);
#1871=CYLINDRICAL_SURFACE('',#2124,0.0249999999999999);
#1872=CYLINDRICAL_SURFACE('',#2129,0.0850000000000001);
#1873=CYLINDRICAL_SURFACE('',#2138,0.0249999999999999);
#1874=CYLINDRICAL_SURFACE('',#2143,0.0850000000000001);
#1875=CYLINDRICAL_SURFACE('',#2152,0.0249999999999999);
#1876=CYLINDRICAL_SURFACE('',#2157,0.0850000000000001);
#1877=ADVANCED_FACE('',(#125),#1852,.F.);
#1878=ADVANCED_FACE('',(#126),#41,.T.);
#1879=ADVANCED_FACE('',(#127),#42,.T.);
#1880=ADVANCED_FACE('',(#128),#43,.T.);
#1881=ADVANCED_FACE('',(#129),#44,.T.);
#1882=ADVANCED_FACE('',(#130),#45,.T.);
#1883=ADVANCED_FACE('',(#131),#46,.T.);
#1884=ADVANCED_FACE('',(#132),#47,.T.);
#1885=ADVANCED_FACE('',(#133),#48,.F.);
#1886=ADVANCED_FACE('',(#134),#1853,.T.);
#1887=ADVANCED_FACE('',(#135),#49,.F.);
#1888=ADVANCED_FACE('',(#136),#50,.T.);
#1889=ADVANCED_FACE('',(#137),#51,.T.);
#1890=ADVANCED_FACE('',(#138),#52,.F.);
#1891=ADVANCED_FACE('',(#139),#1854,.T.);
#1892=ADVANCED_FACE('',(#140),#53,.F.);
#1893=ADVANCED_FACE('',(#141),#1855,.T.);
#1894=ADVANCED_FACE('',(#142),#54,.T.);
#1895=ADVANCED_FACE('',(#143),#55,.T.);
#1896=ADVANCED_FACE('',(#144),#1856,.T.);
#1897=ADVANCED_FACE('',(#145),#56,.T.);
#1898=ADVANCED_FACE('',(#146),#57,.T.);
#1899=ADVANCED_FACE('',(#147),#58,.F.);
#1900=ADVANCED_FACE('',(#148),#59,.T.);
#1901=ADVANCED_FACE('',(#149),#60,.T.);
#1902=ADVANCED_FACE('',(#150),#61,.F.);
#1903=ADVANCED_FACE('',(#151),#62,.F.);
#1904=ADVANCED_FACE('',(#152),#63,.T.);
#1905=ADVANCED_FACE('',(#153),#64,.F.);
#1906=ADVANCED_FACE('',(#154),#65,.T.);
#1907=ADVANCED_FACE('',(#155),#66,.F.);
#1908=ADVANCED_FACE('',(#156),#67,.F.);
#1909=ADVANCED_FACE('',(#157),#1857,.T.);
#1910=ADVANCED_FACE('',(#158),#68,.F.);
#1911=ADVANCED_FACE('',(#159),#69,.F.);
#1912=ADVANCED_FACE('',(#160,#25),#70,.F.);
#1913=ADVANCED_FACE('',(#161),#71,.T.);
#1914=ADVANCED_FACE('',(#162),#72,.F.);
#1915=ADVANCED_FACE('',(#163),#73,.T.);
#1916=ADVANCED_FACE('',(#164),#1858,.T.);
#1917=ADVANCED_FACE('',(#165),#74,.T.);
#1918=ADVANCED_FACE('',(#166),#75,.T.);
#1919=ADVANCED_FACE('',(#167),#76,.T.);
#1920=ADVANCED_FACE('',(#168),#77,.T.);
#1921=ADVANCED_FACE('',(#169),#1859,.T.);
#1922=ADVANCED_FACE('',(#170),#78,.T.);
#1923=ADVANCED_FACE('',(#171),#79,.F.);
#1924=ADVANCED_FACE('',(#172),#80,.F.);
#1925=ADVANCED_FACE('',(#173),#1860,.T.);
#1926=ADVANCED_FACE('',(#174),#81,.F.);
#1927=ADVANCED_FACE('',(#175),#1861,.F.);
#1928=ADVANCED_FACE('',(#176),#82,.T.);
#1929=ADVANCED_FACE('',(#177),#1862,.T.);
#1930=ADVANCED_FACE('',(#178),#1863,.T.);
#1931=ADVANCED_FACE('',(#179),#83,.T.);
#1932=ADVANCED_FACE('',(#180),#1864,.T.);
#1933=ADVANCED_FACE('',(#181),#84,.T.);
#1934=ADVANCED_FACE('',(#182),#1865,.T.);
#1935=ADVANCED_FACE('',(#183),#1866,.T.);
#1936=ADVANCED_FACE('',(#184),#85,.T.);
#1937=ADVANCED_FACE('',(#185),#1867,.T.);
#1938=ADVANCED_FACE('',(#186),#86,.T.);
#1939=ADVANCED_FACE('',(#187),#87,.F.);
#1940=ADVANCED_FACE('',(#188),#88,.F.);
#1941=ADVANCED_FACE('',(#189),#89,.T.);
#1942=ADVANCED_FACE('',(#190,#26),#90,.T.);
#1943=ADVANCED_FACE('',(#191),#1868,.T.);
#1944=ADVANCED_FACE('',(#192),#91,.T.);
#1945=ADVANCED_FACE('',(#193),#92,.F.);
#1946=ADVANCED_FACE('',(#194),#93,.F.);
#1947=ADVANCED_FACE('',(#195),#94,.T.);
#1948=ADVANCED_FACE('',(#196),#95,.T.);
#1949=ADVANCED_FACE('',(#197),#96,.T.);
#1950=ADVANCED_FACE('',(#198),#1869,.F.);
#1951=ADVANCED_FACE('',(#199),#97,.T.);
#1952=ADVANCED_FACE('',(#200),#98,.T.);
#1953=ADVANCED_FACE('',(#201),#99,.T.);
#1954=ADVANCED_FACE('',(#202),#1870,.T.);
#1955=ADVANCED_FACE('',(#203),#100,.T.);
#1956=ADVANCED_FACE('',(#204),#101,.T.);
#1957=ADVANCED_FACE('',(#205),#102,.F.);
#1958=ADVANCED_FACE('',(#206),#103,.F.);
#1959=ADVANCED_FACE('',(#207),#104,.F.);
#1960=ADVANCED_FACE('',(#208),#1871,.F.);
#1961=ADVANCED_FACE('',(#209),#105,.F.);
#1962=ADVANCED_FACE('',(#210),#106,.F.);
#1963=ADVANCED_FACE('',(#211),#107,.F.);
#1964=ADVANCED_FACE('',(#212),#1872,.T.);
#1965=ADVANCED_FACE('',(#213),#108,.F.);
#1966=ADVANCED_FACE('',(#214),#109,.T.);
#1967=ADVANCED_FACE('',(#215),#110,.F.);
#1968=ADVANCED_FACE('',(#216),#111,.F.);
#1969=ADVANCED_FACE('',(#217),#112,.F.);
#1970=ADVANCED_FACE('',(#218),#1873,.F.);
#1971=ADVANCED_FACE('',(#219),#113,.F.);
#1972=ADVANCED_FACE('',(#220),#114,.F.);
#1973=ADVANCED_FACE('',(#221),#115,.F.);
#1974=ADVANCED_FACE('',(#222),#1874,.T.);
#1975=ADVANCED_FACE('',(#223),#116,.F.);
#1976=ADVANCED_FACE('',(#224),#117,.F.);
#1977=ADVANCED_FACE('',(#225),#118,.T.);
#1978=ADVANCED_FACE('',(#226),#119,.T.);
#1979=ADVANCED_FACE('',(#227),#120,.T.);
#1980=ADVANCED_FACE('',(#228),#1875,.F.);
#1981=ADVANCED_FACE('',(#229),#121,.T.);
#1982=ADVANCED_FACE('',(#230),#122,.T.);
#1983=ADVANCED_FACE('',(#231),#123,.T.);
#1984=ADVANCED_FACE('',(#232),#1876,.T.);
#1985=ADVANCED_FACE('',(#233),#124,.T.);
#1986=CLOSED_SHELL('',(#1877,#1878,#1879,#1880,#1881,#1882,#1883,#1884,
#1885,#1886,#1887,#1888,#1889,#1890,#1891,#1892,#1893,#1894,#1895,#1896,
#1897,#1898,#1899,#1900,#1901,#1902,#1903,#1904,#1905,#1906,#1907,#1908,
#1909,#1910,#1911,#1912,#1913,#1914,#1915,#1916,#1917,#1918,#1919,#1920,
#1921,#1922,#1923,#1924,#1925,#1926,#1927,#1928,#1929,#1930,#1931,#1932,
#1933,#1934,#1935,#1936,#1937,#1938,#1939,#1940,#1941,#1942));
#1987=CLOSED_SHELL('',(#1943,#1944,#1945));
#1988=CLOSED_SHELL('',(#1946,#1947,#1948,#1949,#1950,#1951,#1952,#1953,
#1954,#1955));
#1989=CLOSED_SHELL('',(#1956,#1957,#1958,#1959,#1960,#1961,#1962,#1963,
#1964,#1965));
#1990=CLOSED_SHELL('',(#1966,#1967,#1968,#1969,#1970,#1971,#1972,#1973,
#1974,#1975));
#1991=CLOSED_SHELL('',(#1976,#1977,#1978,#1979,#1980,#1981,#1982,#1983,
#1984,#1985));
#1992=DERIVED_UNIT_ELEMENT(#1994,1.);
#1993=DERIVED_UNIT_ELEMENT(#3277,-3.);
#1994=(
MASS_UNIT()
NAMED_UNIT(*)
SI_UNIT(.KILO.,.GRAM.)
);
#1995=DERIVED_UNIT((#1992,#1993));
#1996=MEASURE_REPRESENTATION_ITEM('density measure',
POSITIVE_RATIO_MEASURE(7850.),#1995);
#1997=PROPERTY_DEFINITION_REPRESENTATION(#2002,#1999);
#1998=PROPERTY_DEFINITION_REPRESENTATION(#2003,#2000);
#1999=REPRESENTATION('material name',(#2001),#3274);
#2000=REPRESENTATION('density',(#1996),#3274);
#2001=DESCRIPTIVE_REPRESENTATION_ITEM('Steel','Steel');
#2002=PROPERTY_DEFINITION('material property','material name',#3284);
#2003=PROPERTY_DEFINITION('material property','density of part',#3284);
#2004=AXIS2_PLACEMENT_3D('',#2703,#2160,#2161);
#2005=AXIS2_PLACEMENT_3D('',#2704,#2162,#2163);
#2006=AXIS2_PLACEMENT_3D('',#2706,#2164,#2165);
#2007=AXIS2_PLACEMENT_3D('',#2709,#2167,#2168);
#2008=AXIS2_PLACEMENT_3D('',#2710,#2169,#2170);
#2009=AXIS2_PLACEMENT_3D('',#2711,#2171,#2172);
#2010=AXIS2_PLACEMENT_3D('',#2726,#2179,#2180);
#2011=AXIS2_PLACEMENT_3D('',#2740,#2188,#2189);
#2012=AXIS2_PLACEMENT_3D('',#2744,#2191,#2192);
#2013=AXIS2_PLACEMENT_3D('',#2748,#2195,#2196);
#2014=AXIS2_PLACEMENT_3D('',#2754,#2200,#2201);
#2015=AXIS2_PLACEMENT_3D('',#2757,#2202,#2203);
#2016=AXIS2_PLACEMENT_3D('',#2783,#2217,#2218);
#2017=AXIS2_PLACEMENT_3D('',#2787,#2220,#2221);
#2018=AXIS2_PLACEMENT_3D('',#2791,#2224,#2225);
#2019=AXIS2_PLACEMENT_3D('',#2797,#2229,#2230);
#2020=AXIS2_PLACEMENT_3D('',#2803,#2234,#2235);
#2021=AXIS2_PLACEMENT_3D('',#2805,#2236,#2237);
#2022=AXIS2_PLACEMENT_3D('',#2807,#2239,#2240);
#2023=AXIS2_PLACEMENT_3D('',#2811,#2243,#2244);
#2024=AXIS2_PLACEMENT_3D('',#2817,#2247,#2248);
#2025=AXIS2_PLACEMENT_3D('',#2819,#2250,#2251);
#2026=AXIS2_PLACEMENT_3D('',#2825,#2254,#2255);
#2027=AXIS2_PLACEMENT_3D('',#2827,#2257,#2258);
#2028=AXIS2_PLACEMENT_3D('',#2833,#2262,#2263);
#2029=AXIS2_PLACEMENT_3D('',#2835,#2264,#2265);
#2030=AXIS2_PLACEMENT_3D('',#2837,#2267,#2268);
#2031=AXIS2_PLACEMENT_3D('',#2841,#2271,#2272);
#2032=AXIS2_PLACEMENT_3D('',#2845,#2274,#2275);
#2033=AXIS2_PLACEMENT_3D('',#2847,#2277,#2278);
#2034=AXIS2_PLACEMENT_3D('',#2853,#2281,#2282);
#2035=AXIS2_PLACEMENT_3D('',#2859,#2286,#2287);
#2036=AXIS2_PLACEMENT_3D('',#2863,#2290,#2291);
#2037=AXIS2_PLACEMENT_3D('',#2867,#2293,#2294);
#2038=AXIS2_PLACEMENT_3D('',#2869,#2296,#2297);
#2039=AXIS2_PLACEMENT_3D('',#2875,#2300,#2301);
#2040=AXIS2_PLACEMENT_3D('',#2881,#2305,#2306);
#2041=AXIS2_PLACEMENT_3D('',#2885,#2309,#2310);
#2042=AXIS2_PLACEMENT_3D('',#2893,#2314,#2315);
#2043=AXIS2_PLACEMENT_3D('',#2895,#2317,#2318);
#2044=AXIS2_PLACEMENT_3D('',#2900,#2322,#2323);
#2045=AXIS2_PLACEMENT_3D('',#2906,#2326,#2327);
#2046=AXIS2_PLACEMENT_3D('',#2912,#2331,#2332);
#2047=AXIS2_PLACEMENT_3D('',#2916,#2335,#2336);
#2048=AXIS2_PLACEMENT_3D('',#2924,#2340,#2341);
#2049=AXIS2_PLACEMENT_3D('',#2926,#2343,#2344);
#2050=AXIS2_PLACEMENT_3D('',#2932,#2349,#2350);
#2051=AXIS2_PLACEMENT_3D('',#2940,#2354,#2355);
#2052=AXIS2_PLACEMENT_3D('',#2944,#2358,#2359);
#2053=AXIS2_PLACEMENT_3D('',#2950,#2362,#2363);
#2054=AXIS2_PLACEMENT_3D('',#2956,#2367,#2368);
#2055=AXIS2_PLACEMENT_3D('',#2959,#2371,#2372);
#2056=AXIS2_PLACEMENT_3D('',#2961,#2374,#2375);
#2057=AXIS2_PLACEMENT_3D('',#2963,#2377,#2378);
#2058=AXIS2_PLACEMENT_3D('',#2965,#2380,#2381);
#2059=AXIS2_PLACEMENT_3D('',#2966,#2382,#2383);
#2060=AXIS2_PLACEMENT_3D('',#2968,#2385,#2386);
#2061=AXIS2_PLACEMENT_3D('',#2974,#2390,#2391);
#2062=AXIS2_PLACEMENT_3D('',#2979,#2394,#2395);
#2063=AXIS2_PLACEMENT_3D('',#2981,#2397,#2398);
#2064=AXIS2_PLACEMENT_3D('',#2983,#2400,#2401);
#2065=AXIS2_PLACEMENT_3D('',#2985,#2403,#2404);
#2066=AXIS2_PLACEMENT_3D('',#2986,#2405,#2406);
#2067=AXIS2_PLACEMENT_3D('',#2990,#2409,#2410);
#2068=AXIS2_PLACEMENT_3D('',#2992,#2412,#2413);
#2069=AXIS2_PLACEMENT_3D('',#2994,#2415,#2416);
#2070=AXIS2_PLACEMENT_3D('',#2996,#2418,#2419);
#2071=AXIS2_PLACEMENT_3D('',#2997,#2420,#2421);
#2072=AXIS2_PLACEMENT_3D('',#2999,#2423,#2424);
#2073=AXIS2_PLACEMENT_3D('',#3001,#2426,#2427);
#2074=AXIS2_PLACEMENT_3D('',#3003,#2429,#2430);
#2075=AXIS2_PLACEMENT_3D('',#3004,#2431,#2432);
#2076=AXIS2_PLACEMENT_3D('',#3006,#2433,#2434);
#2077=AXIS2_PLACEMENT_3D('',#3009,#2436,#2437);
#2078=AXIS2_PLACEMENT_3D('',#3010,#2438,#2439);
#2079=AXIS2_PLACEMENT_3D('',#3011,#2440,#2441);
#2080=AXIS2_PLACEMENT_3D('',#3012,#2442,#2443);
#2081=AXIS2_PLACEMENT_3D('',#3013,#2444,#2445);
#2082=AXIS2_PLACEMENT_3D('',#3016,#2446,#2447);
#2083=AXIS2_PLACEMENT_3D('',#3019,#2450,#2451);
#2084=AXIS2_PLACEMENT_3D('',#3023,#2454,#2455);
#2085=AXIS2_PLACEMENT_3D('',#3025,#2456,#2457);
#2086=AXIS2_PLACEMENT_3D('',#3027,#2459,#2460);
#2087=AXIS2_PLACEMENT_3D('',#3031,#2463,#2464);
#2088=AXIS2_PLACEMENT_3D('',#3034,#2466,#2467);
#2089=AXIS2_PLACEMENT_3D('',#3035,#2468,#2469);
#2090=AXIS2_PLACEMENT_3D('',#3037,#2470,#2471);
#2091=AXIS2_PLACEMENT_3D('',#3039,#2473,#2474);
#2092=AXIS2_PLACEMENT_3D('',#3041,#2476,#2477);
#2093=AXIS2_PLACEMENT_3D('',#3044,#2478,#2479);
#2094=AXIS2_PLACEMENT_3D('',#3047,#2482,#2483);
#2095=AXIS2_PLACEMENT_3D('',#3053,#2487,#2488);
#2096=AXIS2_PLACEMENT_3D('',#3057,#2491,#2492);
#2097=AXIS2_PLACEMENT_3D('',#3061,#2495,#2496);
#2098=AXIS2_PLACEMENT_3D('',#3063,#2498,#2499);
#2099=AXIS2_PLACEMENT_3D('',#3064,#2500,#2501);
#2100=AXIS2_PLACEMENT_3D('',#3066,#2502,#2503);
#2101=AXIS2_PLACEMENT_3D('',#3069,#2505,#2506);
#2102=AXIS2_PLACEMENT_3D('',#3070,#2507,#2508);
#2103=AXIS2_PLACEMENT_3D('',#3071,#2509,#2510);
#2104=AXIS2_PLACEMENT_3D('',#3072,#2511,#2512);
#2105=AXIS2_PLACEMENT_3D('',#3075,#2513,#2514);
#2106=AXIS2_PLACEMENT_3D('',#3083,#2518,#2519);
#2107=AXIS2_PLACEMENT_3D('',#3089,#2523,#2524);
#2108=AXIS2_PLACEMENT_3D('',#3095,#2528,#2529);
#2109=AXIS2_PLACEMENT_3D('',#3099,#2532,#2533);
#2110=AXIS2_PLACEMENT_3D('',#3103,#2536,#2537);
#2111=AXIS2_PLACEMENT_3D('',#3105,#2538,#2539);
#2112=AXIS2_PLACEMENT_3D('',#3107,#2541,#2542);
#2113=AXIS2_PLACEMENT_3D('',#3111,#2545,#2546);
#2114=AXIS2_PLACEMENT_3D('',#3115,#2549,#2550);
#2115=AXIS2_PLACEMENT_3D('',#3119,#2553,#2554);
#2116=AXIS2_PLACEMENT_3D('',#3120,#2555,#2556);
#2117=AXIS2_PLACEMENT_3D('',#3121,#2557,#2558);
#2118=AXIS2_PLACEMENT_3D('',#3122,#2559,#2560);
#2119=AXIS2_PLACEMENT_3D('',#3125,#2561,#2562);
#2120=AXIS2_PLACEMENT_3D('',#3133,#2566,#2567);
#2121=AXIS2_PLACEMENT_3D('',#3139,#2571,#2572);
#2122=AXIS2_PLACEMENT_3D('',#3145,#2576,#2577);
#2123=AXIS2_PLACEMENT_3D('',#3149,#2580,#2581);
#2124=AXIS2_PLACEMENT_3D('',#3153,#2584,#2585);
#2125=AXIS2_PLACEMENT_3D('',#3156,#2587,#2588);
#2126=AXIS2_PLACEMENT_3D('',#3157,#2589,#2590);
#2127=AXIS2_PLACEMENT_3D('',#3161,#2593,#2594);
#2128=AXIS2_PLACEMENT_3D('',#3165,#2597,#2598);
#2129=AXIS2_PLACEMENT_3D('',#3169,#2601,#2602);
#2130=AXIS2_PLACEMENT_3D('',#3170,#2603,#2604);
#2131=AXIS2_PLACEMENT_3D('',#3171,#2605,#2606);
#2132=AXIS2_PLACEMENT_3D('',#3172,#2607,#2608);
#2133=AXIS2_PLACEMENT_3D('',#3175,#2609,#2610);
#2134=AXIS2_PLACEMENT_3D('',#3183,#2614,#2615);
#2135=AXIS2_PLACEMENT_3D('',#3189,#2619,#2620);
#2136=AXIS2_PLACEMENT_3D('',#3195,#2624,#2625);
#2137=AXIS2_PLACEMENT_3D('',#3199,#2628,#2629);
#2138=AXIS2_PLACEMENT_3D('',#3203,#2632,#2633);
#2139=AXIS2_PLACEMENT_3D('',#3206,#2635,#2636);
#2140=AXIS2_PLACEMENT_3D('',#3207,#2637,#2638);
#2141=AXIS2_PLACEMENT_3D('',#3211,#2641,#2642);
#2142=AXIS2_PLACEMENT_3D('',#3215,#2645,#2646);
#2143=AXIS2_PLACEMENT_3D('',#3219,#2649,#2650);
#2144=AXIS2_PLACEMENT_3D('',#3220,#2651,#2652);
#2145=AXIS2_PLACEMENT_3D('',#3221,#2653,#2654);
#2146=AXIS2_PLACEMENT_3D('',#3222,#2655,#2656);
#2147=AXIS2_PLACEMENT_3D('',#3225,#2657,#2658);
#2148=AXIS2_PLACEMENT_3D('',#3233,#2662,#2663);
#2149=AXIS2_PLACEMENT_3D('',#3239,#2667,#2668);
#2150=AXIS2_PLACEMENT_3D('',#3245,#2672,#2673);
#2151=AXIS2_PLACEMENT_3D('',#3249,#2676,#2677);
#2152=AXIS2_PLACEMENT_3D('',#3253,#2680,#2681);
#2153=AXIS2_PLACEMENT_3D('',#3255,#2682,#2683);
#2154=AXIS2_PLACEMENT_3D('',#3257,#2685,#2686);
#2155=AXIS2_PLACEMENT_3D('',#3261,#2689,#2690);
#2156=AXIS2_PLACEMENT_3D('',#3265,#2693,#2694);
#2157=AXIS2_PLACEMENT_3D('',#3269,#2697,#2698);
#2158=AXIS2_PLACEMENT_3D('',#3270,#2699,#2700);
#2159=AXIS2_PLACEMENT_3D('',#3271,#2701,#2702);
#2160=DIRECTION('axis',(0.,0.,1.));
#2161=DIRECTION('refdir',(1.,0.,0.));
#2162=DIRECTION('center_axis',(0.,0.,1.));
#2163=DIRECTION('ref_axis',(1.,0.,0.));
#2164=DIRECTION('center_axis',(0.,0.,1.));
#2165=DIRECTION('ref_axis',(1.,0.,0.));
#2166=DIRECTION('',(0.,0.,1.));
#2167=DIRECTION('center_axis',(0.,0.,1.));
#2168=DIRECTION('ref_axis',(1.,0.,0.));
#2169=DIRECTION('center_axis',(0.,0.,-1.));
#2170=DIRECTION('ref_axis',(1.,0.,0.));
#2171=DIRECTION('center_axis',(-0.707106781186548,0.,-0.707106781186547));
#2172=DIRECTION('ref_axis',(-0.707106781186547,0.,0.707106781186548));
#2173=DIRECTION('',(0.707106781186547,0.,-0.707106781186548));
#2174=DIRECTION('',(0.,1.,0.));
#2175=DIRECTION('',(-0.707106781186547,0.,0.707106781186548));
#2176=DIRECTION('',(0.,1.,0.));
#2177=DIRECTION('',(0.706243967529309,-0.0493853891036607,-0.70624396752931));
#2178=DIRECTION('',(0.,-1.,0.));
#2179=DIRECTION('center_axis',(-0.707106781186548,0.,-0.707106781186547));
#2180=DIRECTION('ref_axis',(0.707106781186547,0.,-0.707106781186548));
#2181=DIRECTION('',(0.,1.,0.));
#2182=DIRECTION('',(-0.706243967529309,-0.0493853891036607,0.70624396752931));
#2183=DIRECTION('',(0.,1.,0.));
#2184=DIRECTION('',(0.707106781186547,0.,-0.707106781186548));
#2185=DIRECTION('',(0.,1.,0.));
#2186=DIRECTION('',(-0.707106781186547,0.,0.707106781186548));
#2187=DIRECTION('',(0.,1.,0.));
#2188=DIRECTION('center_axis',(0.,0.,-1.));
#2189=DIRECTION('ref_axis',(1.,0.,0.));
#2190=DIRECTION('',(1.,0.,0.));
#2191=DIRECTION('center_axis',(0.,0.,1.));
#2192=DIRECTION('ref_axis',(-0.707106781186548,-0.707106781186548,0.));
#2193=DIRECTION('',(0.,-1.,0.));
#2194=DIRECTION('',(-1.,0.,0.));
#2195=DIRECTION('center_axis',(0.,0.,-1.));
#2196=DIRECTION('ref_axis',(1.,0.,0.));
#2197=DIRECTION('',(1.,0.,0.));
#2198=DIRECTION('',(0.,-1.,0.));
#2199=DIRECTION('',(-1.,0.,0.));
#2200=DIRECTION('center_axis',(0.707106781186547,0.,-0.707106781186548));
#2201=DIRECTION('ref_axis',(-0.707106781186548,0.,-0.707106781186547));
#2202=DIRECTION('center_axis',(0.707106781186547,0.,-0.707106781186548));
#2203=DIRECTION('ref_axis',(0.707106781186548,0.,0.707106781186547));
#2204=DIRECTION('',(0.,1.,0.));
#2205=DIRECTION('',(0.70624396752931,0.0493853891036606,0.706243967529309));
#2206=DIRECTION('',(0.,-1.,0.));
#2207=DIRECTION('',(-0.707106781186548,0.,-0.707106781186547));
#2208=DIRECTION('',(0.,-1.,0.));
#2209=DIRECTION('',(0.707106781186548,0.,0.707106781186547));
#2210=DIRECTION('',(0.,-1.,0.));
#2211=DIRECTION('',(-0.707106781186548,0.,-0.707106781186547));
#2212=DIRECTION('',(0.,-1.,0.));
#2213=DIRECTION('',(0.707106781186548,0.,0.707106781186547));
#2214=DIRECTION('',(0.,-1.,0.));
#2215=DIRECTION('',(-0.70624396752931,0.0493853891036606,-0.706243967529309));
#2216=DIRECTION('',(0.,-1.,0.));
#2217=DIRECTION('center_axis',(0.,0.,-1.));
#2218=DIRECTION('ref_axis',(1.,0.,0.));
#2219=DIRECTION('',(-1.,0.,0.));
#2220=DIRECTION('center_axis',(0.,0.,1.));
#2221=DIRECTION('ref_axis',(0.707106781186548,0.707106781186548,0.));
#2222=DIRECTION('',(0.,1.,0.));
#2223=DIRECTION('',(1.,0.,0.));
#2224=DIRECTION('center_axis',(0.,0.,-1.));
#2225=DIRECTION('ref_axis',(1.,0.,0.));
#2226=DIRECTION('',(-1.,0.,0.));
#2227=DIRECTION('',(0.,1.,0.));
#2228=DIRECTION('',(1.,0.,0.));
#2229=DIRECTION('center_axis',(1.,0.,0.));
#2230=DIRECTION('ref_axis',(0.,1.,0.));
#2231=DIRECTION('',(0.,0.0697564737441252,0.997564050259824));
#2232=DIRECTION('',(0.,1.,0.));
#2233=DIRECTION('',(0.,0.,1.));
#2234=DIRECTION('center_axis',(0.,0.,1.));
#2235=DIRECTION('ref_axis',(-1.,-1.22464679914735E-16,0.));
#2236=DIRECTION('center_axis',(0.,0.,-1.));
#2237=DIRECTION('ref_axis',(1.,0.,0.));
#2238=DIRECTION('',(0.,0.,1.));
#2239=DIRECTION('center_axis',(1.,0.,0.));
#2240=DIRECTION('ref_axis',(0.,1.,0.));
#2241=DIRECTION('',(0.,1.,0.));
#2242=DIRECTION('',(0.,0.0697564737441252,-0.997564050259824));
#2243=DIRECTION('center_axis',(0.,0.,-1.));
#2244=DIRECTION('ref_axis',(1.,0.,0.));
#2245=DIRECTION('',(1.,0.,0.));
#2246=DIRECTION('',(0.,-1.,0.));
#2247=DIRECTION('center_axis',(0.,0.,1.));
#2248=DIRECTION('ref_axis',(-0.707106781186547,0.707106781186548,0.));
#2249=DIRECTION('',(-1.,0.,0.));
#2250=DIRECTION('center_axis',(0.,0.,-1.));
#2251=DIRECTION('ref_axis',(1.,0.,0.));
#2252=DIRECTION('',(-1.,0.,0.));
#2253=DIRECTION('',(0.,1.,0.));
#2254=DIRECTION('center_axis',(0.,0.,1.));
#2255=DIRECTION('ref_axis',(0.707106781186547,-0.707106781186548,0.));
#2256=DIRECTION('',(1.,0.,0.));
#2257=DIRECTION('center_axis',(-1.,0.,0.));
#2258=DIRECTION('ref_axis',(0.,-1.,0.));
#2259=DIRECTION('',(0.,-0.0697564737441252,0.997564050259824));
#2260=DIRECTION('',(0.,-1.,0.));
#2261=DIRECTION('',(0.,0.,1.));
#2262=DIRECTION('center_axis',(0.,0.,1.));
#2263=DIRECTION('ref_axis',(1.,0.,0.));
#2264=DIRECTION('center_axis',(0.,0.,-1.));
#2265=DIRECTION('ref_axis',(1.,0.,0.));
#2266=DIRECTION('',(0.,0.,1.));
#2267=DIRECTION('center_axis',(-1.,0.,0.));
#2268=DIRECTION('ref_axis',(0.,-1.,0.));
#2269=DIRECTION('',(0.,-1.,0.));
#2270=DIRECTION('',(0.,-0.0697564737441252,-0.997564050259824));
#2271=DIRECTION('center_axis',(0.0695873743166646,-0.0695873743166646,-0.995145815783509));
#2272=DIRECTION('ref_axis',(-0.703674354609937,0.703674354609938,-0.0984114085285602));
#2273=DIRECTION('',(-0.0695873743166646,0.0695873743166646,0.995145815783509));
#2274=DIRECTION('center_axis',(-5.55998100284715E-15,5.55998100284715E-15,
1.));
#2275=DIRECTION('ref_axis',(-0.707106781186548,0.707106781186548,-7.8630005407632E-15));
#2276=DIRECTION('',(0.0695873743166646,-0.0695873743166646,-0.995145815783509));
#2277=DIRECTION('center_axis',(0.,-1.,0.));
#2278=DIRECTION('ref_axis',(-1.,0.,0.));
#2279=DIRECTION('',(-0.491079474013285,0.,0.871114774414276));
#2280=DIRECTION('',(-0.995843283719081,0.,-0.0910832271694282));
#2281=DIRECTION('center_axis',(0.,1.,0.));
#2282=DIRECTION('ref_axis',(-1.,0.,-1.38777878078144E-15));
#2283=DIRECTION('',(0.,0.,1.));
#2284=DIRECTION('',(-1.,0.,0.));
#2285=DIRECTION('',(-0.0697564737441252,0.,0.997564050259824));
#2286=DIRECTION('center_axis',(-0.871114774414276,0.,-0.491079474013285));
#2287=DIRECTION('ref_axis',(-0.491079474013285,0.,0.871114774414276));
#2288=DIRECTION('',(-0.491079474013285,0.,0.871114774414276));
#2289=DIRECTION('',(0.,1.,0.));
#2290=DIRECTION('center_axis',(-0.0695873743166646,0.0695873743166646,-0.995145815783509));
#2291=DIRECTION('ref_axis',(0.703674354609937,-0.703674354609938,-0.0984114085285602));
#2292=DIRECTION('',(0.0695873743166646,-0.0695873743166646,0.995145815783509));
#2293=DIRECTION('center_axis',(-5.60918437455378E-15,5.60918437455377E-15,
-1.));
#2294=DIRECTION('ref_axis',(0.707106781186547,-0.707106781186547,-7.93258461634519E-15));
#2295=DIRECTION('',(-0.0695873743166646,0.0695873743166646,-0.995145815783509));
#2296=DIRECTION('center_axis',(0.,1.,0.));
#2297=DIRECTION('ref_axis',(1.,0.,0.));
#2298=DIRECTION('',(0.491079474013285,0.,0.871114774414276));
#2299=DIRECTION('',(0.995843283719081,0.,-0.0910832271694282));
#2300=DIRECTION('center_axis',(0.,-1.,0.));
#2301=DIRECTION('ref_axis',(1.,0.,-1.38777878078144E-15));
#2302=DIRECTION('',(0.,0.,1.));
#2303=DIRECTION('',(1.,0.,0.));
#2304=DIRECTION('',(0.0697564737441252,0.,0.997564050259824));
#2305=DIRECTION('center_axis',(0.871114774414276,0.,-0.491079474013285));
#2306=DIRECTION('ref_axis',(0.491079474013285,0.,0.871114774414276));
#2307=DIRECTION('',(0.491079474013285,0.,0.871114774414276));
#2308=DIRECTION('',(0.,-1.,0.));
#2309=DIRECTION('center_axis',(0.,1.,0.));
#2310=DIRECTION('ref_axis',(1.,0.,0.));
#2311=DIRECTION('',(-0.0697564737441252,0.,-0.997564050259824));
#2312=DIRECTION('',(-1.,0.,0.));
#2313=DIRECTION('',(0.,0.,-1.));
#2314=DIRECTION('center_axis',(0.,1.,0.));
#2315=DIRECTION('ref_axis',(1.,0.,-1.38777878078144E-15));
#2316=DIRECTION('',(-0.995843283719081,0.,0.0910832271694282));
#2317=DIRECTION('center_axis',(0.,0.997564050259824,-0.0697564737441252));
#2318=DIRECTION('ref_axis',(1.,0.,0.));
#2319=DIRECTION('',(-1.,0.,0.));
#2320=DIRECTION('',(0.0695873743166646,0.0695873743166646,0.995145815783509));
#2321=DIRECTION('',(-1.,0.,0.));
#2322=DIRECTION('center_axis',(0.,1.,0.));
#2323=DIRECTION('ref_axis',(1.,0.,0.));
#2324=DIRECTION('',(0.491079474013285,0.,0.871114774414276));
#2325=DIRECTION('',(-0.995843283719081,0.,0.0910832271694282));
#2326=DIRECTION('center_axis',(0.,1.,0.));
#2327=DIRECTION('ref_axis',(1.,0.,-1.38777878078144E-15));
#2328=DIRECTION('',(0.,0.,-1.));
#2329=DIRECTION('',(-1.,0.,0.));
#2330=DIRECTION('',(0.0697564737441252,0.,0.997564050259824));
#2331=DIRECTION('center_axis',(-0.871114774414276,0.,0.491079474013285));
#2332=DIRECTION('ref_axis',(0.491079474013285,0.,0.871114774414276));
#2333=DIRECTION('',(0.491079474013285,0.,0.871114774414276));
#2334=DIRECTION('',(0.,1.,0.));
#2335=DIRECTION('center_axis',(0.,1.,0.));
#2336=DIRECTION('ref_axis',(1.,0.,0.));
#2337=DIRECTION('',(-0.0697564737441252,0.,-0.997564050259824));
#2338=DIRECTION('',(1.,0.,0.));
#2339=DIRECTION('',(0.,0.,1.));
#2340=DIRECTION('center_axis',(0.,-1.,0.));
#2341=DIRECTION('ref_axis',(1.,0.,-1.38777878078144E-15));
#2342=DIRECTION('',(0.995843283719081,0.,-0.0910832271694282));
#2343=DIRECTION('center_axis',(0.997564050259824,0.,-0.0697564737441252));
#2344=DIRECTION('ref_axis',(0.,-1.,0.));
#2345=DIRECTION('',(0.,1.,0.));
#2346=DIRECTION('',(0.,1.,0.));
#2347=DIRECTION('',(-0.0695873743166646,-0.0695873743166646,-0.995145815783509));
#2348=DIRECTION('',(0.,1.,0.));
#2349=DIRECTION('center_axis',(0.,-1.,0.));
#2350=DIRECTION('ref_axis',(-1.,0.,0.));
#2351=DIRECTION('',(0.0697564737441252,0.,-0.997564050259824));
#2352=DIRECTION('',(-1.,0.,0.));
#2353=DIRECTION('',(0.,0.,1.));
#2354=DIRECTION('center_axis',(0.,1.,0.));
#2355=DIRECTION('ref_axis',(-1.,0.,-1.38777878078144E-15));
#2356=DIRECTION('',(-0.995843283719081,0.,-0.0910832271694282));
#2357=DIRECTION('',(-0.491079474013285,0.,0.871114774414276));
#2358=DIRECTION('center_axis',(0.,-1.,0.));
#2359=DIRECTION('ref_axis',(-1.,0.,0.));
#2360=DIRECTION('',(0.491079474013285,0.,-0.871114774414276));
#2361=DIRECTION('',(0.995843283719081,0.,0.0910832271694282));
#2362=DIRECTION('center_axis',(0.,-1.,0.));
#2363=DIRECTION('ref_axis',(-1.,0.,-1.38777878078144E-15));
#2364=DIRECTION('',(0.,0.,-1.));
#2365=DIRECTION('',(1.,0.,0.));
#2366=DIRECTION('',(-0.0697564737441252,0.,0.997564050259824));
#2367=DIRECTION('center_axis',(0.,0.,1.));
#2368=DIRECTION('ref_axis',(-1.,0.,0.));
#2369=DIRECTION('',(0.,-1.,0.));
#2370=DIRECTION('',(0.,-1.,0.));
#2371=DIRECTION('center_axis',(1.,0.,0.));
#2372=DIRECTION('ref_axis',(0.,0.,1.));
#2373=DIRECTION('',(0.,-1.,0.));
#2374=DIRECTION('center_axis',(0.,-1.,0.));
#2375=DIRECTION('ref_axis',(-1.,0.,-1.38777878078144E-15));
#2376=DIRECTION('',(0.,-1.,0.));
#2377=DIRECTION('center_axis',(-0.0910832271694282,0.,0.995843283719081));
#2378=DIRECTION('ref_axis',(-0.995843283719081,0.,-0.0910832271694282));
#2379=DIRECTION('',(0.,-1.,0.));
#2380=DIRECTION('center_axis',(0.871114774414276,0.,0.491079474013285));
#2381=DIRECTION('ref_axis',(-0.491079474013285,0.,0.871114774414276));
#2382=DIRECTION('center_axis',(0.,0.,1.));
#2383=DIRECTION('ref_axis',(1.,0.,0.));
#2384=DIRECTION('',(1.,0.,0.));
#2385=DIRECTION('center_axis',(0.,0.,-1.));
#2386=DIRECTION('ref_axis',(-1.,0.,0.));
#2387=DIRECTION('',(0.,-1.,0.));
#2388=DIRECTION('',(0.,1.,0.));
#2389=DIRECTION('',(1.,0.,0.));
#2390=DIRECTION('center_axis',(0.,-1.,0.));
#2391=DIRECTION('ref_axis',(-1.,0.,0.));
#2392=DIRECTION('',(0.0697564737441252,0.,-0.997564050259824));
#2393=DIRECTION('',(0.,0.,-1.));
#2394=DIRECTION('center_axis',(0.,-1.,0.));
#2395=DIRECTION('ref_axis',(-1.,0.,-1.38777878078144E-15));
#2396=DIRECTION('',(0.995843283719081,0.,0.0910832271694282));
#2397=DIRECTION('center_axis',(-1.,0.,0.));
#2398=DIRECTION('ref_axis',(0.,0.,1.));
#2399=DIRECTION('',(0.,1.,0.));
#2400=DIRECTION('center_axis',(0.,-1.,0.));
#2401=DIRECTION('ref_axis',(-1.,0.,-1.38777878078144E-15));
#2402=DIRECTION('',(0.,1.,0.));
#2403=DIRECTION('center_axis',(0.0910832271694282,0.,-0.995843283719081));
#2404=DIRECTION('ref_axis',(-0.995843283719081,0.,-0.0910832271694282));
#2405=DIRECTION('center_axis',(-0.997564050259824,0.,-0.0697564737441252));
#2406=DIRECTION('ref_axis',(0.,1.,0.));
#2407=DIRECTION('',(0.0695873743166646,0.0695873743166646,-0.995145815783509));
#2408=DIRECTION('',(0.,-1.,0.));
#2409=DIRECTION('center_axis',(0.,0.,-1.));
#2410=DIRECTION('ref_axis',(1.,0.,0.));
#2411=DIRECTION('',(0.,-1.,0.));
#2412=DIRECTION('center_axis',(1.,0.,0.));
#2413=DIRECTION('ref_axis',(0.,0.,1.));
#2414=DIRECTION('',(0.,-1.,0.));
#2415=DIRECTION('center_axis',(0.,1.,0.));
#2416=DIRECTION('ref_axis',(1.,0.,-1.38777878078144E-15));
#2417=DIRECTION('',(0.,-1.,0.));
#2418=DIRECTION('center_axis',(-0.0910832271694282,0.,-0.995843283719081));
#2419=DIRECTION('ref_axis',(0.995843283719081,0.,-0.0910832271694282));
#2420=DIRECTION('center_axis',(0.,0.,1.));
#2421=DIRECTION('ref_axis',(1.,0.,0.));
#2422=DIRECTION('',(0.,1.,0.));
#2423=DIRECTION('center_axis',(-1.,0.,0.));
#2424=DIRECTION('ref_axis',(0.,0.,1.));
#2425=DIRECTION('',(0.,1.,0.));
#2426=DIRECTION('center_axis',(0.,1.,0.));
#2427=DIRECTION('ref_axis',(1.,0.,-1.38777878078144E-15));
#2428=DIRECTION('',(0.,1.,0.));
#2429=DIRECTION('center_axis',(0.0910832271694282,0.,0.995843283719081));
#2430=DIRECTION('ref_axis',(0.995843283719081,0.,-0.0910832271694282));
#2431=DIRECTION('center_axis',(0.,0.,-1.));
#2432=DIRECTION('ref_axis',(-1.,0.,0.));
#2433=DIRECTION('center_axis',(0.,0.,-1.));
#2434=DIRECTION('ref_axis',(-1.,0.,0.));
#2435=DIRECTION('',(0.,0.,-1.));
#2436=DIRECTION('center_axis',(0.,0.,-1.));
#2437=DIRECTION('ref_axis',(-1.,0.,0.));
#2438=DIRECTION('center_axis',(0.,0.,1.));
#2439=DIRECTION('ref_axis',(-1.,0.,0.));
#2440=DIRECTION('center_axis',(-0.0695873743166646,-0.0695873743166646,
-0.995145815783509));
#2441=DIRECTION('ref_axis',(0.703674354609938,0.703674354609938,-0.0984114085285603));
#2442=DIRECTION('center_axis',(5.55998100284715E-15,5.55998100284715E-15,
-1.));
#2443=DIRECTION('ref_axis',(0.707106781186548,0.707106781186548,7.8630005407632E-15));
#2444=DIRECTION('center_axis',(-0.0695873743166646,-0.0695873743166646,
0.995145815783509));
#2445=DIRECTION('ref_axis',(0.703674354609937,0.703674354609938,0.0984114085285602));
#2446=DIRECTION('center_axis',(0.,0.,-1.));
#2447=DIRECTION('ref_axis',(0.707106781186547,0.707106781186548,0.));
#2448=DIRECTION('',(0.0695873743166646,0.0695873743166646,-0.995145815783509));
#2449=DIRECTION('',(-0.0695873743166646,-0.0695873743166646,0.995145815783509));
#2450=DIRECTION('center_axis',(0.,0.997564050259824,0.0697564737441252));
#2451=DIRECTION('ref_axis',(-1.,0.,0.));
#2452=DIRECTION('',(-0.0695873743166646,0.0695873743166646,-0.995145815783509));
#2453=DIRECTION('',(1.,0.,0.));
#2454=DIRECTION('center_axis',(0.0695873743166646,-0.0695873743166646,0.995145815783509));
#2455=DIRECTION('ref_axis',(-0.703674354609938,0.703674354609938,0.0984114085285603));
#2456=DIRECTION('center_axis',(0.,0.,-1.));
#2457=DIRECTION('ref_axis',(-0.707106781186548,0.707106781186548,0.));
#2458=DIRECTION('',(0.0695873743166646,-0.0695873743166646,0.995145815783509));
#2459=DIRECTION('center_axis',(-0.997564050259824,0.,0.0697564737441252));
#2460=DIRECTION('ref_axis',(0.,-1.,0.));
#2461=DIRECTION('',(-0.0695873743166646,-0.0695873743166646,-0.995145815783509));
#2462=DIRECTION('',(0.,1.,0.));
#2463=DIRECTION('center_axis',(0.0695873743166646,0.0695873743166646,-0.995145815783509));
#2464=DIRECTION('ref_axis',(-0.703674354609938,-0.703674354609938,-0.0984114085285603));
#2465=DIRECTION('',(-0.0695873743166646,-0.0695873743166646,0.995145815783509));
#2466=DIRECTION('center_axis',(-5.55998100284715E-15,-5.55998100284715E-15,
-1.));
#2467=DIRECTION('ref_axis',(-0.707106781186548,-0.707106781186548,7.8630005407632E-15));
#2468=DIRECTION('center_axis',(0.0695873743166646,0.0695873743166646,0.995145815783509));
#2469=DIRECTION('ref_axis',(-0.703674354609937,-0.703674354609938,0.0984114085285602));
#2470=DIRECTION('center_axis',(0.,0.,-1.));
#2471=DIRECTION('ref_axis',(-0.707106781186547,-0.707106781186548,0.));
#2472=DIRECTION('',(0.0695873743166646,0.0695873743166646,0.995145815783509));
#2473=DIRECTION('center_axis',(0.,-0.997564050259824,-0.0697564737441252));
#2474=DIRECTION('ref_axis',(-1.,0.,0.));
#2475=DIRECTION('',(1.,0.,0.));
#2476=DIRECTION('center_axis',(-0.0695873743166646,0.0695873743166646,0.995145815783509));
#2477=DIRECTION('ref_axis',(0.703674354609938,-0.703674354609938,0.0984114085285603));
#2478=DIRECTION('center_axis',(0.,0.,-1.));
#2479=DIRECTION('ref_axis',(0.707106781186548,-0.707106781186548,0.));
#2480=DIRECTION('',(0.0695873743166646,-0.0695873743166646,-0.995145815783509));
#2481=DIRECTION('',(-0.0695873743166646,0.0695873743166646,0.995145815783509));
#2482=DIRECTION('center_axis',(0.,-0.997564050259824,0.0697564737441252));
#2483=DIRECTION('ref_axis',(1.,0.,0.));
#2484=DIRECTION('',(-1.,0.,0.));
#2485=DIRECTION('',(0.0695873743166646,0.0695873743166646,0.995145815783509));
#2486=DIRECTION('',(-1.,0.,0.));
#2487=DIRECTION('center_axis',(0.,0.,-1.));
#2488=DIRECTION('ref_axis',(-1.,0.,0.));
#2489=DIRECTION('',(0.,-1.,0.));
#2490=DIRECTION('',(0.707106781186548,0.707106781186548,0.));
#2491=DIRECTION('center_axis',(-0.707106781186548,0.707106781186548,0.));
#2492=DIRECTION('ref_axis',(0.707106781186548,0.707106781186548,0.));
#2493=DIRECTION('',(0.0695873743166646,0.0695873743166646,-0.995145815783509));
#2494=DIRECTION('',(0.707106781186548,0.707106781186548,0.));
#2495=DIRECTION('center_axis',(0.997564050259824,0.,0.0697564737441252));
#2496=DIRECTION('ref_axis',(0.,1.,0.));
#2497=DIRECTION('',(0.,-1.,0.));
#2498=DIRECTION('center_axis',(0.,0.,1.));
#2499=DIRECTION('ref_axis',(1.,0.,0.));
#2500=DIRECTION('center_axis',(0.,0.,-1.));
#2501=DIRECTION('ref_axis',(-1.,0.,0.));
#2502=DIRECTION('center_axis',(0.,0.,-1.));
#2503=DIRECTION('ref_axis',(-1.,0.,0.));
#2504=DIRECTION('',(0.,0.,1.));
#2505=DIRECTION('center_axis',(0.,0.,1.));
#2506=DIRECTION('ref_axis',(-1.,0.,0.));
#2507=DIRECTION('center_axis',(0.,0.,1.));
#2508=DIRECTION('ref_axis',(-1.,0.,0.));
#2509=DIRECTION('center_axis',(0.,0.,1.));
#2510=DIRECTION('ref_axis',(-1.,0.,0.));
#2511=DIRECTION('center_axis',(0.,1.,0.));
#2512=DIRECTION('ref_axis',(1.,0.,0.));
#2513=DIRECTION('center_axis',(0.,-1.,0.));
#2514=DIRECTION('ref_axis',(1.,0.,8.16340459283203E-16));
#2515=DIRECTION('',(0.,0.,1.));
#2516=DIRECTION('',(-1.,0.,0.));
#2517=DIRECTION('',(0.,0.,-1.));
#2518=DIRECTION('center_axis',(0.,1.,0.));
#2519=DIRECTION('ref_axis',(1.,0.,4.16333634234436E-15));
#2520=DIRECTION('',(-1.,0.,0.));
#2521=DIRECTION('',(0.,0.,-1.));
#2522=DIRECTION('',(1.,0.,0.));
#2523=DIRECTION('center_axis',(1.,0.,0.));
#2524=DIRECTION('ref_axis',(0.,0.,-1.));
#2525=DIRECTION('',(0.,-1.,0.));
#2526=DIRECTION('',(0.,0.,-1.));
#2527=DIRECTION('',(0.,1.,0.));
#2528=DIRECTION('center_axis',(0.,0.,1.));
#2529=DIRECTION('ref_axis',(1.,0.,0.));
#2530=DIRECTION('',(1.,0.,0.));
#2531=DIRECTION('',(0.,1.,0.));
#2532=DIRECTION('center_axis',(-1.,0.,0.));
#2533=DIRECTION('ref_axis',(0.,0.,1.));
#2534=DIRECTION('',(0.,0.,1.));
#2535=DIRECTION('',(0.,1.,0.));
#2536=DIRECTION('center_axis',(0.,1.,0.));
#2537=DIRECTION('ref_axis',(1.,0.,4.16333634234436E-15));
#2538=DIRECTION('center_axis',(0.,-1.,0.));
#2539=DIRECTION('ref_axis',(1.,0.,4.16333634234436E-15));
#2540=DIRECTION('',(0.,1.,0.));
#2541=DIRECTION('center_axis',(0.,0.,1.));
#2542=DIRECTION('ref_axis',(1.,0.,0.));
#2543=DIRECTION('',(1.,0.,0.));
#2544=DIRECTION('',(0.,1.,0.));
#2545=DIRECTION('center_axis',(-1.,0.,0.));
#2546=DIRECTION('ref_axis',(0.,0.,1.));
#2547=DIRECTION('',(0.,0.,1.));
#2548=DIRECTION('',(0.,1.,0.));
#2549=DIRECTION('center_axis',(0.,0.,-1.));
#2550=DIRECTION('ref_axis',(-1.,0.,0.));
#2551=DIRECTION('',(-1.,0.,0.));
#2552=DIRECTION('',(0.,1.,0.));
#2553=DIRECTION('center_axis',(0.,1.,0.));
#2554=DIRECTION('ref_axis',(1.,0.,8.16340459283203E-16));
#2555=DIRECTION('center_axis',(0.,1.,0.));
#2556=DIRECTION('ref_axis',(1.,0.,8.16340459283203E-16));
#2557=DIRECTION('center_axis',(0.,1.,0.));
#2558=DIRECTION('ref_axis',(1.,0.,0.));
#2559=DIRECTION('center_axis',(0.,1.,0.));
#2560=DIRECTION('ref_axis',(1.,0.,0.));
#2561=DIRECTION('center_axis',(0.,-1.,0.));
#2562=DIRECTION('ref_axis',(1.,0.,8.16340459283203E-16));
#2563=DIRECTION('',(1.,0.,0.));
#2564=DIRECTION('',(0.,0.,-1.));
#2565=DIRECTION('',(-1.,0.,0.));
#2566=DIRECTION('center_axis',(0.,1.,0.));
#2567=DIRECTION('ref_axis',(1.,0.,4.16333634234436E-15));
#2568=DIRECTION('',(0.,0.,-1.));
#2569=DIRECTION('',(-1.,0.,0.));
#2570=DIRECTION('',(0.,0.,1.));
#2571=DIRECTION('center_axis',(-1.,0.,0.));
#2572=DIRECTION('ref_axis',(0.,0.,-1.));
#2573=DIRECTION('',(0.,1.,0.));
#2574=DIRECTION('',(0.,-1.,0.));
#2575=DIRECTION('',(0.,0.,-1.));
#2576=DIRECTION('center_axis',(0.,0.,-1.));
#2577=DIRECTION('ref_axis',(1.,0.,0.));
#2578=DIRECTION('',(0.,-1.,0.));
#2579=DIRECTION('',(1.,0.,0.));
#2580=DIRECTION('center_axis',(1.,0.,0.));
#2581=DIRECTION('ref_axis',(0.,0.,1.));
#2582=DIRECTION('',(0.,-1.,0.));
#2583=DIRECTION('',(0.,0.,1.));
#2584=DIRECTION('center_axis',(0.,1.,0.));
#2585=DIRECTION('ref_axis',(1.,0.,4.16333634234436E-15));
#2586=DIRECTION('',(0.,-1.,0.));
#2587=DIRECTION('center_axis',(0.,-1.,0.));
#2588=DIRECTION('ref_axis',(1.,0.,4.16333634234436E-15));
#2589=DIRECTION('center_axis',(0.,0.,-1.));
#2590=DIRECTION('ref_axis',(1.,0.,0.));
#2591=DIRECTION('',(0.,-1.,0.));
#2592=DIRECTION('',(1.,0.,0.));
#2593=DIRECTION('center_axis',(1.,0.,0.));
#2594=DIRECTION('ref_axis',(0.,0.,1.));
#2595=DIRECTION('',(0.,-1.,0.));
#2596=DIRECTION('',(0.,0.,1.));
#2597=DIRECTION('center_axis',(0.,0.,1.));
#2598=DIRECTION('ref_axis',(-1.,0.,0.));
#2599=DIRECTION('',(0.,-1.,0.));
#2600=DIRECTION('',(-1.,0.,0.));
#2601=DIRECTION('center_axis',(0.,1.,0.));
#2602=DIRECTION('ref_axis',(1.,0.,8.16340459283203E-16));
#2603=DIRECTION('center_axis',(0.,1.,0.));
#2604=DIRECTION('ref_axis',(1.,0.,8.16340459283203E-16));
#2605=DIRECTION('center_axis',(0.,1.,0.));
#2606=DIRECTION('ref_axis',(1.,0.,0.));
#2607=DIRECTION('center_axis',(0.,-1.,0.));
#2608=DIRECTION('ref_axis',(-1.,0.,0.));
#2609=DIRECTION('center_axis',(0.,1.,0.));
#2610=DIRECTION('ref_axis',(-1.,0.,8.16340459283203E-16));
#2611=DIRECTION('',(-1.,0.,0.));
#2612=DIRECTION('',(0.,0.,-1.));
#2613=DIRECTION('',(1.,0.,0.));
#2614=DIRECTION('center_axis',(0.,-1.,0.));
#2615=DIRECTION('ref_axis',(-1.,0.,4.16333634234436E-15));
#2616=DIRECTION('',(0.,0.,-1.));
#2617=DIRECTION('',(1.,0.,0.));
#2618=DIRECTION('',(0.,0.,1.));
#2619=DIRECTION('center_axis',(1.,0.,0.));
#2620=DIRECTION('ref_axis',(0.,0.,-1.));
#2621=DIRECTION('',(0.,-1.,0.));
#2622=DIRECTION('',(0.,1.,0.));
#2623=DIRECTION('',(0.,0.,-1.));
#2624=DIRECTION('center_axis',(0.,0.,-1.));
#2625=DIRECTION('ref_axis',(-1.,0.,0.));
#2626=DIRECTION('',(0.,1.,0.));
#2627=DIRECTION('',(-1.,0.,0.));
#2628=DIRECTION('center_axis',(-1.,0.,0.));
#2629=DIRECTION('ref_axis',(0.,0.,1.));
#2630=DIRECTION('',(0.,1.,0.));
#2631=DIRECTION('',(0.,0.,1.));
#2632=DIRECTION('center_axis',(0.,-1.,0.));
#2633=DIRECTION('ref_axis',(-1.,0.,4.16333634234436E-15));
#2634=DIRECTION('',(0.,1.,0.));
#2635=DIRECTION('center_axis',(0.,1.,0.));
#2636=DIRECTION('ref_axis',(-1.,0.,4.16333634234436E-15));
#2637=DIRECTION('center_axis',(0.,0.,-1.));
#2638=DIRECTION('ref_axis',(-1.,0.,0.));
#2639=DIRECTION('',(0.,1.,0.));
#2640=DIRECTION('',(-1.,0.,0.));
#2641=DIRECTION('center_axis',(-1.,0.,0.));
#2642=DIRECTION('ref_axis',(0.,0.,1.));
#2643=DIRECTION('',(0.,1.,0.));
#2644=DIRECTION('',(0.,0.,1.));
#2645=DIRECTION('center_axis',(0.,0.,1.));
#2646=DIRECTION('ref_axis',(1.,0.,0.));
#2647=DIRECTION('',(0.,1.,0.));
#2648=DIRECTION('',(1.,0.,0.));
#2649=DIRECTION('center_axis',(0.,-1.,0.));
#2650=DIRECTION('ref_axis',(-1.,0.,8.16340459283203E-16));
#2651=DIRECTION('center_axis',(0.,-1.,0.));
#2652=DIRECTION('ref_axis',(-1.,0.,8.16340459283203E-16));
#2653=DIRECTION('center_axis',(0.,-1.,0.));
#2654=DIRECTION('ref_axis',(-1.,0.,0.));
#2655=DIRECTION('center_axis',(0.,-1.,0.));
#2656=DIRECTION('ref_axis',(-1.,0.,0.));
#2657=DIRECTION('center_axis',(0.,1.,0.));
#2658=DIRECTION('ref_axis',(-1.,0.,8.16340459283203E-16));
#2659=DIRECTION('',(0.,0.,1.));
#2660=DIRECTION('',(1.,0.,0.));
#2661=DIRECTION('',(0.,0.,-1.));
#2662=DIRECTION('center_axis',(0.,-1.,0.));
#2663=DIRECTION('ref_axis',(-1.,0.,4.16333634234436E-15));
#2664=DIRECTION('',(1.,0.,0.));
#2665=DIRECTION('',(0.,0.,-1.));
#2666=DIRECTION('',(-1.,0.,0.));
#2667=DIRECTION('center_axis',(-1.,0.,0.));
#2668=DIRECTION('ref_axis',(0.,0.,-1.));
#2669=DIRECTION('',(0.,1.,0.));
#2670=DIRECTION('',(0.,0.,-1.));
#2671=DIRECTION('',(0.,-1.,0.));
#2672=DIRECTION('center_axis',(0.,0.,1.));
#2673=DIRECTION('ref_axis',(-1.,0.,0.));
#2674=DIRECTION('',(-1.,0.,0.));
#2675=DIRECTION('',(0.,-1.,0.));
#2676=DIRECTION('center_axis',(1.,0.,0.));
#2677=DIRECTION('ref_axis',(0.,0.,1.));
#2678=DIRECTION('',(0.,0.,1.));
#2679=DIRECTION('',(0.,-1.,0.));
#2680=DIRECTION('center_axis',(0.,-1.,0.));
#2681=DIRECTION('ref_axis',(-1.,0.,4.16333634234436E-15));
#2682=DIRECTION('center_axis',(0.,1.,0.));
#2683=DIRECTION('ref_axis',(-1.,0.,4.16333634234436E-15));
#2684=DIRECTION('',(0.,-1.,0.));
#2685=DIRECTION('center_axis',(0.,0.,1.));
#2686=DIRECTION('ref_axis',(-1.,0.,0.));
#2687=DIRECTION('',(-1.,0.,0.));
#2688=DIRECTION('',(0.,-1.,0.));
#2689=DIRECTION('center_axis',(1.,0.,0.));
#2690=DIRECTION('ref_axis',(0.,0.,1.));
#2691=DIRECTION('',(0.,0.,1.));
#2692=DIRECTION('',(0.,-1.,0.));
#2693=DIRECTION('center_axis',(0.,0.,-1.));
#2694=DIRECTION('ref_axis',(1.,0.,0.));
#2695=DIRECTION('',(1.,0.,0.));
#2696=DIRECTION('',(0.,-1.,0.));
#2697=DIRECTION('center_axis',(0.,-1.,0.));
#2698=DIRECTION('ref_axis',(-1.,0.,8.16340459283203E-16));
#2699=DIRECTION('center_axis',(0.,-1.,0.));
#2700=DIRECTION('ref_axis',(-1.,0.,8.16340459283203E-16));
#2701=DIRECTION('center_axis',(0.,-1.,0.));
#2702=DIRECTION('ref_axis',(-1.,0.,0.));
#2703=CARTESIAN_POINT('',(0.,0.,0.));
#2704=CARTESIAN_POINT('Origin',(0.,0.,-0.35));
#2705=CARTESIAN_POINT('',(-0.214449584785275,2.62624997585766E-17,-0.35));
#2706=CARTESIAN_POINT('Origin',(0.,0.,-0.35));
#2707=CARTESIAN_POINT('',(-0.214449584785275,2.62624997585766E-17,-0.28));
#2708=CARTESIAN_POINT('',(-0.214449584785275,-2.62624997585766E-17,-0.35));
#2709=CARTESIAN_POINT('Origin',(0.,0.,-0.28));
#2710=CARTESIAN_POINT('Origin',(0.,0.,-0.28));
#2711=CARTESIAN_POINT('Origin',(-0.384734983382316,0.0609831202206978,-0.314375));
#2712=CARTESIAN_POINT('',(-0.351975226339665,0.225,-0.347134757042651));
#2713=CARTESIAN_POINT('',(-0.419109983382316,0.225,-0.28));
#2714=CARTESIAN_POINT('',(-0.491900018217651,0.225,-0.207209965164665));
#2715=CARTESIAN_POINT('',(-0.351975226339665,0.775,-0.347134757042651));
#2716=CARTESIAN_POINT('',(-0.351975226339665,0.280491560110349,-0.347134757042651));
#2717=CARTESIAN_POINT('',(-0.419109983382316,0.775,-0.28));
#2718=CARTESIAN_POINT('',(-0.491900018217651,0.775,-0.207209965164665));
#2719=CARTESIAN_POINT('',(-0.419109983382316,1.03042049265582,-0.28));
#2720=CARTESIAN_POINT('',(-0.419109983382316,0.0609831202206978,-0.28));
#2721=CARTESIAN_POINT('',(-0.350359983382316,1.0256130243347,-0.34875));
#2722=CARTESIAN_POINT('',(-0.0888473069124542,1.00732627658635,-0.610262676469862));
#2723=CARTESIAN_POINT('',(-0.350359983382316,0.225,-0.34875));
#2724=CARTESIAN_POINT('',(-0.350359983382316,0.0609831202206978,-0.34875));
#2725=CARTESIAN_POINT('',(-0.350359983382317,-0.225,-0.34875));
#2726=CARTESIAN_POINT('Origin',(0.,0.,-0.699109983382317));
#2727=CARTESIAN_POINT('',(-0.350359983382316,-1.0256130243347,-0.34875));
#2728=CARTESIAN_POINT('',(-0.350359983382316,-0.668836921330765,-0.34875));
#2729=CARTESIAN_POINT('',(-0.419109983382316,-1.03042049265582,-0.28));
#2730=CARTESIAN_POINT('',(-0.610439898281309,-1.04379958363413,-0.0886700851010068));
#2731=CARTESIAN_POINT('',(-0.419109983382316,-0.775,-0.28));
#2732=CARTESIAN_POINT('',(-0.419109983382316,0.0609831202206978,-0.28));
#2733=CARTESIAN_POINT('',(-0.351975226339665,-0.775,-0.347134757042651));
#2734=CARTESIAN_POINT('',(-0.491900018217651,-0.775,-0.207209965164665));
#2735=CARTESIAN_POINT('',(-0.351975226339665,-0.225,-0.347134757042651));
#2736=CARTESIAN_POINT('',(-0.351975226339665,-0.219508439889651,-0.347134757042651));
#2737=CARTESIAN_POINT('',(-0.419109983382316,-0.225,-0.28));
#2738=CARTESIAN_POINT('',(-0.491900018217651,-0.225,-0.207209965164665));
#2739=CARTESIAN_POINT('',(-0.419109983382316,0.0609831202206978,-0.28));
#2740=CARTESIAN_POINT('Origin',(-0.915169090446086,-0.103033759558604,-0.28));
#2741=CARTESIAN_POINT('',(-0.855846783860348,-1.03042049265582,-0.28));
#2742=CARTESIAN_POINT('',(-0.982584545223043,-1.03042049265582,-0.28));
#2743=CARTESIAN_POINT('',(-1.03042049265582,-0.855846783860348,-0.28));
#2744=CARTESIAN_POINT('Origin',(-0.854993160491612,-0.854993160491613,-0.28));
#2745=CARTESIAN_POINT('',(-1.03042049265582,-0.775,-0.28));
#2746=CARTESIAN_POINT('',(-1.03042049265582,0.473483120220698,-0.28));
#2747=CARTESIAN_POINT('',(-0.807674541068622,-0.775,-0.28));
#2748=CARTESIAN_POINT('Origin',(-0.915169090446086,-0.103033759558604,-0.28));
#2749=CARTESIAN_POINT('',(-1.03042049265582,-0.225,-0.28));
#2750=CARTESIAN_POINT('',(-0.807674541068622,-0.225,-0.28));
#2751=CARTESIAN_POINT('',(-1.03042049265582,0.225,-0.28));
#2752=CARTESIAN_POINT('',(-1.03042049265582,0.473483120220698,-0.28));
#2753=CARTESIAN_POINT('',(-0.807674541068622,0.225,-0.28));
#2754=CARTESIAN_POINT('Origin',(0.384734983382317,0.544777842103208,-0.314375));
#2755=CARTESIAN_POINT('',(0.350359983382317,0.225,-0.34875));
#2756=CARTESIAN_POINT('',(0.350359983382316,-0.225,-0.34875));
#2757=CARTESIAN_POINT('Origin',(0.,0.,-0.699109983382316));
#2758=CARTESIAN_POINT('',(0.350359983382316,1.0256130243347,-0.34875));
#2759=CARTESIAN_POINT('',(0.350359983382316,0.544777842103208,-0.34875));
#2760=CARTESIAN_POINT('',(0.419109983382317,1.03042049265582,-0.28));
#2761=CARTESIAN_POINT('',(0.621003804028344,1.04453828388469,-0.0781061793539729));
#2762=CARTESIAN_POINT('',(0.419109983382317,0.775,-0.28));
#2763=CARTESIAN_POINT('',(0.419109983382317,0.544777842103208,-0.28));
#2764=CARTESIAN_POINT('',(0.351975226339665,0.775,-0.347134757042651));
#2765=CARTESIAN_POINT('',(0.491900018217651,0.775,-0.207209965164665));
#2766=CARTESIAN_POINT('',(0.351975226339665,0.225,-0.347134757042651));
#2767=CARTESIAN_POINT('',(0.351975226339665,0.522388921051604,-0.347134757042651));
#2768=CARTESIAN_POINT('',(0.419109983382317,0.225,-0.28));
#2769=CARTESIAN_POINT('',(0.491900018217651,0.225,-0.207209965164665));
#2770=CARTESIAN_POINT('',(0.419109983382317,-0.225,-0.28));
#2771=CARTESIAN_POINT('',(0.419109983382317,0.544777842103208,-0.28));
#2772=CARTESIAN_POINT('',(0.351975226339665,-0.225,-0.347134757042651));
#2773=CARTESIAN_POINT('',(0.491900018217651,-0.225,-0.207209965164665));
#2774=CARTESIAN_POINT('',(0.351975226339665,-0.775,-0.347134757042651));
#2775=CARTESIAN_POINT('',(0.351975226339665,0.0223889210516038,-0.347134757042651));
#2776=CARTESIAN_POINT('',(0.419109983382317,-0.775,-0.28));
#2777=CARTESIAN_POINT('',(0.491900018217651,-0.775,-0.207209965164665));
#2778=CARTESIAN_POINT('',(0.419109983382317,-1.03042049265582,-0.28));
#2779=CARTESIAN_POINT('',(0.419109983382317,0.544777842103208,-0.28));
#2780=CARTESIAN_POINT('',(0.350359983382316,-1.0256130243347,-0.34875));
#2781=CARTESIAN_POINT('',(0.0782834011654196,-1.00658757633579,-0.620826582216896));
#2782=CARTESIAN_POINT('',(0.350359983382316,0.159888921051604,-0.34875));
#2783=CARTESIAN_POINT('Origin',(0.851233464554994,-0.103033759558604,-0.28));
#2784=CARTESIAN_POINT('',(0.855846783860348,1.03042049265582,-0.28));
#2785=CARTESIAN_POINT('',(0.950616732277497,1.03042049265582,-0.28));
#2786=CARTESIAN_POINT('',(1.03042049265582,0.855846783860348,-0.28));
#2787=CARTESIAN_POINT('Origin',(0.854993160491612,0.854993160491613,-0.28));
#2788=CARTESIAN_POINT('',(1.03042049265582,0.775,-0.28));
#2789=CARTESIAN_POINT('',(1.03042049265582,-0.576516879779302,-0.28));
#2790=CARTESIAN_POINT('',(0.775706728123076,0.775,-0.28));
#2791=CARTESIAN_POINT('Origin',(0.851233464554994,-0.103033759558604,-0.28));
#2792=CARTESIAN_POINT('',(1.03042049265582,0.225,-0.28));
#2793=CARTESIAN_POINT('',(0.775706728123076,0.225,-0.28));
#2794=CARTESIAN_POINT('',(1.03042049265582,-0.225,-0.28));
#2795=CARTESIAN_POINT('',(1.03042049265582,-0.576516879779302,-0.28));
#2796=CARTESIAN_POINT('',(0.775706728123076,-0.225,-0.28));
#2797=CARTESIAN_POINT('Origin',(-0.350359983382316,0.225,-0.35));
#2798=CARTESIAN_POINT('',(-0.350359983382316,1.02552561581977,-0.35));
#2799=CARTESIAN_POINT('',(-0.350359983382316,1.03581514284394,-0.202852908087901));
#2800=CARTESIAN_POINT('',(-0.350359983382316,0.225,-0.35));
#2801=CARTESIAN_POINT('',(-0.350359983382316,0.25,-0.35));
#2802=CARTESIAN_POINT('',(-0.350359983382316,0.225,-0.35));
#2803=CARTESIAN_POINT('Origin',(0.,0.,-0.35));
#2804=CARTESIAN_POINT('',(-0.350359983382316,-0.225,-0.35));
#2805=CARTESIAN_POINT('Origin',(0.,0.,-0.35));
#2806=CARTESIAN_POINT('',(-0.350359983382317,-0.225,-0.35));
#2807=CARTESIAN_POINT('Origin',(-0.350359983382316,-1.39865696288223,-0.35));
#2808=CARTESIAN_POINT('',(-0.350359983382316,-1.02552561581977,-0.35));
#2809=CARTESIAN_POINT('',(-0.350359983382316,-0.25,-0.35));
#2810=CARTESIAN_POINT('',(-0.350359983382316,-1.03867063006488,-0.162017538340978));
#2811=CARTESIAN_POINT('Origin',(-0.915169090446086,-0.103033759558604,-0.28));
#2812=CARTESIAN_POINT('',(-1.03042049265582,0.775,-0.28));
#2813=CARTESIAN_POINT('',(-0.807674541068622,0.775,-0.28));
#2814=CARTESIAN_POINT('',(-1.03042049265582,0.855846783860348,-0.28));
#2815=CARTESIAN_POINT('',(-1.03042049265582,0.473483120220698,-0.28));
#2816=CARTESIAN_POINT('',(-0.855846783860348,1.03042049265582,-0.28));
#2817=CARTESIAN_POINT('Origin',(-0.854993160491613,0.854993160491612,-0.28));
#2818=CARTESIAN_POINT('',(0.0674154547769572,1.03042049265582,-0.28));
#2819=CARTESIAN_POINT('Origin',(0.851233464554994,-0.103033759558604,-0.28));
#2820=CARTESIAN_POINT('',(1.03042049265582,-0.775,-0.28));
#2821=CARTESIAN_POINT('',(0.775706728123076,-0.775,-0.28));
#2822=CARTESIAN_POINT('',(1.03042049265582,-0.855846783860348,-0.28));
#2823=CARTESIAN_POINT('',(1.03042049265582,-0.576516879779302,-0.28));
#2824=CARTESIAN_POINT('',(0.855846783860348,-1.03042049265582,-0.28));
#2825=CARTESIAN_POINT('Origin',(0.854993160491613,-0.854993160491612,-0.28));
#2826=CARTESIAN_POINT('',(-0.0993832677225031,-1.03042049265582,-0.28));
#2827=CARTESIAN_POINT('Origin',(0.350359983382316,-0.225,-0.35));
#2828=CARTESIAN_POINT('',(0.350359983382316,-1.02552561581977,-0.35));
#2829=CARTESIAN_POINT('',(0.350359983382316,-1.03581514284394,-0.202852908087901));
#2830=CARTESIAN_POINT('',(0.350359983382316,-0.225,-0.35));
#2831=CARTESIAN_POINT('',(0.350359983382316,-0.25,-0.35));
#2832=CARTESIAN_POINT('',(0.350359983382316,-0.225,-0.35));
#2833=CARTESIAN_POINT('Origin',(0.,0.,-0.35));
#2834=CARTESIAN_POINT('',(0.350359983382316,0.225,-0.35));
#2835=CARTESIAN_POINT('Origin',(0.,0.,-0.35));
#2836=CARTESIAN_POINT('',(0.350359983382317,0.225,-0.35));
#2837=CARTESIAN_POINT('Origin',(0.350359983382316,1.19258944376502,-0.35));
#2838=CARTESIAN_POINT('',(0.350359983382316,1.02552561581977,-0.35));
#2839=CARTESIAN_POINT('',(0.350359983382316,0.25,-0.35));
#2840=CARTESIAN_POINT('',(0.350359983382316,1.03816927133222,-0.16918730225165));
#2841=CARTESIAN_POINT('Origin',(-0.871187124599615,0.871187124599615,-0.0484155239182837));
#2842=CARTESIAN_POINT('',(-1.05,0.875426291204531,0.));
#2843=CARTESIAN_POINT('',(-1.04576083339508,0.871187124599615,-0.0606229068235056));
#2844=CARTESIAN_POINT('',(-0.875426291204531,1.05,0.));
#2845=CARTESIAN_POINT('Origin',(-0.874572667835795,0.874572667835795,9.80118763926896E-16));
#2846=CARTESIAN_POINT('',(-0.871187124599615,1.04576083339508,-0.0606229068235056));
#2847=CARTESIAN_POINT('Origin',(-0.700179991691158,0.775,-0.201159868967502));
#2848=CARTESIAN_POINT('',(-0.420872777144634,0.775,-0.224918949616045));
#2849=CARTESIAN_POINT('',(-0.350359983382316,0.775,-0.35));
#2850=CARTESIAN_POINT('',(-0.819812661943812,0.775,-0.261407353713531));
#2851=CARTESIAN_POINT('',(-0.420872777144634,0.775,-0.224918949616045));
#2852=CARTESIAN_POINT('',(-0.874366823302283,0.775,-0.211615189527577));
#2853=CARTESIAN_POINT('Origin',(-0.824366823302283,0.775,-0.211615189527577));
#2854=CARTESIAN_POINT('',(-0.874366823302283,0.775,-0.00231973793500442));
#2855=CARTESIAN_POINT('',(-0.874366823302283,0.775,-0.211615189527577));
#2856=CARTESIAN_POINT('',(-1.04983778812166,0.775,-0.00231973793500439));
#2857=CARTESIAN_POINT('',(-1.11079207297594,0.775,-0.00231973793500439));
#2858=CARTESIAN_POINT('',(-1.04214988324335,0.775,-0.112261899813119));
#2859=CARTESIAN_POINT('Origin',(-0.350359983382316,0.5,-0.35));
#2860=CARTESIAN_POINT('',(-0.420872777144634,0.225,-0.224918949616045));
#2861=CARTESIAN_POINT('',(-0.424377019483599,0.225,-0.218702853370658));
#2862=CARTESIAN_POINT('',(-0.420872777144634,0.5,-0.224918949616045));
#2863=CARTESIAN_POINT('Origin',(0.871187124599615,-0.871187124599615,-0.0484155239182837));
#2864=CARTESIAN_POINT('',(1.05,-0.875426291204531,0.));
#2865=CARTESIAN_POINT('',(1.04576083339508,-0.871187124599615,-0.0606229068235056));
#2866=CARTESIAN_POINT('',(0.875426291204531,-1.05,0.));
#2867=CARTESIAN_POINT('Origin',(0.874572667835795,-0.874572667835795,9.8879238130678E-16));
#2868=CARTESIAN_POINT('',(0.871187124599615,-1.04576083339508,-0.0606229068235056));
#2869=CARTESIAN_POINT('Origin',(0.700179991691158,-0.775,-0.201159868967502));
#2870=CARTESIAN_POINT('',(0.420872777144634,-0.775,-0.224918949616045));
#2871=CARTESIAN_POINT('',(0.350359983382316,-0.775,-0.35));
#2872=CARTESIAN_POINT('',(0.819812661943812,-0.775,-0.261407353713531));
#2873=CARTESIAN_POINT('',(0.420872777144634,-0.775,-0.224918949616045));
#2874=CARTESIAN_POINT('',(0.874366823302283,-0.775,-0.211615189527577));
#2875=CARTESIAN_POINT('Origin',(0.824366823302283,-0.775,-0.211615189527577));
#2876=CARTESIAN_POINT('',(0.874366823302283,-0.775,-0.00231973793500442));
#2877=CARTESIAN_POINT('',(0.874366823302283,-0.775,-0.211615189527577));
#2878=CARTESIAN_POINT('',(1.04983778812166,-0.775,-0.00231973793500439));
#2879=CARTESIAN_POINT('',(1.11079207297594,-0.775,-0.00231973793500439));
#2880=CARTESIAN_POINT('',(1.04214988324335,-0.775,-0.112261899813119));
#2881=CARTESIAN_POINT('Origin',(0.350359983382316,-0.5,-0.35));
#2882=CARTESIAN_POINT('',(0.420872777144634,-0.225,-0.224918949616045));
#2883=CARTESIAN_POINT('',(0.424377019483599,-0.225,-0.218702853370658));
#2884=CARTESIAN_POINT('',(0.420872777144634,-0.5,-0.224918949616045));
#2885=CARTESIAN_POINT('Origin',(0.700179991691158,-0.225,-0.201159868967502));
#2886=CARTESIAN_POINT('',(1.04983778812166,-0.225,-0.00231973793500439));
#2887=CARTESIAN_POINT('',(1.04214988324335,-0.225,-0.112261899813119));
#2888=CARTESIAN_POINT('',(0.874366823302283,-0.225,-0.00231973793500442));
#2889=CARTESIAN_POINT('',(1.11079207297594,-0.225,-0.00231973793500439));
#2890=CARTESIAN_POINT('',(0.874366823302283,-0.225,-0.211615189527577));
#2891=CARTESIAN_POINT('',(0.874366823302283,-0.225,-0.211615189527577));
#2892=CARTESIAN_POINT('',(0.819812661943812,-0.225,-0.261407353713531));
#2893=CARTESIAN_POINT('Origin',(0.824366823302283,-0.225,-0.211615189527577));
#2894=CARTESIAN_POINT('',(0.420872777144634,-0.225,-0.224918949616045));
#2895=CARTESIAN_POINT('Origin',(1.05,1.05,0.));
#2896=CARTESIAN_POINT('',(0.875426291204531,1.05,0.));
#2897=CARTESIAN_POINT('',(1.05,1.05,0.));
#2898=CARTESIAN_POINT('',(0.871187124599615,1.04576083339508,-0.0606229068235056));
#2899=CARTESIAN_POINT('',(1.05,1.02552561581977,-0.35));
#2900=CARTESIAN_POINT('Origin',(0.700179991691158,0.225,-0.201159868967502));
#2901=CARTESIAN_POINT('',(0.420872777144634,0.225,-0.224918949616045));
#2902=CARTESIAN_POINT('',(0.424377019483599,0.225,-0.218702853370658));
#2903=CARTESIAN_POINT('',(0.819812661943812,0.225,-0.261407353713531));
#2904=CARTESIAN_POINT('',(0.420872777144634,0.225,-0.224918949616045));
#2905=CARTESIAN_POINT('',(0.874366823302283,0.225,-0.211615189527577));
#2906=CARTESIAN_POINT('Origin',(0.824366823302283,0.225,-0.211615189527577));
#2907=CARTESIAN_POINT('',(0.874366823302283,0.225,-0.00231973793500442));
#2908=CARTESIAN_POINT('',(0.874366823302283,0.225,-0.211615189527577));
#2909=CARTESIAN_POINT('',(1.04983778812166,0.225,-0.00231973793500439));
#2910=CARTESIAN_POINT('',(1.11079207297594,0.225,-0.00231973793500439));
#2911=CARTESIAN_POINT('',(1.04214988324335,0.225,-0.112261899813119));
#2912=CARTESIAN_POINT('Origin',(0.350359983382316,0.5,-0.35));
#2913=CARTESIAN_POINT('',(0.420872777144634,0.775,-0.224918949616045));
#2914=CARTESIAN_POINT('',(0.350359983382316,0.775,-0.35));
#2915=CARTESIAN_POINT('',(0.420872777144634,0.5,-0.224918949616045));
#2916=CARTESIAN_POINT('Origin',(0.700179991691158,0.775,-0.201159868967502));
#2917=CARTESIAN_POINT('',(1.04983778812166,0.775,-0.00231973793500439));
#2918=CARTESIAN_POINT('',(1.04214988324335,0.775,-0.112261899813119));
#2919=CARTESIAN_POINT('',(0.874366823302283,0.775,-0.00231973793500442));
#2920=CARTESIAN_POINT('',(1.11079207297594,0.775,-0.00231973793500439));
#2921=CARTESIAN_POINT('',(0.874366823302283,0.775,-0.211615189527577));
#2922=CARTESIAN_POINT('',(0.874366823302283,0.775,-0.211615189527577));
#2923=CARTESIAN_POINT('',(0.819812661943812,0.775,-0.261407353713531));
#2924=CARTESIAN_POINT('Origin',(0.824366823302283,0.775,-0.211615189527577));
#2925=CARTESIAN_POINT('',(0.420872777144634,0.775,-0.224918949616045));
#2926=CARTESIAN_POINT('Origin',(1.05,-1.05,0.));
#2927=CARTESIAN_POINT('',(1.04983778812166,-0.775,-0.00231973793500439));
#2928=CARTESIAN_POINT('',(1.04983778812166,-0.275,-0.00231973793500439));
#2929=CARTESIAN_POINT('',(1.05,0.875426291204531,0.));
#2930=CARTESIAN_POINT('',(1.04576083339508,0.871187124599615,-0.0606229068235056));
#2931=CARTESIAN_POINT('',(1.05,-1.05,0.));
#2932=CARTESIAN_POINT('Origin',(-0.700179991691158,-0.775,-0.201159868967502));
#2933=CARTESIAN_POINT('',(-1.04983778812166,-0.775,-0.00231973793500439));
#2934=CARTESIAN_POINT('',(-1.04214988324335,-0.775,-0.112261899813119));
#2935=CARTESIAN_POINT('',(-0.874366823302283,-0.775,-0.00231973793500442));
#2936=CARTESIAN_POINT('',(-1.11079207297594,-0.775,-0.00231973793500439));
#2937=CARTESIAN_POINT('',(-0.874366823302283,-0.775,-0.211615189527577));
#2938=CARTESIAN_POINT('',(-0.874366823302283,-0.775,-0.211615189527577));
#2939=CARTESIAN_POINT('',(-0.819812661943812,-0.775,-0.261407353713531));
#2940=CARTESIAN_POINT('Origin',(-0.824366823302283,-0.775,-0.211615189527577));
#2941=CARTESIAN_POINT('',(-0.420872777144634,-0.775,-0.224918949616045));
#2942=CARTESIAN_POINT('',(-0.420872777144634,-0.775,-0.224918949616045));
#2943=CARTESIAN_POINT('',(-0.350359983382316,-0.775,-0.35));
#2944=CARTESIAN_POINT('Origin',(-0.700179991691158,-0.225,-0.201159868967502));
#2945=CARTESIAN_POINT('',(-0.420872777144634,-0.225,-0.224918949616045));
#2946=CARTESIAN_POINT('',(-0.350359983382316,-0.225,-0.35));
#2947=CARTESIAN_POINT('',(-0.819812661943812,-0.225,-0.261407353713531));
#2948=CARTESIAN_POINT('',(-0.420872777144634,-0.225,-0.224918949616045));
#2949=CARTESIAN_POINT('',(-0.874366823302283,-0.225,-0.211615189527577));
#2950=CARTESIAN_POINT('Origin',(-0.824366823302283,-0.225,-0.211615189527577));
#2951=CARTESIAN_POINT('',(-0.874366823302283,-0.225,-0.00231973793500442));
#2952=CARTESIAN_POINT('',(-0.874366823302283,-0.225,-0.211615189527577));
#2953=CARTESIAN_POINT('',(-1.04983778812166,-0.225,-0.00231973793500439));
#2954=CARTESIAN_POINT('',(-1.11079207297594,-0.225,-0.00231973793500439));
#2955=CARTESIAN_POINT('',(-1.04214988324335,-0.225,-0.112261899813119));
#2956=CARTESIAN_POINT('Origin',(-0.874366823302283,-0.5,-0.00231973793500439));
#2957=CARTESIAN_POINT('',(-1.04983778812166,0.275,-0.00231973793500439));
#2958=CARTESIAN_POINT('',(-0.874366823302283,-0.5,-0.00231973793500439));
#2959=CARTESIAN_POINT('Origin',(-0.874366823302283,-0.5,-0.211615189527577));
#2960=CARTESIAN_POINT('',(-0.874366823302283,-0.5,-0.211615189527577));
#2961=CARTESIAN_POINT('Origin',(-0.824366823302283,-0.5,-0.211615189527577));
#2962=CARTESIAN_POINT('',(-0.819812661943812,-0.5,-0.261407353713531));
#2963=CARTESIAN_POINT('Origin',(-0.420872777144634,-0.5,-0.224918949616045));
#2964=CARTESIAN_POINT('',(-0.420872777144634,-0.5,-0.224918949616045));
#2965=CARTESIAN_POINT('Origin',(-0.350359983382316,-0.5,-0.35));
#2966=CARTESIAN_POINT('Origin',(0.,0.,-0.35));
#2967=CARTESIAN_POINT('',(-1.05,-1.02552561581977,-0.35));
#2968=CARTESIAN_POINT('Origin',(-0.874366823302283,0.5,-0.00231973793500439));
#2969=CARTESIAN_POINT('',(-1.04983778812166,0.225,-0.00231973793500439));
#2970=CARTESIAN_POINT('',(-1.04983778812166,0.775,-0.00231973793500439));
#2971=CARTESIAN_POINT('',(-0.874366823302283,0.225,-0.00231973793500442));
#2972=CARTESIAN_POINT('',(-0.874366823302283,0.5,-0.00231973793500439));
#2973=CARTESIAN_POINT('',(-1.11079207297594,0.225,-0.00231973793500439));
#2974=CARTESIAN_POINT('Origin',(-0.700179991691158,0.225,-0.201159868967502));
#2975=CARTESIAN_POINT('',(-1.04214988324335,0.225,-0.112261899813119));
#2976=CARTESIAN_POINT('',(-0.874366823302283,0.225,-0.211615189527577));
#2977=CARTESIAN_POINT('',(-0.874366823302283,0.225,-0.211615189527577));
#2978=CARTESIAN_POINT('',(-0.819812661943812,0.225,-0.261407353713531));
#2979=CARTESIAN_POINT('Origin',(-0.824366823302283,0.225,-0.211615189527577));
#2980=CARTESIAN_POINT('',(-0.420872777144634,0.225,-0.224918949616045));
#2981=CARTESIAN_POINT('Origin',(-0.874366823302283,0.5,-0.211615189527577));
#2982=CARTESIAN_POINT('',(-0.874366823302283,0.5,-0.211615189527577));
#2983=CARTESIAN_POINT('Origin',(-0.824366823302283,0.5,-0.211615189527577));
#2984=CARTESIAN_POINT('',(-0.819812661943812,0.5,-0.261407353713531));
#2985=CARTESIAN_POINT('Origin',(-0.420872777144634,0.5,-0.224918949616045));
#2986=CARTESIAN_POINT('Origin',(-1.05,1.05,0.));
#2987=CARTESIAN_POINT('',(-1.05,-0.875426291204531,0.));
#2988=CARTESIAN_POINT('',(-1.04576083339508,-0.871187124599615,-0.0606229068235056));
#2989=CARTESIAN_POINT('',(-1.05,1.05,0.));
#2990=CARTESIAN_POINT('Origin',(0.874366823302283,-0.5,-0.00231973793500439));
#2991=CARTESIAN_POINT('',(0.874366823302283,-0.5,-0.00231973793500439));
#2992=CARTESIAN_POINT('Origin',(0.874366823302283,-0.5,-0.211615189527577));
#2993=CARTESIAN_POINT('',(0.874366823302283,-0.5,-0.211615189527577));
#2994=CARTESIAN_POINT('Origin',(0.824366823302283,-0.5,-0.211615189527577));
#2995=CARTESIAN_POINT('',(0.819812661943812,-0.5,-0.261407353713531));
#2996=CARTESIAN_POINT('Origin',(0.420872777144634,-0.5,-0.224918949616045));
#2997=CARTESIAN_POINT('Origin',(0.874366823302283,0.5,-0.00231973793500439));
#2998=CARTESIAN_POINT('',(0.874366823302283,0.5,-0.00231973793500439));
#2999=CARTESIAN_POINT('Origin',(0.874366823302283,0.5,-0.211615189527577));
#3000=CARTESIAN_POINT('',(0.874366823302283,0.5,-0.211615189527577));
#3001=CARTESIAN_POINT('Origin',(0.824366823302283,0.5,-0.211615189527577));
#3002=CARTESIAN_POINT('',(0.819812661943812,0.5,-0.261407353713531));
#3003=CARTESIAN_POINT('Origin',(0.420872777144634,0.5,-0.224918949616045));
#3004=CARTESIAN_POINT('Origin',(0.,0.,0.6));
#3005=CARTESIAN_POINT('',(0.75,9.18485099360515E-17,0.6));
#3006=CARTESIAN_POINT('Origin',(0.,0.,0.6));
#3007=CARTESIAN_POINT('',(0.75,9.18485099360515E-17,0.35));
#3008=CARTESIAN_POINT('',(0.75,-9.18485099360515E-17,0.6));
#3009=CARTESIAN_POINT('Origin',(0.,0.,0.35));
#3010=CARTESIAN_POINT('Origin',(0.,0.,0.35));
#3011=CARTESIAN_POINT('Origin',(0.871187124599615,0.871187124599615,-0.0484155239182837));
#3012=CARTESIAN_POINT('Origin',(0.874572667835795,0.874572667835795,-9.80118763926896E-16));
#3013=CARTESIAN_POINT('Origin',(0.871187124599615,0.871187124599615,0.0484155239182837));
#3014=CARTESIAN_POINT('',(0.833470204038425,1.00804391283389,0.6));
#3015=CARTESIAN_POINT('',(1.00804391283389,0.833470204038425,0.6));
#3016=CARTESIAN_POINT('Origin',(0.832616580669689,0.832616580669689,0.6));
#3017=CARTESIAN_POINT('',(1.04576083339508,0.871187124599615,0.0606229068235056));
#3018=CARTESIAN_POINT('',(0.871187124599615,1.04576083339508,0.0606229068235056));
#3019=CARTESIAN_POINT('Origin',(-1.05,1.05,0.));
#3020=CARTESIAN_POINT('',(-0.833470204038425,1.00804391283389,0.6));
#3021=CARTESIAN_POINT('',(-0.871187124599615,1.04576083339508,0.0606229068235056));
#3022=CARTESIAN_POINT('',(1.05,1.00804391283389,0.6));
#3023=CARTESIAN_POINT('Origin',(-0.871187124599615,0.871187124599615,0.0484155239182837));
#3024=CARTESIAN_POINT('',(-1.00804391283389,0.833470204038425,0.6));
#3025=CARTESIAN_POINT('Origin',(-0.832616580669689,0.832616580669689,0.6));
#3026=CARTESIAN_POINT('',(-1.04576083339508,0.871187124599615,0.0606229068235056));
#3027=CARTESIAN_POINT('Origin',(-1.05,-1.05,0.));
#3028=CARTESIAN_POINT('',(-1.00804391283389,-0.833470204038425,0.6));
#3029=CARTESIAN_POINT('',(-1.04576083339508,-0.871187124599615,0.0606229068235056));
#3030=CARTESIAN_POINT('',(-1.00804391283389,1.05,0.6));
#3031=CARTESIAN_POINT('Origin',(-0.871187124599615,-0.871187124599615,-0.0484155239182837));
#3032=CARTESIAN_POINT('',(-0.875426291204531,-1.05,0.));
#3033=CARTESIAN_POINT('',(-0.871187124599615,-1.04576083339508,-0.0606229068235056));
#3034=CARTESIAN_POINT('Origin',(-0.874572667835795,-0.874572667835795,-9.80118763926896E-16));
#3035=CARTESIAN_POINT('Origin',(-0.871187124599615,-0.871187124599615,0.0484155239182837));
#3036=CARTESIAN_POINT('',(-0.833470204038425,-1.00804391283389,0.6));
#3037=CARTESIAN_POINT('Origin',(-0.832616580669689,-0.832616580669689,0.6));
#3038=CARTESIAN_POINT('',(-0.871187124599615,-1.04576083339508,0.0606229068235056));
#3039=CARTESIAN_POINT('Origin',(-1.05,-1.05,0.));
#3040=CARTESIAN_POINT('',(-1.05,-1.05,0.));
#3041=CARTESIAN_POINT('Origin',(0.871187124599615,-0.871187124599615,0.0484155239182837));
#3042=CARTESIAN_POINT('',(1.0220292752226,-0.847455566427127,0.4));
#3043=CARTESIAN_POINT('',(0.847455566427127,-1.0220292752226,0.4));
#3044=CARTESIAN_POINT('Origin',(0.846601943058391,-0.846601943058391,0.4));
#3045=CARTESIAN_POINT('',(0.871187124599615,-1.04576083339508,0.0606229068235056));
#3046=CARTESIAN_POINT('',(1.04576083339508,-0.871187124599615,0.0606229068235056));
#3047=CARTESIAN_POINT('Origin',(1.05,-1.05,0.));
#3048=CARTESIAN_POINT('',(0.727970724777404,-1.0220292752226,0.4));
#3049=CARTESIAN_POINT('',(1.0081082623857,-1.0220292752226,0.4));
#3050=CARTESIAN_POINT('',(0.741956087166106,-1.00804391283389,0.6));
#3051=CARTESIAN_POINT('',(0.721622295781027,-1.02837770421897,0.309213235668381));
#3052=CARTESIAN_POINT('',(-1.05,-1.00804391283389,0.6));
#3053=CARTESIAN_POINT('Origin',(0.966216524771398,-0.973515378171826,0.4));
#3054=CARTESIAN_POINT('',(1.0220292752226,-0.727970724777404,0.4));
#3055=CARTESIAN_POINT('',(1.0220292752226,0.0382423109140873,0.4));
#3056=CARTESIAN_POINT('',(0.7,-1.05,0.4));
#3057=CARTESIAN_POINT('Origin',(0.7,-1.05,0.6));
#3058=CARTESIAN_POINT('',(1.00804391283389,-0.741956087166106,0.6));
#3059=CARTESIAN_POINT('',(1.03176738608397,-0.718232613916026,0.260738526600568));
#3060=CARTESIAN_POINT('',(0.7875,-0.9625,0.6));
#3061=CARTESIAN_POINT('Origin',(1.05,1.05,0.));
#3062=CARTESIAN_POINT('',(1.00804391283389,-1.05,0.6));
#3063=CARTESIAN_POINT('Origin',(0.,0.,0.6));
#3064=CARTESIAN_POINT('Origin',(0.,0.,0.6));
#3065=CARTESIAN_POINT('',(0.75,9.18485099360515E-17,0.35));
#3066=CARTESIAN_POINT('Origin',(0.,0.,0.35));
#3067=CARTESIAN_POINT('',(0.75,9.18485099360515E-17,0.599));
#3068=CARTESIAN_POINT('',(0.75,-9.18485099360515E-17,0.6));
#3069=CARTESIAN_POINT('Origin',(0.,0.,0.599));
#3070=CARTESIAN_POINT('Origin',(0.,0.,0.599));
#3071=CARTESIAN_POINT('Origin',(0.,0.,0.35));
#3072=CARTESIAN_POINT('Origin',(0.765,0.25,-0.201159868967502));
#3073=CARTESIAN_POINT('',(0.965,0.25,-0.4));
#3074=CARTESIAN_POINT('',(1.05,0.25,-0.315));
#3075=CARTESIAN_POINT('Origin',(0.965,0.25,-0.315));
#3076=CARTESIAN_POINT('',(1.05,0.25,-0.00231973793500442));
#3077=CARTESIAN_POINT('',(1.05,0.25,-0.315));
#3078=CARTESIAN_POINT('',(0.93,0.25,-0.00231973793500442));
#3079=CARTESIAN_POINT('',(1.11079207297594,0.25,-0.00231973793500439));
#3080=CARTESIAN_POINT('',(0.93,0.25,-0.255));
#3081=CARTESIAN_POINT('',(0.93,0.25,-0.255));
#3082=CARTESIAN_POINT('',(0.905,0.25,-0.28));
#3083=CARTESIAN_POINT('Origin',(0.905,0.25,-0.255));
#3084=CARTESIAN_POINT('',(0.48,0.25,-0.28));
#3085=CARTESIAN_POINT('',(0.905,0.25,-0.28));
#3086=CARTESIAN_POINT('',(0.48,0.25,-0.4));
#3087=CARTESIAN_POINT('',(0.48,0.25,-1.07190397479029));
#3088=CARTESIAN_POINT('',(0.965,0.25,-0.4));
#3089=CARTESIAN_POINT('Origin',(1.05,0.5,-0.00231973793500442));
#3090=CARTESIAN_POINT('',(1.05,0.75,-0.315));
#3091=CARTESIAN_POINT('',(1.05,0.5,-0.315));
#3092=CARTESIAN_POINT('',(1.05,0.75,-0.00231973793500442));
#3093=CARTESIAN_POINT('',(1.05,0.75,-0.315));
#3094=CARTESIAN_POINT('',(1.05,0.5,-0.00231973793500442));
#3095=CARTESIAN_POINT('Origin',(0.93,0.5,-0.00231973793500439));
#3096=CARTESIAN_POINT('',(0.93,0.75,-0.00231973793500442));
#3097=CARTESIAN_POINT('',(1.11079207297594,0.75,-0.00231973793500439));
#3098=CARTESIAN_POINT('',(0.93,0.5,-0.00231973793500439));
#3099=CARTESIAN_POINT('Origin',(0.93,0.5,-0.255));
#3100=CARTESIAN_POINT('',(0.93,0.75,-0.255));
#3101=CARTESIAN_POINT('',(0.93,0.75,-0.255));
#3102=CARTESIAN_POINT('',(0.93,0.5,-0.255));
#3103=CARTESIAN_POINT('Origin',(0.905,0.5,-0.255));
#3104=CARTESIAN_POINT('',(0.905,0.75,-0.28));
#3105=CARTESIAN_POINT('Origin',(0.905,0.75,-0.255));
#3106=CARTESIAN_POINT('',(0.905,0.5,-0.28));
#3107=CARTESIAN_POINT('Origin',(0.48,0.5,-0.28));
#3108=CARTESIAN_POINT('',(0.48,0.75,-0.28));
#3109=CARTESIAN_POINT('',(0.905,0.75,-0.28));
#3110=CARTESIAN_POINT('',(0.48,0.5,-0.28));
#3111=CARTESIAN_POINT('Origin',(0.48,0.5,-0.4));
#3112=CARTESIAN_POINT('',(0.48,0.75,-0.4));
#3113=CARTESIAN_POINT('',(0.48,0.75,-1.07190397479029));
#3114=CARTESIAN_POINT('',(0.48,0.5,-0.4));
#3115=CARTESIAN_POINT('Origin',(0.965,0.5,-0.4));
#3116=CARTESIAN_POINT('',(0.965,0.75,-0.4));
#3117=CARTESIAN_POINT('',(0.965,0.75,-0.4));
#3118=CARTESIAN_POINT('',(0.965,0.5,-0.4));
#3119=CARTESIAN_POINT('Origin',(0.965,0.5,-0.315));
#3120=CARTESIAN_POINT('Origin',(0.965,0.75,-0.315));
#3121=CARTESIAN_POINT('Origin',(0.765,0.75,-0.201159868967502));
#3122=CARTESIAN_POINT('Origin',(0.765,-0.25,-0.201159868967502));
#3123=CARTESIAN_POINT('',(0.965,-0.25,-0.4));
#3124=CARTESIAN_POINT('',(1.05,-0.25,-0.315));
#3125=CARTESIAN_POINT('Origin',(0.965,-0.25,-0.315));
#3126=CARTESIAN_POINT('',(0.48,-0.25,-0.4));
#3127=CARTESIAN_POINT('',(0.965,-0.25,-0.4));
#3128=CARTESIAN_POINT('',(0.48,-0.25,-0.28));
#3129=CARTESIAN_POINT('',(0.48,-0.25,-1.07190397479029));
#3130=CARTESIAN_POINT('',(0.905,-0.25,-0.28));
#3131=CARTESIAN_POINT('',(0.905,-0.25,-0.28));
#3132=CARTESIAN_POINT('',(0.93,-0.25,-0.255));
#3133=CARTESIAN_POINT('Origin',(0.905,-0.25,-0.255));
#3134=CARTESIAN_POINT('',(0.93,-0.25,-0.00231973793500442));
#3135=CARTESIAN_POINT('',(0.93,-0.25,-0.255));
#3136=CARTESIAN_POINT('',(1.05,-0.25,-0.00231973793500442));
#3137=CARTESIAN_POINT('',(1.11079207297594,-0.25,-0.00231973793500439));
#3138=CARTESIAN_POINT('',(1.05,-0.25,-0.315));
#3139=CARTESIAN_POINT('Origin',(1.05,-0.5,-0.00231973793500442));
#3140=CARTESIAN_POINT('',(1.05,-0.75,-0.315));
#3141=CARTESIAN_POINT('',(1.05,-0.5,-0.315));
#3142=CARTESIAN_POINT('',(1.05,-0.75,-0.00231973793500442));
#3143=CARTESIAN_POINT('',(1.05,-0.5,-0.00231973793500442));
#3144=CARTESIAN_POINT('',(1.05,-0.75,-0.315));
#3145=CARTESIAN_POINT('Origin',(0.93,-0.5,-0.00231973793500439));
#3146=CARTESIAN_POINT('',(0.93,-0.75,-0.00231973793500442));
#3147=CARTESIAN_POINT('',(0.93,-0.5,-0.00231973793500439));
#3148=CARTESIAN_POINT('',(1.11079207297594,-0.75,-0.00231973793500439));
#3149=CARTESIAN_POINT('Origin',(0.93,-0.5,-0.255));
#3150=CARTESIAN_POINT('',(0.93,-0.75,-0.255));
#3151=CARTESIAN_POINT('',(0.93,-0.5,-0.255));
#3152=CARTESIAN_POINT('',(0.93,-0.75,-0.255));
#3153=CARTESIAN_POINT('Origin',(0.905,-0.5,-0.255));
#3154=CARTESIAN_POINT('',(0.905,-0.75,-0.28));
#3155=CARTESIAN_POINT('',(0.905,-0.5,-0.28));
#3156=CARTESIAN_POINT('Origin',(0.905,-0.75,-0.255));
#3157=CARTESIAN_POINT('Origin',(0.48,-0.5,-0.28));
#3158=CARTESIAN_POINT('',(0.48,-0.75,-0.28));
#3159=CARTESIAN_POINT('',(0.48,-0.5,-0.28));
#3160=CARTESIAN_POINT('',(0.905,-0.75,-0.28));
#3161=CARTESIAN_POINT('Origin',(0.48,-0.5,-0.4));
#3162=CARTESIAN_POINT('',(0.48,-0.75,-0.4));
#3163=CARTESIAN_POINT('',(0.48,-0.5,-0.4));
#3164=CARTESIAN_POINT('',(0.48,-0.75,-1.07190397479029));
#3165=CARTESIAN_POINT('Origin',(0.965,-0.5,-0.4));
#3166=CARTESIAN_POINT('',(0.965,-0.75,-0.4));
#3167=CARTESIAN_POINT('',(0.965,-0.5,-0.4));
#3168=CARTESIAN_POINT('',(0.965,-0.75,-0.4));
#3169=CARTESIAN_POINT('Origin',(0.965,-0.5,-0.315));
#3170=CARTESIAN_POINT('Origin',(0.965,-0.75,-0.315));
#3171=CARTESIAN_POINT('Origin',(0.765,-0.75,-0.201159868967502));
#3172=CARTESIAN_POINT('Origin',(-0.765,0.25,-0.201159868967502));
#3173=CARTESIAN_POINT('',(-0.965,0.25,-0.4));
#3174=CARTESIAN_POINT('',(-1.05,0.25,-0.315));
#3175=CARTESIAN_POINT('Origin',(-0.965,0.25,-0.315));
#3176=CARTESIAN_POINT('',(-0.48,0.25,-0.4));
#3177=CARTESIAN_POINT('',(-0.965,0.25,-0.4));
#3178=CARTESIAN_POINT('',(-0.48,0.25,-0.28));
#3179=CARTESIAN_POINT('',(-0.48,0.25,-1.07190397479029));
#3180=CARTESIAN_POINT('',(-0.905,0.25,-0.28));
#3181=CARTESIAN_POINT('',(-0.905,0.25,-0.28));
#3182=CARTESIAN_POINT('',(-0.93,0.25,-0.255));
#3183=CARTESIAN_POINT('Origin',(-0.905,0.25,-0.255));
#3184=CARTESIAN_POINT('',(-0.93,0.25,-0.00231973793500442));
#3185=CARTESIAN_POINT('',(-0.93,0.25,-0.255));
#3186=CARTESIAN_POINT('',(-1.05,0.25,-0.00231973793500442));
#3187=CARTESIAN_POINT('',(-1.11079207297594,0.25,-0.00231973793500439));
#3188=CARTESIAN_POINT('',(-1.05,0.25,-0.315));
#3189=CARTESIAN_POINT('Origin',(-1.05,0.5,-0.00231973793500442));
#3190=CARTESIAN_POINT('',(-1.05,0.75,-0.315));
#3191=CARTESIAN_POINT('',(-1.05,0.5,-0.315));
#3192=CARTESIAN_POINT('',(-1.05,0.75,-0.00231973793500442));
#3193=CARTESIAN_POINT('',(-1.05,0.5,-0.00231973793500442));
#3194=CARTESIAN_POINT('',(-1.05,0.75,-0.315));
#3195=CARTESIAN_POINT('Origin',(-0.93,0.5,-0.00231973793500439));
#3196=CARTESIAN_POINT('',(-0.93,0.75,-0.00231973793500442));
#3197=CARTESIAN_POINT('',(-0.93,0.5,-0.00231973793500439));
#3198=CARTESIAN_POINT('',(-1.11079207297594,0.75,-0.00231973793500439));
#3199=CARTESIAN_POINT('Origin',(-0.93,0.5,-0.255));
#3200=CARTESIAN_POINT('',(-0.93,0.75,-0.255));
#3201=CARTESIAN_POINT('',(-0.93,0.5,-0.255));
#3202=CARTESIAN_POINT('',(-0.93,0.75,-0.255));
#3203=CARTESIAN_POINT('Origin',(-0.905,0.5,-0.255));
#3204=CARTESIAN_POINT('',(-0.905,0.75,-0.28));
#3205=CARTESIAN_POINT('',(-0.905,0.5,-0.28));
#3206=CARTESIAN_POINT('Origin',(-0.905,0.75,-0.255));
#3207=CARTESIAN_POINT('Origin',(-0.48,0.5,-0.28));
#3208=CARTESIAN_POINT('',(-0.48,0.75,-0.28));
#3209=CARTESIAN_POINT('',(-0.48,0.5,-0.28));
#3210=CARTESIAN_POINT('',(-0.905,0.75,-0.28));
#3211=CARTESIAN_POINT('Origin',(-0.48,0.5,-0.4));
#3212=CARTESIAN_POINT('',(-0.48,0.75,-0.4));
#3213=CARTESIAN_POINT('',(-0.48,0.5,-0.4));
#3214=CARTESIAN_POINT('',(-0.48,0.75,-1.07190397479029));
#3215=CARTESIAN_POINT('Origin',(-0.965,0.5,-0.4));
#3216=CARTESIAN_POINT('',(-0.965,0.75,-0.4));
#3217=CARTESIAN_POINT('',(-0.965,0.5,-0.4));
#3218=CARTESIAN_POINT('',(-0.965,0.75,-0.4));
#3219=CARTESIAN_POINT('Origin',(-0.965,0.5,-0.315));
#3220=CARTESIAN_POINT('Origin',(-0.965,0.75,-0.315));
#3221=CARTESIAN_POINT('Origin',(-0.765,0.75,-0.201159868967502));
#3222=CARTESIAN_POINT('Origin',(-0.765,-0.25,-0.201159868967502));
#3223=CARTESIAN_POINT('',(-0.965,-0.25,-0.4));
#3224=CARTESIAN_POINT('',(-1.05,-0.25,-0.315));
#3225=CARTESIAN_POINT('Origin',(-0.965,-0.25,-0.315));
#3226=CARTESIAN_POINT('',(-1.05,-0.25,-0.00231973793500442));
#3227=CARTESIAN_POINT('',(-1.05,-0.25,-0.315));
#3228=CARTESIAN_POINT('',(-0.93,-0.25,-0.00231973793500442));
#3229=CARTESIAN_POINT('',(-1.11079207297594,-0.25,-0.00231973793500439));
#3230=CARTESIAN_POINT('',(-0.93,-0.25,-0.255));
#3231=CARTESIAN_POINT('',(-0.93,-0.25,-0.255));
#3232=CARTESIAN_POINT('',(-0.905,-0.25,-0.28));
#3233=CARTESIAN_POINT('Origin',(-0.905,-0.25,-0.255));
#3234=CARTESIAN_POINT('',(-0.48,-0.25,-0.28));
#3235=CARTESIAN_POINT('',(-0.905,-0.25,-0.28));
#3236=CARTESIAN_POINT('',(-0.48,-0.25,-0.4));
#3237=CARTESIAN_POINT('',(-0.48,-0.25,-1.07190397479029));
#3238=CARTESIAN_POINT('',(-0.965,-0.25,-0.4));
#3239=CARTESIAN_POINT('Origin',(-1.05,-0.5,-0.00231973793500442));
#3240=CARTESIAN_POINT('',(-1.05,-0.75,-0.315));
#3241=CARTESIAN_POINT('',(-1.05,-0.5,-0.315));
#3242=CARTESIAN_POINT('',(-1.05,-0.75,-0.00231973793500442));
#3243=CARTESIAN_POINT('',(-1.05,-0.75,-0.315));
#3244=CARTESIAN_POINT('',(-1.05,-0.5,-0.00231973793500442));
#3245=CARTESIAN_POINT('Origin',(-0.93,-0.5,-0.00231973793500439));
#3246=CARTESIAN_POINT('',(-0.93,-0.75,-0.00231973793500442));
#3247=CARTESIAN_POINT('',(-1.11079207297594,-0.75,-0.00231973793500439));
#3248=CARTESIAN_POINT('',(-0.93,-0.5,-0.00231973793500439));
#3249=CARTESIAN_POINT('Origin',(-0.93,-0.5,-0.255));
#3250=CARTESIAN_POINT('',(-0.93,-0.75,-0.255));
#3251=CARTESIAN_POINT('',(-0.93,-0.75,-0.255));
#3252=CARTESIAN_POINT('',(-0.93,-0.5,-0.255));
#3253=CARTESIAN_POINT('Origin',(-0.905,-0.5,-0.255));
#3254=CARTESIAN_POINT('',(-0.905,-0.75,-0.28));
#3255=CARTESIAN_POINT('Origin',(-0.905,-0.75,-0.255));
#3256=CARTESIAN_POINT('',(-0.905,-0.5,-0.28));
#3257=CARTESIAN_POINT('Origin',(-0.48,-0.5,-0.28));
#3258=CARTESIAN_POINT('',(-0.48,-0.75,-0.28));
#3259=CARTESIAN_POINT('',(-0.905,-0.75,-0.28));
#3260=CARTESIAN_POINT('',(-0.48,-0.5,-0.28));
#3261=CARTESIAN_POINT('Origin',(-0.48,-0.5,-0.4));
#3262=CARTESIAN_POINT('',(-0.48,-0.75,-0.4));
#3263=CARTESIAN_POINT('',(-0.48,-0.75,-1.07190397479029));
#3264=CARTESIAN_POINT('',(-0.48,-0.5,-0.4));
#3265=CARTESIAN_POINT('Origin',(-0.965,-0.5,-0.4));
#3266=CARTESIAN_POINT('',(-0.965,-0.75,-0.4));
#3267=CARTESIAN_POINT('',(-0.965,-0.75,-0.4));
#3268=CARTESIAN_POINT('',(-0.965,-0.5,-0.4));
#3269=CARTESIAN_POINT('Origin',(-0.965,-0.5,-0.315));
#3270=CARTESIAN_POINT('Origin',(-0.965,-0.75,-0.315));
#3271=CARTESIAN_POINT('Origin',(-0.765,-0.75,-0.201159868967502));
#3272=UNCERTAINTY_MEASURE_WITH_UNIT(LENGTH_MEASURE(0.01),#3276,
'DISTANCE_ACCURACY_VALUE',
'Maximum model space distance between geometric entities at asserted c
onnectivities');
#3273=UNCERTAINTY_MEASURE_WITH_UNIT(LENGTH_MEASURE(0.01),#3276,
'DISTANCE_ACCURACY_VALUE',
'Maximum model space distance between geometric entities at asserted c
onnectivities');
#3274=(
GEOMETRIC_REPRESENTATION_CONTEXT(3)
GLOBAL_UNCERTAINTY_ASSIGNED_CONTEXT((#3272))
GLOBAL_UNIT_ASSIGNED_CONTEXT((#3276,#3278,#3279))
REPRESENTATION_CONTEXT('','3D')
);
#3275=(
GEOMETRIC_REPRESENTATION_CONTEXT(3)
GLOBAL_UNCERTAINTY_ASSIGNED_CONTEXT((#3273))
GLOBAL_UNIT_ASSIGNED_CONTEXT((#3276,#3278,#3279))
REPRESENTATION_CONTEXT('','3D')
);
#3276=(
LENGTH_UNIT()
NAMED_UNIT(*)
SI_UNIT(.MILLI.,.METRE.)
);
#3277=(
LENGTH_UNIT()
NAMED_UNIT(*)
SI_UNIT($,.METRE.)
);
#3278=(
NAMED_UNIT(*)
PLANE_ANGLE_UNIT()
SI_UNIT($,.RADIAN.)
);
#3279=(
NAMED_UNIT(*)
SI_UNIT($,.STERADIAN.)
SOLID_ANGLE_UNIT()
);
#3280=SHAPE_DEFINITION_REPRESENTATION(#3281,#3282);
#3281=PRODUCT_DEFINITION_SHAPE('',$,#3284);
#3282=SHAPE_REPRESENTATION('',(#2004),#3274);
#3283=PRODUCT_DEFINITION_CONTEXT('part definition',#3288,'design');
#3284=PRODUCT_DEFINITION('XL-2121RGBC-WS2812B','XL-2121RGBC-WS2812B v4',
#3285,#3283);
#3285=PRODUCT_DEFINITION_FORMATION('',$,#3290);
#3286=PRODUCT_RELATED_PRODUCT_CATEGORY('XL-2121RGBC-WS2812B v4',
'XL-2121RGBC-WS2812B v4',(#3290));
#3287=APPLICATION_PROTOCOL_DEFINITION('international standard',
'automotive_design',2009,#3288);
#3288=APPLICATION_CONTEXT(
'Core Data for Automotive Mechanical Design Process');
#3289=PRODUCT_CONTEXT('part definition',#3288,'mechanical');
#3290=PRODUCT('XL-2121RGBC-WS2812B','XL-2121RGBC-WS2812B v4',$,(#3289));
#3291=PRESENTATION_STYLE_ASSIGNMENT((#3295));
#3292=PRESENTATION_STYLE_ASSIGNMENT((#3296));
#3293=PRESENTATION_STYLE_ASSIGNMENT((#3297));
#3294=PRESENTATION_STYLE_ASSIGNMENT((#3298));
#3295=SURFACE_STYLE_USAGE(.BOTH.,#3299);
#3296=SURFACE_STYLE_USAGE(.BOTH.,#3300);
#3297=SURFACE_STYLE_USAGE(.BOTH.,#3301);
#3298=SURFACE_STYLE_USAGE(.BOTH.,#3302);
#3299=SURFACE_SIDE_STYLE('',(#3303));
#3300=SURFACE_SIDE_STYLE('',(#3304));
#3301=SURFACE_SIDE_STYLE('',(#3305));
#3302=SURFACE_SIDE_STYLE('',(#3306));
#3303=SURFACE_STYLE_FILL_AREA(#3307);
#3304=SURFACE_STYLE_FILL_AREA(#3308);
#3305=SURFACE_STYLE_FILL_AREA(#3309);
#3306=SURFACE_STYLE_FILL_AREA(#3310);
#3307=FILL_AREA_STYLE('Steel - Satin',(#3311));
#3308=FILL_AREA_STYLE('Opaque(255,255,255)',(#3312));
#3309=FILL_AREA_STYLE('Acrylic (Clear) (1)',(#3313));
#3310=FILL_AREA_STYLE('Nickel - Polished',(#3314));
#3311=FILL_AREA_STYLE_COLOUR('Steel - Satin',#3315);
#3312=FILL_AREA_STYLE_COLOUR('Opaque(255,255,255)',#3316);
#3313=FILL_AREA_STYLE_COLOUR('Acrylic (Clear) (1)',#3317);
#3314=FILL_AREA_STYLE_COLOUR('Nickel - Polished',#3318);
#3315=COLOUR_RGB('Steel - Satin',0.627450980392157,0.627450980392157,0.627450980392157);
#3316=COLOUR_RGB('Opaque(255,255,255)',1.,1.,1.);
#3317=COLOUR_RGB('Acrylic (Clear) (1)',0.988235294117647,0.984313725490196,
0.976470588235294);
#3318=COLOUR_RGB('Nickel - Polished',0.819607843137255,0.8,0.752941176470588);
ENDSEC;
END-ISO-10303-21;
